연도,주차,주차시작일,주차종료일,질병명,환자수,레벨백분위,비교주차수,유행수준
2015,1,2014-12-28,2015-01-03,리노바이러스,156.0,,,
2015,1,2014-12-28,2015-01-03,마이코플라즈마균,161.0,,,
2015,1,2014-12-28,2015-01-03,사람메타뉴모바이러스,8.0,,,
2015,1,2014-12-28,2015-01-03,사람보카바이러스,17.0,,,
2015,1,2014-12-28,2015-01-03,사람코로나바이러스,153.0,,,
2015,1,2014-12-28,2015-01-03,아데노바이러스,70.0,,,
2015,1,2014-12-28,2015-01-03,인플루엔자바이러스,49.0,,,
2015,1,2014-12-28,2015-01-03,코로나19,,,,
2015,1,2014-12-28,2015-01-03,클라미디아균,7.0,,,
2015,1,2014-12-28,2015-01-03,파라인플루엔자바이러스,16.0,,,
2015,1,2014-12-28,2015-01-03,호흡기세포융합바이러스,577.0,,,
2015,2,2015-01-04,2015-01-10,리노바이러스,136.0,,,
2015,2,2015-01-04,2015-01-10,마이코플라즈마균,149.0,,,
2015,2,2015-01-04,2015-01-10,사람메타뉴모바이러스,14.0,,,
2015,2,2015-01-04,2015-01-10,사람보카바이러스,13.0,,,
2015,2,2015-01-04,2015-01-10,사람코로나바이러스,70.0,,,
2015,2,2015-01-04,2015-01-10,아데노바이러스,90.0,,,
2015,2,2015-01-04,2015-01-10,인플루엔자바이러스,102.0,,,
2015,2,2015-01-04,2015-01-10,코로나19,,,,
2015,2,2015-01-04,2015-01-10,클라미디아균,13.0,,,
2015,2,2015-01-04,2015-01-10,파라인플루엔자바이러스,8.0,,,
2015,2,2015-01-04,2015-01-10,호흡기세포융합바이러스,519.0,,,
2015,3,2015-01-11,2015-01-17,리노바이러스,130.0,,,
2015,3,2015-01-11,2015-01-17,마이코플라즈마균,141.0,,,
2015,3,2015-01-11,2015-01-17,사람메타뉴모바이러스,17.0,,,
2015,3,2015-01-11,2015-01-17,사람보카바이러스,9.0,,,
2015,3,2015-01-11,2015-01-17,사람코로나바이러스,53.0,,,
2015,3,2015-01-11,2015-01-17,아데노바이러스,70.0,,,
2015,3,2015-01-11,2015-01-17,인플루엔자바이러스,306.0,,,
2015,3,2015-01-11,2015-01-17,코로나19,,,,
2015,3,2015-01-11,2015-01-17,클라미디아균,7.0,,,
2015,3,2015-01-11,2015-01-17,파라인플루엔자바이러스,19.0,,,
2015,3,2015-01-11,2015-01-17,호흡기세포융합바이러스,387.0,,,
2015,4,2015-01-18,2015-01-24,리노바이러스,164.0,,,
2015,4,2015-01-18,2015-01-24,마이코플라즈마균,128.0,,,
2015,4,2015-01-18,2015-01-24,사람메타뉴모바이러스,43.0,,,
2015,4,2015-01-18,2015-01-24,사람보카바이러스,11.0,,,
2015,4,2015-01-18,2015-01-24,사람코로나바이러스,43.0,,,
2015,4,2015-01-18,2015-01-24,아데노바이러스,78.0,,,
2015,4,2015-01-18,2015-01-24,인플루엔자바이러스,248.0,,,
2015,4,2015-01-18,2015-01-24,코로나19,,,,
2015,4,2015-01-18,2015-01-24,클라미디아균,15.0,,,
2015,4,2015-01-18,2015-01-24,파라인플루엔자바이러스,14.0,,,
2015,4,2015-01-18,2015-01-24,호흡기세포융합바이러스,281.0,,,
2015,5,2015-01-25,2015-01-31,리노바이러스,170.0,,,
2015,5,2015-01-25,2015-01-31,마이코플라즈마균,145.0,,,
2015,5,2015-01-25,2015-01-31,사람메타뉴모바이러스,19.0,,,
2015,5,2015-01-25,2015-01-31,사람보카바이러스,9.0,,,
2015,5,2015-01-25,2015-01-31,사람코로나바이러스,43.0,,,
2015,5,2015-01-25,2015-01-31,아데노바이러스,56.0,,,
2015,5,2015-01-25,2015-01-31,인플루엔자바이러스,232.0,,,
2015,5,2015-01-25,2015-01-31,코로나19,,,,
2015,5,2015-01-25,2015-01-31,클라미디아균,10.0,,,
2015,5,2015-01-25,2015-01-31,파라인플루엔자바이러스,19.0,,,
2015,5,2015-01-25,2015-01-31,호흡기세포융합바이러스,299.0,,,
2015,6,2015-02-01,2015-02-07,리노바이러스,189.0,,,
2015,6,2015-02-01,2015-02-07,마이코플라즈마균,161.0,,,
2015,6,2015-02-01,2015-02-07,사람메타뉴모바이러스,22.0,,,
2015,6,2015-02-01,2015-02-07,사람보카바이러스,17.0,,,
2015,6,2015-02-01,2015-02-07,사람코로나바이러스,37.0,,,
2015,6,2015-02-01,2015-02-07,아데노바이러스,60.0,,,
2015,6,2015-02-01,2015-02-07,인플루엔자바이러스,325.0,,,
2015,6,2015-02-01,2015-02-07,코로나19,,,,
2015,6,2015-02-01,2015-02-07,클라미디아균,10.0,,,
2015,6,2015-02-01,2015-02-07,파라인플루엔자바이러스,18.0,,,
2015,6,2015-02-01,2015-02-07,호흡기세포융합바이러스,213.0,,,
2015,7,2015-02-08,2015-02-14,리노바이러스,199.0,,,
2015,7,2015-02-08,2015-02-14,마이코플라즈마균,183.0,,,
2015,7,2015-02-08,2015-02-14,사람메타뉴모바이러스,28.0,,,
2015,7,2015-02-08,2015-02-14,사람보카바이러스,15.0,,,
2015,7,2015-02-08,2015-02-14,사람코로나바이러스,35.0,,,
2015,7,2015-02-08,2015-02-14,아데노바이러스,70.0,,,
2015,7,2015-02-08,2015-02-14,인플루엔자바이러스,468.0,,,
2015,7,2015-02-08,2015-02-14,코로나19,,,,
2015,7,2015-02-08,2015-02-14,클라미디아균,11.0,,,
2015,7,2015-02-08,2015-02-14,파라인플루엔자바이러스,28.0,,,
2015,7,2015-02-08,2015-02-14,호흡기세포융합바이러스,218.0,,,
2015,8,2015-02-15,2015-02-21,리노바이러스,113.0,,,
2015,8,2015-02-15,2015-02-21,마이코플라즈마균,122.0,,,
2015,8,2015-02-15,2015-02-21,사람메타뉴모바이러스,16.0,,,
2015,8,2015-02-15,2015-02-21,사람보카바이러스,16.0,,,
2015,8,2015-02-15,2015-02-21,사람코로나바이러스,11.0,,,
2015,8,2015-02-15,2015-02-21,아데노바이러스,38.0,,,
2015,8,2015-02-15,2015-02-21,인플루엔자바이러스,349.0,,,
2015,8,2015-02-15,2015-02-21,코로나19,,,,
2015,8,2015-02-15,2015-02-21,클라미디아균,3.0,,,
2015,8,2015-02-15,2015-02-21,파라인플루엔자바이러스,27.0,,,
2015,8,2015-02-15,2015-02-21,호흡기세포융합바이러스,106.0,,,
2015,9,2015-02-22,2015-02-28,리노바이러스,199.0,,,
2015,9,2015-02-22,2015-02-28,마이코플라즈마균,195.0,,,
2015,9,2015-02-22,2015-02-28,사람메타뉴모바이러스,39.0,,,
2015,9,2015-02-22,2015-02-28,사람보카바이러스,27.0,,,
2015,9,2015-02-22,2015-02-28,사람코로나바이러스,19.0,,,
2015,9,2015-02-22,2015-02-28,아데노바이러스,70.0,,,
2015,9,2015-02-22,2015-02-28,인플루엔자바이러스,566.0,,,
2015,9,2015-02-22,2015-02-28,코로나19,,,,
2015,9,2015-02-22,2015-02-28,클라미디아균,10.0,,,
2015,9,2015-02-22,2015-02-28,파라인플루엔자바이러스,23.0,,,
2015,9,2015-02-22,2015-02-28,호흡기세포융합바이러스,195.0,,,
2015,10,2015-03-01,2015-03-07,리노바이러스,141.0,,,
2015,10,2015-03-01,2015-03-07,마이코플라즈마균,132.0,,,
2015,10,2015-03-01,2015-03-07,사람메타뉴모바이러스,31.0,,,
2015,10,2015-03-01,2015-03-07,사람보카바이러스,22.0,,,
2015,10,2015-03-01,2015-03-07,사람코로나바이러스,26.0,,,
2015,10,2015-03-01,2015-03-07,아데노바이러스,59.0,,,
2015,10,2015-03-01,2015-03-07,인플루엔자바이러스,416.0,,,
2015,10,2015-03-01,2015-03-07,코로나19,,,,
2015,10,2015-03-01,2015-03-07,클라미디아균,7.0,,,
2015,10,2015-03-01,2015-03-07,파라인플루엔자바이러스,10.0,,,
2015,10,2015-03-01,2015-03-07,호흡기세포융합바이러스,123.0,,,
2015,11,2015-03-08,2015-03-14,리노바이러스,199.0,,,
2015,11,2015-03-08,2015-03-14,마이코플라즈마균,97.0,,,
2015,11,2015-03-08,2015-03-14,사람메타뉴모바이러스,46.0,,,
2015,11,2015-03-08,2015-03-14,사람보카바이러스,33.0,,,
2015,11,2015-03-08,2015-03-14,사람코로나바이러스,17.0,,,
2015,11,2015-03-08,2015-03-14,아데노바이러스,78.0,,,
2015,11,2015-03-08,2015-03-14,인플루엔자바이러스,406.0,,,
2015,11,2015-03-08,2015-03-14,코로나19,,,,
2015,11,2015-03-08,2015-03-14,클라미디아균,11.0,,,
2015,11,2015-03-08,2015-03-14,파라인플루엔자바이러스,11.0,,,
2015,11,2015-03-08,2015-03-14,호흡기세포융합바이러스,92.0,,,
2015,12,2015-03-15,2015-03-21,리노바이러스,260.0,,,
2015,12,2015-03-15,2015-03-21,마이코플라즈마균,135.0,,,
2015,12,2015-03-15,2015-03-21,사람메타뉴모바이러스,61.0,,,
2015,12,2015-03-15,2015-03-21,사람보카바이러스,34.0,,,
2015,12,2015-03-15,2015-03-21,사람코로나바이러스,7.0,,,
2015,12,2015-03-15,2015-03-21,아데노바이러스,80.0,,,
2015,12,2015-03-15,2015-03-21,인플루엔자바이러스,488.0,,,
2015,12,2015-03-15,2015-03-21,코로나19,,,,
2015,12,2015-03-15,2015-03-21,클라미디아균,3.0,,,
2015,12,2015-03-15,2015-03-21,파라인플루엔자바이러스,22.0,,,
2015,12,2015-03-15,2015-03-21,호흡기세포융합바이러스,71.0,,,
2015,13,2015-03-22,2015-03-28,리노바이러스,330.0,,,
2015,13,2015-03-22,2015-03-28,마이코플라즈마균,154.0,,,
2015,13,2015-03-22,2015-03-28,사람메타뉴모바이러스,96.0,,,
2015,13,2015-03-22,2015-03-28,사람보카바이러스,41.0,,,
2015,13,2015-03-22,2015-03-28,사람코로나바이러스,19.0,,,
2015,13,2015-03-22,2015-03-28,아데노바이러스,98.0,,,
2015,13,2015-03-22,2015-03-28,인플루엔자바이러스,372.0,,,
2015,13,2015-03-22,2015-03-28,코로나19,,,,
2015,13,2015-03-22,2015-03-28,클라미디아균,10.0,,,
2015,13,2015-03-22,2015-03-28,파라인플루엔자바이러스,29.0,,,
2015,13,2015-03-22,2015-03-28,호흡기세포융합바이러스,70.0,,,
2015,14,2015-03-29,2015-04-04,리노바이러스,331.0,,,
2015,14,2015-03-29,2015-04-04,마이코플라즈마균,150.0,,,
2015,14,2015-03-29,2015-04-04,사람메타뉴모바이러스,125.0,,,
2015,14,2015-03-29,2015-04-04,사람보카바이러스,57.0,,,
2015,14,2015-03-29,2015-04-04,사람코로나바이러스,20.0,,,
2015,14,2015-03-29,2015-04-04,아데노바이러스,102.0,,,
2015,14,2015-03-29,2015-04-04,인플루엔자바이러스,413.0,,,
2015,14,2015-03-29,2015-04-04,코로나19,,,,
2015,14,2015-03-29,2015-04-04,클라미디아균,11.0,,,
2015,14,2015-03-29,2015-04-04,파라인플루엔자바이러스,50.0,,,
2015,14,2015-03-29,2015-04-04,호흡기세포융합바이러스,70.0,,,
2015,15,2015-04-05,2015-04-11,리노바이러스,359.0,,,
2015,15,2015-04-05,2015-04-11,마이코플라즈마균,138.0,,,
2015,15,2015-04-05,2015-04-11,사람메타뉴모바이러스,174.0,,,
2015,15,2015-04-05,2015-04-11,사람보카바이러스,104.0,,,
2015,15,2015-04-05,2015-04-11,사람코로나바이러스,22.0,,,
2015,15,2015-04-05,2015-04-11,아데노바이러스,131.0,,,
2015,15,2015-04-05,2015-04-11,인플루엔자바이러스,246.0,,,
2015,15,2015-04-05,2015-04-11,코로나19,,,,
2015,15,2015-04-05,2015-04-11,클라미디아균,12.0,,,
2015,15,2015-04-05,2015-04-11,파라인플루엔자바이러스,74.0,,,
2015,15,2015-04-05,2015-04-11,호흡기세포융합바이러스,59.0,,,
2015,16,2015-04-12,2015-04-18,리노바이러스,364.0,,,
2015,16,2015-04-12,2015-04-18,마이코플라즈마균,125.0,,,
2015,16,2015-04-12,2015-04-18,사람메타뉴모바이러스,201.0,,,
2015,16,2015-04-12,2015-04-18,사람보카바이러스,130.0,,,
2015,16,2015-04-12,2015-04-18,사람코로나바이러스,17.0,,,
2015,16,2015-04-12,2015-04-18,아데노바이러스,134.0,,,
2015,16,2015-04-12,2015-04-18,인플루엔자바이러스,172.0,,,
2015,16,2015-04-12,2015-04-18,코로나19,,,,
2015,16,2015-04-12,2015-04-18,클라미디아균,10.0,,,
2015,16,2015-04-12,2015-04-18,파라인플루엔자바이러스,89.0,,,
2015,16,2015-04-12,2015-04-18,호흡기세포융합바이러스,54.0,,,
2015,17,2015-04-19,2015-04-25,리노바이러스,420.0,,,
2015,17,2015-04-19,2015-04-25,마이코플라즈마균,158.0,,,
2015,17,2015-04-19,2015-04-25,사람메타뉴모바이러스,222.0,,,
2015,17,2015-04-19,2015-04-25,사람보카바이러스,119.0,,,
2015,17,2015-04-19,2015-04-25,사람코로나바이러스,17.0,,,
2015,17,2015-04-19,2015-04-25,아데노바이러스,175.0,,,
2015,17,2015-04-19,2015-04-25,인플루엔자바이러스,126.0,,,
2015,17,2015-04-19,2015-04-25,코로나19,,,,
2015,17,2015-04-19,2015-04-25,클라미디아균,4.0,,,
2015,17,2015-04-19,2015-04-25,파라인플루엔자바이러스,130.0,,,
2015,17,2015-04-19,2015-04-25,호흡기세포융합바이러스,29.0,,,
2015,18,2015-04-26,2015-05-02,리노바이러스,339.0,,,
2015,18,2015-04-26,2015-05-02,마이코플라즈마균,140.0,,,
2015,18,2015-04-26,2015-05-02,사람메타뉴모바이러스,242.0,,,
2015,18,2015-04-26,2015-05-02,사람보카바이러스,142.0,,,
2015,18,2015-04-26,2015-05-02,사람코로나바이러스,19.0,,,
2015,18,2015-04-26,2015-05-02,아데노바이러스,111.0,,,
2015,18,2015-04-26,2015-05-02,인플루엔자바이러스,71.0,,,
2015,18,2015-04-26,2015-05-02,코로나19,,,,
2015,18,2015-04-26,2015-05-02,클라미디아균,11.0,,,
2015,18,2015-04-26,2015-05-02,파라인플루엔자바이러스,163.0,,,
2015,18,2015-04-26,2015-05-02,호흡기세포융합바이러스,34.0,,,
2015,19,2015-05-03,2015-05-09,리노바이러스,404.0,,,
2015,19,2015-05-03,2015-05-09,마이코플라즈마균,152.0,,,
2015,19,2015-05-03,2015-05-09,사람메타뉴모바이러스,290.0,,,
2015,19,2015-05-03,2015-05-09,사람보카바이러스,223.0,,,
2015,19,2015-05-03,2015-05-09,사람코로나바이러스,15.0,,,
2015,19,2015-05-03,2015-05-09,아데노바이러스,173.0,,,
2015,19,2015-05-03,2015-05-09,인플루엔자바이러스,58.0,,,
2015,19,2015-05-03,2015-05-09,코로나19,,,,
2015,19,2015-05-03,2015-05-09,클라미디아균,6.0,,,
2015,19,2015-05-03,2015-05-09,파라인플루엔자바이러스,255.0,,,
2015,19,2015-05-03,2015-05-09,호흡기세포융합바이러스,16.0,,,
2015,20,2015-05-10,2015-05-16,리노바이러스,363.0,,,
2015,20,2015-05-10,2015-05-16,마이코플라즈마균,150.0,,,
2015,20,2015-05-10,2015-05-16,사람메타뉴모바이러스,251.0,,,
2015,20,2015-05-10,2015-05-16,사람보카바이러스,206.0,,,
2015,20,2015-05-10,2015-05-16,사람코로나바이러스,16.0,,,
2015,20,2015-05-10,2015-05-16,아데노바이러스,148.0,,,
2015,20,2015-05-10,2015-05-16,인플루엔자바이러스,33.0,,,
2015,20,2015-05-10,2015-05-16,코로나19,,,,
2015,20,2015-05-10,2015-05-16,클라미디아균,25.0,,,
2015,20,2015-05-10,2015-05-16,파라인플루엔자바이러스,298.0,,,
2015,20,2015-05-10,2015-05-16,호흡기세포융합바이러스,17.0,,,
2015,21,2015-05-17,2015-05-23,리노바이러스,392.0,,,
2015,21,2015-05-17,2015-05-23,마이코플라즈마균,157.0,,,
2015,21,2015-05-17,2015-05-23,사람메타뉴모바이러스,277.0,,,
2015,21,2015-05-17,2015-05-23,사람보카바이러스,238.0,,,
2015,21,2015-05-17,2015-05-23,사람코로나바이러스,9.0,,,
2015,21,2015-05-17,2015-05-23,아데노바이러스,155.0,,,
2015,21,2015-05-17,2015-05-23,인플루엔자바이러스,21.0,,,
2015,21,2015-05-17,2015-05-23,코로나19,,,,
2015,21,2015-05-17,2015-05-23,클라미디아균,25.0,,,
2015,21,2015-05-17,2015-05-23,파라인플루엔자바이러스,345.0,,,
2015,21,2015-05-17,2015-05-23,호흡기세포융합바이러스,26.0,,,
2015,22,2015-05-24,2015-05-30,리노바이러스,383.0,,,
2015,22,2015-05-24,2015-05-30,마이코플라즈마균,131.0,,,
2015,22,2015-05-24,2015-05-30,사람메타뉴모바이러스,203.0,,,
2015,22,2015-05-24,2015-05-30,사람보카바이러스,217.0,,,
2015,22,2015-05-24,2015-05-30,사람코로나바이러스,9.0,,,
2015,22,2015-05-24,2015-05-30,아데노바이러스,124.0,,,
2015,22,2015-05-24,2015-05-30,인플루엔자바이러스,29.0,,,
2015,22,2015-05-24,2015-05-30,코로나19,,,,
2015,22,2015-05-24,2015-05-30,클라미디아균,25.0,,,
2015,22,2015-05-24,2015-05-30,파라인플루엔자바이러스,330.0,,,
2015,22,2015-05-24,2015-05-30,호흡기세포융합바이러스,21.0,,,
2015,23,2015-05-31,2015-06-06,리노바이러스,316.0,,,
2015,23,2015-05-31,2015-06-06,마이코플라즈마균,146.0,,,
2015,23,2015-05-31,2015-06-06,사람메타뉴모바이러스,121.0,,,
2015,23,2015-05-31,2015-06-06,사람보카바이러스,155.0,,,
2015,23,2015-05-31,2015-06-06,사람코로나바이러스,10.0,,,
2015,23,2015-05-31,2015-06-06,아데노바이러스,114.0,,,
2015,23,2015-05-31,2015-06-06,인플루엔자바이러스,13.0,,,
2015,23,2015-05-31,2015-06-06,코로나19,,,,
2015,23,2015-05-31,2015-06-06,클라미디아균,21.0,,,
2015,23,2015-05-31,2015-06-06,파라인플루엔자바이러스,229.0,,,
2015,23,2015-05-31,2015-06-06,호흡기세포융합바이러스,8.0,,,
2015,24,2015-06-07,2015-06-13,리노바이러스,265.0,,,
2015,24,2015-06-07,2015-06-13,마이코플라즈마균,138.0,,,
2015,24,2015-06-07,2015-06-13,사람메타뉴모바이러스,70.0,,,
2015,24,2015-06-07,2015-06-13,사람보카바이러스,133.0,,,
2015,24,2015-06-07,2015-06-13,사람코로나바이러스,11.0,,,
2015,24,2015-06-07,2015-06-13,아데노바이러스,94.0,,,
2015,24,2015-06-07,2015-06-13,인플루엔자바이러스,10.0,,,
2015,24,2015-06-07,2015-06-13,코로나19,,,,
2015,24,2015-06-07,2015-06-13,클라미디아균,20.0,,,
2015,24,2015-06-07,2015-06-13,파라인플루엔자바이러스,219.0,,,
2015,24,2015-06-07,2015-06-13,호흡기세포융합바이러스,18.0,,,
2015,25,2015-06-14,2015-06-20,리노바이러스,121.0,,,
2015,25,2015-06-14,2015-06-20,마이코플라즈마균,80.0,,,
2015,25,2015-06-14,2015-06-20,사람메타뉴모바이러스,38.0,,,
2015,25,2015-06-14,2015-06-20,사람보카바이러스,54.0,,,
2015,25,2015-06-14,2015-06-20,사람코로나바이러스,5.0,,,
2015,25,2015-06-14,2015-06-20,아데노바이러스,56.0,,,
2015,25,2015-06-14,2015-06-20,인플루엔자바이러스,6.0,,,
2015,25,2015-06-14,2015-06-20,코로나19,,,,
2015,25,2015-06-14,2015-06-20,클라미디아균,14.0,,,
2015,25,2015-06-14,2015-06-20,파라인플루엔자바이러스,105.0,,,
2015,25,2015-06-14,2015-06-20,호흡기세포융합바이러스,3.0,,,
2015,26,2015-06-21,2015-06-27,리노바이러스,117.0,,,
2015,26,2015-06-21,2015-06-27,마이코플라즈마균,78.0,,,
2015,26,2015-06-21,2015-06-27,사람메타뉴모바이러스,24.0,,,
2015,26,2015-06-21,2015-06-27,사람보카바이러스,51.0,,,
2015,26,2015-06-21,2015-06-27,사람코로나바이러스,5.0,,,
2015,26,2015-06-21,2015-06-27,아데노바이러스,47.0,,,
2015,26,2015-06-21,2015-06-27,인플루엔자바이러스,4.0,,,
2015,26,2015-06-21,2015-06-27,코로나19,,,,
2015,26,2015-06-21,2015-06-27,클라미디아균,14.0,,,
2015,26,2015-06-21,2015-06-27,파라인플루엔자바이러스,60.0,,,
2015,26,2015-06-21,2015-06-27,호흡기세포융합바이러스,15.0,,,
2015,27,2015-06-28,2015-07-04,리노바이러스,139.0,,,
2015,27,2015-06-28,2015-07-04,마이코플라즈마균,100.0,,,
2015,27,2015-06-28,2015-07-04,사람메타뉴모바이러스,25.0,,,
2015,27,2015-06-28,2015-07-04,사람보카바이러스,37.0,,,
2015,27,2015-06-28,2015-07-04,사람코로나바이러스,0.0,,,
2015,27,2015-06-28,2015-07-04,아데노바이러스,41.0,,,
2015,27,2015-06-28,2015-07-04,인플루엔자바이러스,7.0,,,
2015,27,2015-06-28,2015-07-04,코로나19,,,,
2015,27,2015-06-28,2015-07-04,클라미디아균,16.0,,,
2015,27,2015-06-28,2015-07-04,파라인플루엔자바이러스,57.0,,,
2015,27,2015-06-28,2015-07-04,호흡기세포융합바이러스,4.0,,,
2015,28,2015-07-05,2015-07-11,리노바이러스,199.0,,,
2015,28,2015-07-05,2015-07-11,마이코플라즈마균,71.0,,,
2015,28,2015-07-05,2015-07-11,사람메타뉴모바이러스,26.0,,,
2015,28,2015-07-05,2015-07-11,사람보카바이러스,64.0,,,
2015,28,2015-07-05,2015-07-11,사람코로나바이러스,15.0,,,
2015,28,2015-07-05,2015-07-11,아데노바이러스,67.0,,,
2015,28,2015-07-05,2015-07-11,인플루엔자바이러스,6.0,,,
2015,28,2015-07-05,2015-07-11,코로나19,,,,
2015,28,2015-07-05,2015-07-11,클라미디아균,12.0,,,
2015,28,2015-07-05,2015-07-11,파라인플루엔자바이러스,61.0,,,
2015,28,2015-07-05,2015-07-11,호흡기세포융합바이러스,4.0,,,
2015,29,2015-07-12,2015-07-18,리노바이러스,226.0,,,
2015,29,2015-07-12,2015-07-18,마이코플라즈마균,158.0,,,
2015,29,2015-07-12,2015-07-18,사람메타뉴모바이러스,20.0,,,
2015,29,2015-07-12,2015-07-18,사람보카바이러스,37.0,,,
2015,29,2015-07-12,2015-07-18,사람코로나바이러스,1.0,,,
2015,29,2015-07-12,2015-07-18,아데노바이러스,67.0,,,
2015,29,2015-07-12,2015-07-18,인플루엔자바이러스,7.0,,,
2015,29,2015-07-12,2015-07-18,코로나19,,,,
2015,29,2015-07-12,2015-07-18,클라미디아균,13.0,,,
2015,29,2015-07-12,2015-07-18,파라인플루엔자바이러스,60.0,,,
2015,29,2015-07-12,2015-07-18,호흡기세포융합바이러스,8.0,,,
2015,30,2015-07-19,2015-07-25,리노바이러스,287.0,,,
2015,30,2015-07-19,2015-07-25,마이코플라즈마균,127.0,,,
2015,30,2015-07-19,2015-07-25,사람메타뉴모바이러스,21.0,,,
2015,30,2015-07-19,2015-07-25,사람보카바이러스,32.0,,,
2015,30,2015-07-19,2015-07-25,사람코로나바이러스,7.0,,,
2015,30,2015-07-19,2015-07-25,아데노바이러스,53.0,,,
2015,30,2015-07-19,2015-07-25,인플루엔자바이러스,4.0,,,
2015,30,2015-07-19,2015-07-25,코로나19,,,,
2015,30,2015-07-19,2015-07-25,클라미디아균,9.0,,,
2015,30,2015-07-19,2015-07-25,파라인플루엔자바이러스,71.0,,,
2015,30,2015-07-19,2015-07-25,호흡기세포융합바이러스,3.0,,,
2015,31,2015-07-26,2015-08-01,리노바이러스,324.0,,,
2015,31,2015-07-26,2015-08-01,마이코플라즈마균,155.0,,,
2015,31,2015-07-26,2015-08-01,사람메타뉴모바이러스,20.0,,,
2015,31,2015-07-26,2015-08-01,사람보카바이러스,50.0,,,
2015,31,2015-07-26,2015-08-01,사람코로나바이러스,1.0,,,
2015,31,2015-07-26,2015-08-01,아데노바이러스,58.0,,,
2015,31,2015-07-26,2015-08-01,인플루엔자바이러스,4.0,,,
2015,31,2015-07-26,2015-08-01,코로나19,,,,
2015,31,2015-07-26,2015-08-01,클라미디아균,3.0,,,
2015,31,2015-07-26,2015-08-01,파라인플루엔자바이러스,118.0,,,
2015,31,2015-07-26,2015-08-01,호흡기세포융합바이러스,2.0,,,
2015,32,2015-08-02,2015-08-08,리노바이러스,265.0,,,
2015,32,2015-08-02,2015-08-08,마이코플라즈마균,213.0,,,
2015,32,2015-08-02,2015-08-08,사람메타뉴모바이러스,5.0,,,
2015,32,2015-08-02,2015-08-08,사람보카바이러스,30.0,,,
2015,32,2015-08-02,2015-08-08,사람코로나바이러스,1.0,,,
2015,32,2015-08-02,2015-08-08,아데노바이러스,52.0,,,
2015,32,2015-08-02,2015-08-08,인플루엔자바이러스,6.0,,,
2015,32,2015-08-02,2015-08-08,코로나19,,,,
2015,32,2015-08-02,2015-08-08,클라미디아균,13.0,,,
2015,32,2015-08-02,2015-08-08,파라인플루엔자바이러스,120.0,,,
2015,32,2015-08-02,2015-08-08,호흡기세포융합바이러스,4.0,,,
2015,33,2015-08-09,2015-08-15,리노바이러스,240.0,,,
2015,33,2015-08-09,2015-08-15,마이코플라즈마균,212.0,,,
2015,33,2015-08-09,2015-08-15,사람메타뉴모바이러스,12.0,,,
2015,33,2015-08-09,2015-08-15,사람보카바이러스,23.0,,,
2015,33,2015-08-09,2015-08-15,사람코로나바이러스,6.0,,,
2015,33,2015-08-09,2015-08-15,아데노바이러스,65.0,,,
2015,33,2015-08-09,2015-08-15,인플루엔자바이러스,4.0,,,
2015,33,2015-08-09,2015-08-15,코로나19,,,,
2015,33,2015-08-09,2015-08-15,클라미디아균,6.0,,,
2015,33,2015-08-09,2015-08-15,파라인플루엔자바이러스,135.0,,,
2015,33,2015-08-09,2015-08-15,호흡기세포융합바이러스,7.0,,,
2015,34,2015-08-16,2015-08-22,리노바이러스,249.0,,,
2015,34,2015-08-16,2015-08-22,마이코플라즈마균,255.0,,,
2015,34,2015-08-16,2015-08-22,사람메타뉴모바이러스,4.0,,,
2015,34,2015-08-16,2015-08-22,사람보카바이러스,32.0,,,
2015,34,2015-08-16,2015-08-22,사람코로나바이러스,4.0,,,
2015,34,2015-08-16,2015-08-22,아데노바이러스,54.0,,,
2015,34,2015-08-16,2015-08-22,인플루엔자바이러스,6.0,,,
2015,34,2015-08-16,2015-08-22,코로나19,,,,
2015,34,2015-08-16,2015-08-22,클라미디아균,12.0,,,
2015,34,2015-08-16,2015-08-22,파라인플루엔자바이러스,159.0,,,
2015,34,2015-08-16,2015-08-22,호흡기세포융합바이러스,2.0,,,
2015,35,2015-08-23,2015-08-29,리노바이러스,282.0,,,
2015,35,2015-08-23,2015-08-29,마이코플라즈마균,280.0,,,
2015,35,2015-08-23,2015-08-29,사람메타뉴모바이러스,9.0,,,
2015,35,2015-08-23,2015-08-29,사람보카바이러스,23.0,,,
2015,35,2015-08-23,2015-08-29,사람코로나바이러스,4.0,,,
2015,35,2015-08-23,2015-08-29,아데노바이러스,70.0,,,
2015,35,2015-08-23,2015-08-29,인플루엔자바이러스,5.0,,,
2015,35,2015-08-23,2015-08-29,코로나19,,,,
2015,35,2015-08-23,2015-08-29,클라미디아균,8.0,,,
2015,35,2015-08-23,2015-08-29,파라인플루엔자바이러스,172.0,,,
2015,35,2015-08-23,2015-08-29,호흡기세포융합바이러스,15.0,,,
2015,36,2015-08-30,2015-09-05,리노바이러스,304.0,,,
2015,36,2015-08-30,2015-09-05,마이코플라즈마균,301.0,,,
2015,36,2015-08-30,2015-09-05,사람메타뉴모바이러스,5.0,,,
2015,36,2015-08-30,2015-09-05,사람보카바이러스,19.0,,,
2015,36,2015-08-30,2015-09-05,사람코로나바이러스,1.0,,,
2015,36,2015-08-30,2015-09-05,아데노바이러스,71.0,,,
2015,36,2015-08-30,2015-09-05,인플루엔자바이러스,2.0,,,
2015,36,2015-08-30,2015-09-05,코로나19,,,,
2015,36,2015-08-30,2015-09-05,클라미디아균,16.0,,,
2015,36,2015-08-30,2015-09-05,파라인플루엔자바이러스,178.0,,,
2015,36,2015-08-30,2015-09-05,호흡기세포융합바이러스,12.0,,,
2015,37,2015-09-06,2015-09-12,리노바이러스,357.0,,,
2015,37,2015-09-06,2015-09-12,마이코플라즈마균,271.0,,,
2015,37,2015-09-06,2015-09-12,사람메타뉴모바이러스,6.0,,,
2015,37,2015-09-06,2015-09-12,사람보카바이러스,22.0,,,
2015,37,2015-09-06,2015-09-12,사람코로나바이러스,2.0,,,
2015,37,2015-09-06,2015-09-12,아데노바이러스,91.0,,,
2015,37,2015-09-06,2015-09-12,인플루엔자바이러스,2.0,,,
2015,37,2015-09-06,2015-09-12,코로나19,,,,
2015,37,2015-09-06,2015-09-12,클라미디아균,7.0,,,
2015,37,2015-09-06,2015-09-12,파라인플루엔자바이러스,195.0,,,
2015,37,2015-09-06,2015-09-12,호흡기세포융합바이러스,15.0,,,
2015,38,2015-09-13,2015-09-19,리노바이러스,402.0,,,
2015,38,2015-09-13,2015-09-19,마이코플라즈마균,296.0,,,
2015,38,2015-09-13,2015-09-19,사람메타뉴모바이러스,10.0,,,
2015,38,2015-09-13,2015-09-19,사람보카바이러스,26.0,,,
2015,38,2015-09-13,2015-09-19,사람코로나바이러스,4.0,,,
2015,38,2015-09-13,2015-09-19,아데노바이러스,85.0,,,
2015,38,2015-09-13,2015-09-19,인플루엔자바이러스,5.0,,,
2015,38,2015-09-13,2015-09-19,코로나19,,,,
2015,38,2015-09-13,2015-09-19,클라미디아균,14.0,,,
2015,38,2015-09-13,2015-09-19,파라인플루엔자바이러스,179.0,,,
2015,38,2015-09-13,2015-09-19,호흡기세포융합바이러스,11.0,,,
2015,39,2015-09-20,2015-09-26,리노바이러스,483.0,,,
2015,39,2015-09-20,2015-09-26,마이코플라즈마균,380.0,,,
2015,39,2015-09-20,2015-09-26,사람메타뉴모바이러스,4.0,,,
2015,39,2015-09-20,2015-09-26,사람보카바이러스,28.0,,,
2015,39,2015-09-20,2015-09-26,사람코로나바이러스,5.0,,,
2015,39,2015-09-20,2015-09-26,아데노바이러스,98.0,,,
2015,39,2015-09-20,2015-09-26,인플루엔자바이러스,7.0,,,
2015,39,2015-09-20,2015-09-26,코로나19,,,,
2015,39,2015-09-20,2015-09-26,클라미디아균,10.0,,,
2015,39,2015-09-20,2015-09-26,파라인플루엔자바이러스,196.0,,,
2015,39,2015-09-20,2015-09-26,호흡기세포융합바이러스,15.0,,,
2015,40,2015-09-27,2015-10-03,리노바이러스,356.0,,,
2015,40,2015-09-27,2015-10-03,마이코플라즈마균,301.0,,,
2015,40,2015-09-27,2015-10-03,사람메타뉴모바이러스,4.0,,,
2015,40,2015-09-27,2015-10-03,사람보카바이러스,17.0,,,
2015,40,2015-09-27,2015-10-03,사람코로나바이러스,2.0,,,
2015,40,2015-09-27,2015-10-03,아데노바이러스,94.0,,,
2015,40,2015-09-27,2015-10-03,인플루엔자바이러스,4.0,,,
2015,40,2015-09-27,2015-10-03,코로나19,,,,
2015,40,2015-09-27,2015-10-03,클라미디아균,16.0,,,
2015,40,2015-09-27,2015-10-03,파라인플루엔자바이러스,160.0,,,
2015,40,2015-09-27,2015-10-03,호흡기세포융합바이러스,18.0,,,
2015,41,2015-10-04,2015-10-10,리노바이러스,367.0,,,
2015,41,2015-10-04,2015-10-10,마이코플라즈마균,342.0,,,
2015,41,2015-10-04,2015-10-10,사람메타뉴모바이러스,6.0,,,
2015,41,2015-10-04,2015-10-10,사람보카바이러스,14.0,,,
2015,41,2015-10-04,2015-10-10,사람코로나바이러스,1.0,,,
2015,41,2015-10-04,2015-10-10,아데노바이러스,102.0,,,
2015,41,2015-10-04,2015-10-10,인플루엔자바이러스,8.0,,,
2015,41,2015-10-04,2015-10-10,코로나19,,,,
2015,41,2015-10-04,2015-10-10,클라미디아균,9.0,,,
2015,41,2015-10-04,2015-10-10,파라인플루엔자바이러스,136.0,,,
2015,41,2015-10-04,2015-10-10,호흡기세포융합바이러스,19.0,,,
2015,42,2015-10-11,2015-10-17,리노바이러스,367.0,,,
2015,42,2015-10-11,2015-10-17,마이코플라즈마균,411.0,,,
2015,42,2015-10-11,2015-10-17,사람메타뉴모바이러스,5.0,,,
2015,42,2015-10-11,2015-10-17,사람보카바이러스,14.0,,,
2015,42,2015-10-11,2015-10-17,사람코로나바이러스,10.0,,,
2015,42,2015-10-11,2015-10-17,아데노바이러스,112.0,,,
2015,42,2015-10-11,2015-10-17,인플루엔자바이러스,4.0,,,
2015,42,2015-10-11,2015-10-17,코로나19,,,,
2015,42,2015-10-11,2015-10-17,클라미디아균,10.0,,,
2015,42,2015-10-11,2015-10-17,파라인플루엔자바이러스,171.0,,,
2015,42,2015-10-11,2015-10-17,호흡기세포융합바이러스,42.0,,,
2015,43,2015-10-18,2015-10-24,리노바이러스,389.0,,,
2015,43,2015-10-18,2015-10-24,마이코플라즈마균,405.0,,,
2015,43,2015-10-18,2015-10-24,사람메타뉴모바이러스,5.0,,,
2015,43,2015-10-18,2015-10-24,사람보카바이러스,18.0,,,
2015,43,2015-10-18,2015-10-24,사람코로나바이러스,13.0,,,
2015,43,2015-10-18,2015-10-24,아데노바이러스,100.0,,,
2015,43,2015-10-18,2015-10-24,인플루엔자바이러스,9.0,,,
2015,43,2015-10-18,2015-10-24,코로나19,,,,
2015,43,2015-10-18,2015-10-24,클라미디아균,11.0,,,
2015,43,2015-10-18,2015-10-24,파라인플루엔자바이러스,130.0,,,
2015,43,2015-10-18,2015-10-24,호흡기세포융합바이러스,41.0,,,
2015,44,2015-10-25,2015-10-31,리노바이러스,399.0,,,
2015,44,2015-10-25,2015-10-31,마이코플라즈마균,402.0,,,
2015,44,2015-10-25,2015-10-31,사람메타뉴모바이러스,4.0,,,
2015,44,2015-10-25,2015-10-31,사람보카바이러스,31.0,,,
2015,44,2015-10-25,2015-10-31,사람코로나바이러스,10.0,,,
2015,44,2015-10-25,2015-10-31,아데노바이러스,135.0,,,
2015,44,2015-10-25,2015-10-31,인플루엔자바이러스,8.0,,,
2015,44,2015-10-25,2015-10-31,코로나19,,,,
2015,44,2015-10-25,2015-10-31,클라미디아균,12.0,,,
2015,44,2015-10-25,2015-10-31,파라인플루엔자바이러스,105.0,,,
2015,44,2015-10-25,2015-10-31,호흡기세포융합바이러스,73.0,,,
2015,45,2015-11-01,2015-11-07,리노바이러스,442.0,,,
2015,45,2015-11-01,2015-11-07,마이코플라즈마균,445.0,,,
2015,45,2015-11-01,2015-11-07,사람메타뉴모바이러스,8.0,,,
2015,45,2015-11-01,2015-11-07,사람보카바이러스,38.0,,,
2015,45,2015-11-01,2015-11-07,사람코로나바이러스,25.0,,,
2015,45,2015-11-01,2015-11-07,아데노바이러스,188.0,,,
2015,45,2015-11-01,2015-11-07,인플루엔자바이러스,4.0,,,
2015,45,2015-11-01,2015-11-07,코로나19,,,,
2015,45,2015-11-01,2015-11-07,클라미디아균,19.0,,,
2015,45,2015-11-01,2015-11-07,파라인플루엔자바이러스,130.0,,,
2015,45,2015-11-01,2015-11-07,호흡기세포융합바이러스,116.0,,,
2015,46,2015-11-08,2015-11-14,리노바이러스,484.0,,,
2015,46,2015-11-08,2015-11-14,마이코플라즈마균,485.0,,,
2015,46,2015-11-08,2015-11-14,사람메타뉴모바이러스,11.0,,,
2015,46,2015-11-08,2015-11-14,사람보카바이러스,31.0,,,
2015,46,2015-11-08,2015-11-14,사람코로나바이러스,30.0,,,
2015,46,2015-11-08,2015-11-14,아데노바이러스,192.0,,,
2015,46,2015-11-08,2015-11-14,인플루엔자바이러스,4.0,,,
2015,46,2015-11-08,2015-11-14,코로나19,,,,
2015,46,2015-11-08,2015-11-14,클라미디아균,15.0,,,
2015,46,2015-11-08,2015-11-14,파라인플루엔자바이러스,147.0,,,
2015,46,2015-11-08,2015-11-14,호흡기세포융합바이러스,196.0,,,
2015,47,2015-11-15,2015-11-21,리노바이러스,393.0,,,
2015,47,2015-11-15,2015-11-21,마이코플라즈마균,419.0,,,
2015,47,2015-11-15,2015-11-21,사람메타뉴모바이러스,16.0,,,
2015,47,2015-11-15,2015-11-21,사람보카바이러스,32.0,,,
2015,47,2015-11-15,2015-11-21,사람코로나바이러스,56.0,,,
2015,47,2015-11-15,2015-11-21,아데노바이러스,215.0,,,
2015,47,2015-11-15,2015-11-21,인플루엔자바이러스,15.0,,,
2015,47,2015-11-15,2015-11-21,코로나19,,,,
2015,47,2015-11-15,2015-11-21,클라미디아균,19.0,,,
2015,47,2015-11-15,2015-11-21,파라인플루엔자바이러스,129.0,,,
2015,47,2015-11-15,2015-11-21,호흡기세포융합바이러스,331.0,,,
2015,48,2015-11-22,2015-11-28,리노바이러스,460.0,,,
2015,48,2015-11-22,2015-11-28,마이코플라즈마균,443.0,,,
2015,48,2015-11-22,2015-11-28,사람메타뉴모바이러스,25.0,,,
2015,48,2015-11-22,2015-11-28,사람보카바이러스,37.0,,,
2015,48,2015-11-22,2015-11-28,사람코로나바이러스,68.0,,,
2015,48,2015-11-22,2015-11-28,아데노바이러스,278.0,,,
2015,48,2015-11-22,2015-11-28,인플루엔자바이러스,10.0,,,
2015,48,2015-11-22,2015-11-28,코로나19,,,,
2015,48,2015-11-22,2015-11-28,클라미디아균,28.0,,,
2015,48,2015-11-22,2015-11-28,파라인플루엔자바이러스,119.0,,,
2015,48,2015-11-22,2015-11-28,호흡기세포융합바이러스,503.0,,,
2015,49,2015-11-29,2015-12-05,리노바이러스,449.0,,,
2015,49,2015-11-29,2015-12-05,마이코플라즈마균,559.0,,,
2015,49,2015-11-29,2015-12-05,사람메타뉴모바이러스,17.0,,,
2015,49,2015-11-29,2015-12-05,사람보카바이러스,30.0,,,
2015,49,2015-11-29,2015-12-05,사람코로나바이러스,93.0,,,
2015,49,2015-11-29,2015-12-05,아데노바이러스,294.0,,,
2015,49,2015-11-29,2015-12-05,인플루엔자바이러스,10.0,,,
2015,49,2015-11-29,2015-12-05,코로나19,,,,
2015,49,2015-11-29,2015-12-05,클라미디아균,18.0,,,
2015,49,2015-11-29,2015-12-05,파라인플루엔자바이러스,100.0,,,
2015,49,2015-11-29,2015-12-05,호흡기세포융합바이러스,738.0,,,
2015,50,2015-12-06,2015-12-12,리노바이러스,376.0,,,
2015,50,2015-12-06,2015-12-12,마이코플라즈마균,630.0,,,
2015,50,2015-12-06,2015-12-12,사람메타뉴모바이러스,22.0,,,
2015,50,2015-12-06,2015-12-12,사람보카바이러스,36.0,,,
2015,50,2015-12-06,2015-12-12,사람코로나바이러스,98.0,,,
2015,50,2015-12-06,2015-12-12,아데노바이러스,242.0,,,
2015,50,2015-12-06,2015-12-12,인플루엔자바이러스,18.0,,,
2015,50,2015-12-06,2015-12-12,코로나19,,,,
2015,50,2015-12-06,2015-12-12,클라미디아균,17.0,,,
2015,50,2015-12-06,2015-12-12,파라인플루엔자바이러스,79.0,,,
2015,50,2015-12-06,2015-12-12,호흡기세포융합바이러스,850.0,,,
2015,51,2015-12-13,2015-12-19,리노바이러스,392.0,,,
2015,51,2015-12-13,2015-12-19,마이코플라즈마균,558.0,,,
2015,51,2015-12-13,2015-12-19,사람메타뉴모바이러스,32.0,,,
2015,51,2015-12-13,2015-12-19,사람보카바이러스,34.0,,,
2015,51,2015-12-13,2015-12-19,사람코로나바이러스,166.0,,,
2015,51,2015-12-13,2015-12-19,아데노바이러스,373.0,,,
2015,51,2015-12-13,2015-12-19,인플루엔자바이러스,19.0,,,
2015,51,2015-12-13,2015-12-19,코로나19,,,,
2015,51,2015-12-13,2015-12-19,클라미디아균,16.0,,,
2015,51,2015-12-13,2015-12-19,파라인플루엔자바이러스,78.0,,,
2015,51,2015-12-13,2015-12-19,호흡기세포융합바이러스,1172.0,,,
2015,52,2015-12-20,2015-12-26,리노바이러스,262.0,,,
2015,52,2015-12-20,2015-12-26,마이코플라즈마균,493.0,,,
2015,52,2015-12-20,2015-12-26,사람메타뉴모바이러스,40.0,,,
2015,52,2015-12-20,2015-12-26,사람보카바이러스,27.0,,,
2015,52,2015-12-20,2015-12-26,사람코로나바이러스,164.0,,,
2015,52,2015-12-20,2015-12-26,아데노바이러스,318.0,,,
2015,52,2015-12-20,2015-12-26,인플루엔자바이러스,32.0,,,
2015,52,2015-12-20,2015-12-26,코로나19,,,,
2015,52,2015-12-20,2015-12-26,클라미디아균,13.0,,,
2015,52,2015-12-20,2015-12-26,파라인플루엔자바이러스,70.0,,,
2015,52,2015-12-20,2015-12-26,호흡기세포융합바이러스,1014.0,,,
2016,1,2015-12-27,2016-01-02,리노바이러스,298.0,,,
2016,1,2015-12-27,2016-01-02,마이코플라즈마균,500.0,,,
2016,1,2015-12-27,2016-01-02,사람메타뉴모바이러스,34.0,,,
2016,1,2015-12-27,2016-01-02,사람보카바이러스,53.0,,,
2016,1,2015-12-27,2016-01-02,사람코로나바이러스,217.0,,,
2016,1,2015-12-27,2016-01-02,아데노바이러스,308.0,,,
2016,1,2015-12-27,2016-01-02,인플루엔자바이러스,54.0,,,
2016,1,2015-12-27,2016-01-02,코로나19,,,,
2016,1,2015-12-27,2016-01-02,클라미디아균,16.0,,,
2016,1,2015-12-27,2016-01-02,파라인플루엔자바이러스,56.0,,,
2016,1,2015-12-27,2016-01-02,호흡기세포융합바이러스,1025.0,,,
2016,2,2016-01-03,2016-01-09,리노바이러스,287.0,,,
2016,2,2016-01-03,2016-01-09,마이코플라즈마균,534.0,,,
2016,2,2016-01-03,2016-01-09,사람메타뉴모바이러스,58.0,,,
2016,2,2016-01-03,2016-01-09,사람보카바이러스,50.0,,,
2016,2,2016-01-03,2016-01-09,사람코로나바이러스,221.0,,,
2016,2,2016-01-03,2016-01-09,아데노바이러스,311.0,,,
2016,2,2016-01-03,2016-01-09,인플루엔자바이러스,124.0,,,
2016,2,2016-01-03,2016-01-09,코로나19,,,,
2016,2,2016-01-03,2016-01-09,클라미디아균,13.0,,,
2016,2,2016-01-03,2016-01-09,파라인플루엔자바이러스,65.0,,,
2016,2,2016-01-03,2016-01-09,호흡기세포융합바이러스,876.0,,,
2016,3,2016-01-10,2016-01-16,리노바이러스,171.0,,,
2016,3,2016-01-10,2016-01-16,마이코플라즈마균,440.0,,,
2016,3,2016-01-10,2016-01-16,사람메타뉴모바이러스,76.0,,,
2016,3,2016-01-10,2016-01-16,사람보카바이러스,43.0,,,
2016,3,2016-01-10,2016-01-16,사람코로나바이러스,209.0,,,
2016,3,2016-01-10,2016-01-16,아데노바이러스,242.0,,,
2016,3,2016-01-10,2016-01-16,인플루엔자바이러스,176.0,,,
2016,3,2016-01-10,2016-01-16,코로나19,,,,
2016,3,2016-01-10,2016-01-16,클라미디아균,11.0,,,
2016,3,2016-01-10,2016-01-16,파라인플루엔자바이러스,44.0,,,
2016,3,2016-01-10,2016-01-16,호흡기세포융합바이러스,608.0,,,
2016,4,2016-01-17,2016-01-23,리노바이러스,180.0,,,
2016,4,2016-01-17,2016-01-23,마이코플라즈마균,391.0,,,
2016,4,2016-01-17,2016-01-23,사람메타뉴모바이러스,61.0,,,
2016,4,2016-01-17,2016-01-23,사람보카바이러스,55.0,,,
2016,4,2016-01-17,2016-01-23,사람코로나바이러스,201.0,,,
2016,4,2016-01-17,2016-01-23,아데노바이러스,195.0,,,
2016,4,2016-01-17,2016-01-23,인플루엔자바이러스,343.0,,,
2016,4,2016-01-17,2016-01-23,코로나19,,,,
2016,4,2016-01-17,2016-01-23,클라미디아균,12.0,,,
2016,4,2016-01-17,2016-01-23,파라인플루엔자바이러스,43.0,,,
2016,4,2016-01-17,2016-01-23,호흡기세포융합바이러스,448.0,,,
2016,5,2016-01-24,2016-01-30,리노바이러스,180.0,,,
2016,5,2016-01-24,2016-01-30,마이코플라즈마균,323.0,,,
2016,5,2016-01-24,2016-01-30,사람메타뉴모바이러스,75.0,,,
2016,5,2016-01-24,2016-01-30,사람보카바이러스,58.0,,,
2016,5,2016-01-24,2016-01-30,사람코로나바이러스,203.0,,,
2016,5,2016-01-24,2016-01-30,아데노바이러스,191.0,,,
2016,5,2016-01-24,2016-01-30,인플루엔자바이러스,476.0,,,
2016,5,2016-01-24,2016-01-30,코로나19,,,,
2016,5,2016-01-24,2016-01-30,클라미디아균,11.0,,,
2016,5,2016-01-24,2016-01-30,파라인플루엔자바이러스,28.0,,,
2016,5,2016-01-24,2016-01-30,호흡기세포융합바이러스,331.0,,,
2016,6,2016-01-31,2016-02-06,리노바이러스,187.0,,,
2016,6,2016-01-31,2016-02-06,마이코플라즈마균,368.0,,,
2016,6,2016-01-31,2016-02-06,사람메타뉴모바이러스,92.0,,,
2016,6,2016-01-31,2016-02-06,사람보카바이러스,38.0,,,
2016,6,2016-01-31,2016-02-06,사람코로나바이러스,180.0,,,
2016,6,2016-01-31,2016-02-06,아데노바이러스,190.0,,,
2016,6,2016-01-31,2016-02-06,인플루엔자바이러스,692.0,,,
2016,6,2016-01-31,2016-02-06,코로나19,,,,
2016,6,2016-01-31,2016-02-06,클라미디아균,14.0,,,
2016,6,2016-01-31,2016-02-06,파라인플루엔자바이러스,46.0,,,
2016,6,2016-01-31,2016-02-06,호흡기세포융합바이러스,260.0,,,
2016,7,2016-02-07,2016-02-13,리노바이러스,196.0,,,
2016,7,2016-02-07,2016-02-13,마이코플라즈마균,288.0,,,
2016,7,2016-02-07,2016-02-13,사람메타뉴모바이러스,106.0,,,
2016,7,2016-02-07,2016-02-13,사람보카바이러스,51.0,,,
2016,7,2016-02-07,2016-02-13,사람코로나바이러스,156.0,,,
2016,7,2016-02-07,2016-02-13,아데노바이러스,162.0,,,
2016,7,2016-02-07,2016-02-13,인플루엔자바이러스,765.0,,,
2016,7,2016-02-07,2016-02-13,코로나19,,,,
2016,7,2016-02-07,2016-02-13,클라미디아균,10.0,,,
2016,7,2016-02-07,2016-02-13,파라인플루엔자바이러스,39.0,,,
2016,7,2016-02-07,2016-02-13,호흡기세포융합바이러스,203.0,,,
2016,8,2016-02-14,2016-02-20,리노바이러스,175.0,,,
2016,8,2016-02-14,2016-02-20,마이코플라즈마균,334.0,,,
2016,8,2016-02-14,2016-02-20,사람메타뉴모바이러스,126.0,,,
2016,8,2016-02-14,2016-02-20,사람보카바이러스,63.0,,,
2016,8,2016-02-14,2016-02-20,사람코로나바이러스,137.0,,,
2016,8,2016-02-14,2016-02-20,아데노바이러스,182.0,,,
2016,8,2016-02-14,2016-02-20,인플루엔자바이러스,858.0,,,
2016,8,2016-02-14,2016-02-20,코로나19,,,,
2016,8,2016-02-14,2016-02-20,클라미디아균,4.0,,,
2016,8,2016-02-14,2016-02-20,파라인플루엔자바이러스,34.0,,,
2016,8,2016-02-14,2016-02-20,호흡기세포융합바이러스,208.0,,,
2016,9,2016-02-21,2016-02-27,리노바이러스,193.0,,,
2016,9,2016-02-21,2016-02-27,마이코플라즈마균,303.0,,,
2016,9,2016-02-21,2016-02-27,사람메타뉴모바이러스,151.0,,,
2016,9,2016-02-21,2016-02-27,사람보카바이러스,61.0,,,
2016,9,2016-02-21,2016-02-27,사람코로나바이러스,113.0,,,
2016,9,2016-02-21,2016-02-27,아데노바이러스,135.0,,,
2016,9,2016-02-21,2016-02-27,인플루엔자바이러스,744.0,,,
2016,9,2016-02-21,2016-02-27,코로나19,,,,
2016,9,2016-02-21,2016-02-27,클라미디아균,13.0,,,
2016,9,2016-02-21,2016-02-27,파라인플루엔자바이러스,36.0,,,
2016,9,2016-02-21,2016-02-27,호흡기세포융합바이러스,148.0,,,
2016,10,2016-02-28,2016-03-05,리노바이러스,182.0,,,
2016,10,2016-02-28,2016-03-05,마이코플라즈마균,244.0,,,
2016,10,2016-02-28,2016-03-05,사람메타뉴모바이러스,161.0,,,
2016,10,2016-02-28,2016-03-05,사람보카바이러스,55.0,,,
2016,10,2016-02-28,2016-03-05,사람코로나바이러스,132.0,,,
2016,10,2016-02-28,2016-03-05,아데노바이러스,142.0,,,
2016,10,2016-02-28,2016-03-05,인플루엔자바이러스,552.0,,,
2016,10,2016-02-28,2016-03-05,코로나19,,,,
2016,10,2016-02-28,2016-03-05,클라미디아균,18.0,,,
2016,10,2016-02-28,2016-03-05,파라인플루엔자바이러스,25.0,,,
2016,10,2016-02-28,2016-03-05,호흡기세포융합바이러스,113.0,,,
2016,11,2016-03-06,2016-03-12,리노바이러스,251.0,,,
2016,11,2016-03-06,2016-03-12,마이코플라즈마균,257.0,,,
2016,11,2016-03-06,2016-03-12,사람메타뉴모바이러스,224.0,,,
2016,11,2016-03-06,2016-03-12,사람보카바이러스,62.0,,,
2016,11,2016-03-06,2016-03-12,사람코로나바이러스,85.0,,,
2016,11,2016-03-06,2016-03-12,아데노바이러스,173.0,,,
2016,11,2016-03-06,2016-03-12,인플루엔자바이러스,487.0,,,
2016,11,2016-03-06,2016-03-12,코로나19,,,,
2016,11,2016-03-06,2016-03-12,클라미디아균,10.0,,,
2016,11,2016-03-06,2016-03-12,파라인플루엔자바이러스,23.0,,,
2016,11,2016-03-06,2016-03-12,호흡기세포융합바이러스,116.0,,,
2016,12,2016-03-13,2016-03-19,리노바이러스,397.0,,,
2016,12,2016-03-13,2016-03-19,마이코플라즈마균,271.0,,,
2016,12,2016-03-13,2016-03-19,사람메타뉴모바이러스,200.0,,,
2016,12,2016-03-13,2016-03-19,사람보카바이러스,89.0,,,
2016,12,2016-03-13,2016-03-19,사람코로나바이러스,101.0,,,
2016,12,2016-03-13,2016-03-19,아데노바이러스,172.0,,,
2016,12,2016-03-13,2016-03-19,인플루엔자바이러스,434.0,,,
2016,12,2016-03-13,2016-03-19,코로나19,,,,
2016,12,2016-03-13,2016-03-19,클라미디아균,4.0,,,
2016,12,2016-03-13,2016-03-19,파라인플루엔자바이러스,47.0,,,
2016,12,2016-03-13,2016-03-19,호흡기세포융합바이러스,95.0,,,
2016,13,2016-03-20,2016-03-26,리노바이러스,505.0,,,
2016,13,2016-03-20,2016-03-26,마이코플라즈마균,295.0,,,
2016,13,2016-03-20,2016-03-26,사람메타뉴모바이러스,277.0,,,
2016,13,2016-03-20,2016-03-26,사람보카바이러스,106.0,,,
2016,13,2016-03-20,2016-03-26,사람코로나바이러스,116.0,,,
2016,13,2016-03-20,2016-03-26,아데노바이러스,177.0,,,
2016,13,2016-03-20,2016-03-26,인플루엔자바이러스,489.0,,,
2016,13,2016-03-20,2016-03-26,코로나19,,,,
2016,13,2016-03-20,2016-03-26,클라미디아균,11.0,,,
2016,13,2016-03-20,2016-03-26,파라인플루엔자바이러스,51.0,,,
2016,13,2016-03-20,2016-03-26,호흡기세포융합바이러스,90.0,,,
2016,14,2016-03-27,2016-04-02,리노바이러스,538.0,,,
2016,14,2016-03-27,2016-04-02,마이코플라즈마균,303.0,,,
2016,14,2016-03-27,2016-04-02,사람메타뉴모바이러스,325.0,,,
2016,14,2016-03-27,2016-04-02,사람보카바이러스,155.0,,,
2016,14,2016-03-27,2016-04-02,사람코로나바이러스,112.0,,,
2016,14,2016-03-27,2016-04-02,아데노바이러스,250.0,,,
2016,14,2016-03-27,2016-04-02,인플루엔자바이러스,470.0,,,
2016,14,2016-03-27,2016-04-02,코로나19,,,,
2016,14,2016-03-27,2016-04-02,클라미디아균,9.0,,,
2016,14,2016-03-27,2016-04-02,파라인플루엔자바이러스,79.0,,,
2016,14,2016-03-27,2016-04-02,호흡기세포융합바이러스,78.0,,,
2016,15,2016-04-03,2016-04-09,리노바이러스,491.0,,,
2016,15,2016-04-03,2016-04-09,마이코플라즈마균,257.0,,,
2016,15,2016-04-03,2016-04-09,사람메타뉴모바이러스,342.0,,,
2016,15,2016-04-03,2016-04-09,사람보카바이러스,183.0,,,
2016,15,2016-04-03,2016-04-09,사람코로나바이러스,115.0,,,
2016,15,2016-04-03,2016-04-09,아데노바이러스,244.0,,,
2016,15,2016-04-03,2016-04-09,인플루엔자바이러스,422.0,,,
2016,15,2016-04-03,2016-04-09,코로나19,,,,
2016,15,2016-04-03,2016-04-09,클라미디아균,4.0,,,
2016,15,2016-04-03,2016-04-09,파라인플루엔자바이러스,85.0,,,
2016,15,2016-04-03,2016-04-09,호흡기세포융합바이러스,53.0,,,
2016,16,2016-04-10,2016-04-16,리노바이러스,475.0,,,
2016,16,2016-04-10,2016-04-16,마이코플라즈마균,265.0,,,
2016,16,2016-04-10,2016-04-16,사람메타뉴모바이러스,321.0,,,
2016,16,2016-04-10,2016-04-16,사람보카바이러스,210.0,,,
2016,16,2016-04-10,2016-04-16,사람코로나바이러스,96.0,,,
2016,16,2016-04-10,2016-04-16,아데노바이러스,306.0,,,
2016,16,2016-04-10,2016-04-16,인플루엔자바이러스,304.0,,,
2016,16,2016-04-10,2016-04-16,코로나19,,,,
2016,16,2016-04-10,2016-04-16,클라미디아균,9.0,,,
2016,16,2016-04-10,2016-04-16,파라인플루엔자바이러스,136.0,,,
2016,16,2016-04-10,2016-04-16,호흡기세포융합바이러스,49.0,,,
2016,17,2016-04-17,2016-04-23,리노바이러스,444.0,,,
2016,17,2016-04-17,2016-04-23,마이코플라즈마균,204.0,,,
2016,17,2016-04-17,2016-04-23,사람메타뉴모바이러스,289.0,,,
2016,17,2016-04-17,2016-04-23,사람보카바이러스,226.0,,,
2016,17,2016-04-17,2016-04-23,사람코로나바이러스,91.0,,,
2016,17,2016-04-17,2016-04-23,아데노바이러스,270.0,,,
2016,17,2016-04-17,2016-04-23,인플루엔자바이러스,218.0,,,
2016,17,2016-04-17,2016-04-23,코로나19,,,,
2016,17,2016-04-17,2016-04-23,클라미디아균,14.0,,,
2016,17,2016-04-17,2016-04-23,파라인플루엔자바이러스,208.0,,,
2016,17,2016-04-17,2016-04-23,호흡기세포융합바이러스,40.0,,,
2016,18,2016-04-24,2016-04-30,리노바이러스,523.0,,,
2016,18,2016-04-24,2016-04-30,마이코플라즈마균,243.0,,,
2016,18,2016-04-24,2016-04-30,사람메타뉴모바이러스,252.0,,,
2016,18,2016-04-24,2016-04-30,사람보카바이러스,284.0,,,
2016,18,2016-04-24,2016-04-30,사람코로나바이러스,111.0,,,
2016,18,2016-04-24,2016-04-30,아데노바이러스,338.0,,,
2016,18,2016-04-24,2016-04-30,인플루엔자바이러스,140.0,,,
2016,18,2016-04-24,2016-04-30,코로나19,,,,
2016,18,2016-04-24,2016-04-30,클라미디아균,9.0,,,
2016,18,2016-04-24,2016-04-30,파라인플루엔자바이러스,250.0,,,
2016,18,2016-04-24,2016-04-30,호흡기세포융합바이러스,39.0,,,
2016,19,2016-05-01,2016-05-07,리노바이러스,535.0,,,
2016,19,2016-05-01,2016-05-07,마이코플라즈마균,199.0,,,
2016,19,2016-05-01,2016-05-07,사람메타뉴모바이러스,232.0,,,
2016,19,2016-05-01,2016-05-07,사람보카바이러스,319.0,,,
2016,19,2016-05-01,2016-05-07,사람코로나바이러스,105.0,,,
2016,19,2016-05-01,2016-05-07,아데노바이러스,344.0,,,
2016,19,2016-05-01,2016-05-07,인플루엔자바이러스,92.0,,,
2016,19,2016-05-01,2016-05-07,코로나19,,,,
2016,19,2016-05-01,2016-05-07,클라미디아균,8.0,,,
2016,19,2016-05-01,2016-05-07,파라인플루엔자바이러스,307.0,,,
2016,19,2016-05-01,2016-05-07,호흡기세포융합바이러스,42.0,,,
2016,20,2016-05-08,2016-05-14,리노바이러스,439.0,,,
2016,20,2016-05-08,2016-05-14,마이코플라즈마균,234.0,,,
2016,20,2016-05-08,2016-05-14,사람메타뉴모바이러스,158.0,,,
2016,20,2016-05-08,2016-05-14,사람보카바이러스,248.0,,,
2016,20,2016-05-08,2016-05-14,사람코로나바이러스,60.0,,,
2016,20,2016-05-08,2016-05-14,아데노바이러스,366.0,,,
2016,20,2016-05-08,2016-05-14,인플루엔자바이러스,63.0,,,
2016,20,2016-05-08,2016-05-14,코로나19,,,,
2016,20,2016-05-08,2016-05-14,클라미디아균,20.0,,,
2016,20,2016-05-08,2016-05-14,파라인플루엔자바이러스,336.0,,,
2016,20,2016-05-08,2016-05-14,호흡기세포융합바이러스,23.0,,,
2016,21,2016-05-15,2016-05-21,리노바이러스,518.0,,,
2016,21,2016-05-15,2016-05-21,마이코플라즈마균,195.0,,,
2016,21,2016-05-15,2016-05-21,사람메타뉴모바이러스,163.0,,,
2016,21,2016-05-15,2016-05-21,사람보카바이러스,301.0,,,
2016,21,2016-05-15,2016-05-21,사람코로나바이러스,83.0,,,
2016,21,2016-05-15,2016-05-21,아데노바이러스,367.0,,,
2016,21,2016-05-15,2016-05-21,인플루엔자바이러스,36.0,,,
2016,21,2016-05-15,2016-05-21,코로나19,,,,
2016,21,2016-05-15,2016-05-21,클라미디아균,7.0,,,
2016,21,2016-05-15,2016-05-21,파라인플루엔자바이러스,410.0,,,
2016,21,2016-05-15,2016-05-21,호흡기세포융합바이러스,19.0,,,
2016,22,2016-05-22,2016-05-28,리노바이러스,498.0,,,
2016,22,2016-05-22,2016-05-28,마이코플라즈마균,188.0,,,
2016,22,2016-05-22,2016-05-28,사람메타뉴모바이러스,99.0,,,
2016,22,2016-05-22,2016-05-28,사람보카바이러스,234.0,,,
2016,22,2016-05-22,2016-05-28,사람코로나바이러스,85.0,,,
2016,22,2016-05-22,2016-05-28,아데노바이러스,345.0,,,
2016,22,2016-05-22,2016-05-28,인플루엔자바이러스,22.0,,,
2016,22,2016-05-22,2016-05-28,코로나19,,,,
2016,22,2016-05-22,2016-05-28,클라미디아균,4.0,,,
2016,22,2016-05-22,2016-05-28,파라인플루엔자바이러스,401.0,,,
2016,22,2016-05-22,2016-05-28,호흡기세포융합바이러스,28.0,,,
2016,23,2016-05-29,2016-06-04,리노바이러스,449.0,,,
2016,23,2016-05-29,2016-06-04,마이코플라즈마균,175.0,,,
2016,23,2016-05-29,2016-06-04,사람메타뉴모바이러스,66.0,,,
2016,23,2016-05-29,2016-06-04,사람보카바이러스,205.0,,,
2016,23,2016-05-29,2016-06-04,사람코로나바이러스,74.0,,,
2016,23,2016-05-29,2016-06-04,아데노바이러스,323.0,,,
2016,23,2016-05-29,2016-06-04,인플루엔자바이러스,24.0,,,
2016,23,2016-05-29,2016-06-04,코로나19,,,,
2016,23,2016-05-29,2016-06-04,클라미디아균,5.0,,,
2016,23,2016-05-29,2016-06-04,파라인플루엔자바이러스,371.0,,,
2016,23,2016-05-29,2016-06-04,호흡기세포융합바이러스,8.0,,,
2016,24,2016-06-05,2016-06-11,리노바이러스,375.0,,,
2016,24,2016-06-05,2016-06-11,마이코플라즈마균,163.0,,,
2016,24,2016-06-05,2016-06-11,사람메타뉴모바이러스,34.0,,,
2016,24,2016-06-05,2016-06-11,사람보카바이러스,146.0,,,
2016,24,2016-06-05,2016-06-11,사람코로나바이러스,60.0,,,
2016,24,2016-06-05,2016-06-11,아데노바이러스,307.0,,,
2016,24,2016-06-05,2016-06-11,인플루엔자바이러스,15.0,,,
2016,24,2016-06-05,2016-06-11,코로나19,,,,
2016,24,2016-06-05,2016-06-11,클라미디아균,14.0,,,
2016,24,2016-06-05,2016-06-11,파라인플루엔자바이러스,266.0,,,
2016,24,2016-06-05,2016-06-11,호흡기세포융합바이러스,15.0,,,
2016,25,2016-06-12,2016-06-18,리노바이러스,374.0,,,
2016,25,2016-06-12,2016-06-18,마이코플라즈마균,169.0,,,
2016,25,2016-06-12,2016-06-18,사람메타뉴모바이러스,38.0,,,
2016,25,2016-06-12,2016-06-18,사람보카바이러스,124.0,,,
2016,25,2016-06-12,2016-06-18,사람코로나바이러스,43.0,,,
2016,25,2016-06-12,2016-06-18,아데노바이러스,306.0,,,
2016,25,2016-06-12,2016-06-18,인플루엔자바이러스,17.0,,,
2016,25,2016-06-12,2016-06-18,코로나19,,,,
2016,25,2016-06-12,2016-06-18,클라미디아균,7.0,,,
2016,25,2016-06-12,2016-06-18,파라인플루엔자바이러스,258.0,,,
2016,25,2016-06-12,2016-06-18,호흡기세포융합바이러스,7.0,,,
2016,26,2016-06-19,2016-06-25,리노바이러스,370.0,,,
2016,26,2016-06-19,2016-06-25,마이코플라즈마균,182.0,,,
2016,26,2016-06-19,2016-06-25,사람메타뉴모바이러스,29.0,,,
2016,26,2016-06-19,2016-06-25,사람보카바이러스,119.0,,,
2016,26,2016-06-19,2016-06-25,사람코로나바이러스,45.0,,,
2016,26,2016-06-19,2016-06-25,아데노바이러스,252.0,,,
2016,26,2016-06-19,2016-06-25,인플루엔자바이러스,9.0,,,
2016,26,2016-06-19,2016-06-25,코로나19,,,,
2016,26,2016-06-19,2016-06-25,클라미디아균,5.0,,,
2016,26,2016-06-19,2016-06-25,파라인플루엔자바이러스,238.0,,,
2016,26,2016-06-19,2016-06-25,호흡기세포융합바이러스,4.0,,,
2016,27,2016-06-26,2016-07-02,리노바이러스,395.0,,,
2016,27,2016-06-26,2016-07-02,마이코플라즈마균,159.0,,,
2016,27,2016-06-26,2016-07-02,사람메타뉴모바이러스,27.0,,,
2016,27,2016-06-26,2016-07-02,사람보카바이러스,109.0,,,
2016,27,2016-06-26,2016-07-02,사람코로나바이러스,50.0,,,
2016,27,2016-06-26,2016-07-02,아데노바이러스,240.0,,,
2016,27,2016-06-26,2016-07-02,인플루엔자바이러스,10.0,,,
2016,27,2016-06-26,2016-07-02,코로나19,,,,
2016,27,2016-06-26,2016-07-02,클라미디아균,3.0,,,
2016,27,2016-06-26,2016-07-02,파라인플루엔자바이러스,233.0,,,
2016,27,2016-06-26,2016-07-02,호흡기세포융합바이러스,6.0,,,
2016,28,2016-07-03,2016-07-09,리노바이러스,367.0,,,
2016,28,2016-07-03,2016-07-09,마이코플라즈마균,171.0,,,
2016,28,2016-07-03,2016-07-09,사람메타뉴모바이러스,26.0,,,
2016,28,2016-07-03,2016-07-09,사람보카바이러스,63.0,,,
2016,28,2016-07-03,2016-07-09,사람코로나바이러스,47.0,,,
2016,28,2016-07-03,2016-07-09,아데노바이러스,198.0,,,
2016,28,2016-07-03,2016-07-09,인플루엔자바이러스,7.0,,,
2016,28,2016-07-03,2016-07-09,코로나19,,,,
2016,28,2016-07-03,2016-07-09,클라미디아균,5.0,,,
2016,28,2016-07-03,2016-07-09,파라인플루엔자바이러스,179.0,,,
2016,28,2016-07-03,2016-07-09,호흡기세포융합바이러스,8.0,,,
2016,29,2016-07-10,2016-07-16,리노바이러스,442.0,,,
2016,29,2016-07-10,2016-07-16,마이코플라즈마균,170.0,,,
2016,29,2016-07-10,2016-07-16,사람메타뉴모바이러스,12.0,,,
2016,29,2016-07-10,2016-07-16,사람보카바이러스,60.0,,,
2016,29,2016-07-10,2016-07-16,사람코로나바이러스,47.0,,,
2016,29,2016-07-10,2016-07-16,아데노바이러스,238.0,,,
2016,29,2016-07-10,2016-07-16,인플루엔자바이러스,4.0,,,
2016,29,2016-07-10,2016-07-16,코로나19,,,,
2016,29,2016-07-10,2016-07-16,클라미디아균,4.0,,,
2016,29,2016-07-10,2016-07-16,파라인플루엔자바이러스,183.0,,,
2016,29,2016-07-10,2016-07-16,호흡기세포융합바이러스,4.0,,,
2016,30,2016-07-17,2016-07-23,리노바이러스,417.0,,,
2016,30,2016-07-17,2016-07-23,마이코플라즈마균,163.0,,,
2016,30,2016-07-17,2016-07-23,사람메타뉴모바이러스,16.0,,,
2016,30,2016-07-17,2016-07-23,사람보카바이러스,76.0,,,
2016,30,2016-07-17,2016-07-23,사람코로나바이러스,35.0,,,
2016,30,2016-07-17,2016-07-23,아데노바이러스,191.0,,,
2016,30,2016-07-17,2016-07-23,인플루엔자바이러스,6.0,,,
2016,30,2016-07-17,2016-07-23,코로나19,,,,
2016,30,2016-07-17,2016-07-23,클라미디아균,6.0,,,
2016,30,2016-07-17,2016-07-23,파라인플루엔자바이러스,170.0,,,
2016,30,2016-07-17,2016-07-23,호흡기세포융합바이러스,6.0,,,
2016,31,2016-07-24,2016-07-30,리노바이러스,386.0,,,
2016,31,2016-07-24,2016-07-30,마이코플라즈마균,196.0,,,
2016,31,2016-07-24,2016-07-30,사람메타뉴모바이러스,13.0,,,
2016,31,2016-07-24,2016-07-30,사람보카바이러스,42.0,,,
2016,31,2016-07-24,2016-07-30,사람코로나바이러스,35.0,,,
2016,31,2016-07-24,2016-07-30,아데노바이러스,217.0,,,
2016,31,2016-07-24,2016-07-30,인플루엔자바이러스,4.0,,,
2016,31,2016-07-24,2016-07-30,코로나19,,,,
2016,31,2016-07-24,2016-07-30,클라미디아균,6.0,,,
2016,31,2016-07-24,2016-07-30,파라인플루엔자바이러스,173.0,,,
2016,31,2016-07-24,2016-07-30,호흡기세포융합바이러스,8.0,,,
2016,32,2016-07-31,2016-08-06,리노바이러스,356.0,,,
2016,32,2016-07-31,2016-08-06,마이코플라즈마균,185.0,,,
2016,32,2016-07-31,2016-08-06,사람메타뉴모바이러스,17.0,,,
2016,32,2016-07-31,2016-08-06,사람보카바이러스,40.0,,,
2016,32,2016-07-31,2016-08-06,사람코로나바이러스,47.0,,,
2016,32,2016-07-31,2016-08-06,아데노바이러스,204.0,,,
2016,32,2016-07-31,2016-08-06,인플루엔자바이러스,2.0,,,
2016,32,2016-07-31,2016-08-06,코로나19,,,,
2016,32,2016-07-31,2016-08-06,클라미디아균,8.0,,,
2016,32,2016-07-31,2016-08-06,파라인플루엔자바이러스,187.0,,,
2016,32,2016-07-31,2016-08-06,호흡기세포융합바이러스,14.0,,,
2016,33,2016-08-07,2016-08-13,리노바이러스,270.0,,,
2016,33,2016-08-07,2016-08-13,마이코플라즈마균,205.0,,,
2016,33,2016-08-07,2016-08-13,사람메타뉴모바이러스,8.0,,,
2016,33,2016-08-07,2016-08-13,사람보카바이러스,33.0,,,
2016,33,2016-08-07,2016-08-13,사람코로나바이러스,18.0,,,
2016,33,2016-08-07,2016-08-13,아데노바이러스,200.0,,,
2016,33,2016-08-07,2016-08-13,인플루엔자바이러스,6.0,,,
2016,33,2016-08-07,2016-08-13,코로나19,,,,
2016,33,2016-08-07,2016-08-13,클라미디아균,14.0,,,
2016,33,2016-08-07,2016-08-13,파라인플루엔자바이러스,125.0,,,
2016,33,2016-08-07,2016-08-13,호흡기세포융합바이러스,7.0,,,
2016,34,2016-08-14,2016-08-20,리노바이러스,286.0,,,
2016,34,2016-08-14,2016-08-20,마이코플라즈마균,178.0,,,
2016,34,2016-08-14,2016-08-20,사람메타뉴모바이러스,6.0,,,
2016,34,2016-08-14,2016-08-20,사람보카바이러스,31.0,,,
2016,34,2016-08-14,2016-08-20,사람코로나바이러스,23.0,,,
2016,34,2016-08-14,2016-08-20,아데노바이러스,249.0,,,
2016,34,2016-08-14,2016-08-20,인플루엔자바이러스,9.0,,,
2016,34,2016-08-14,2016-08-20,코로나19,,,,
2016,34,2016-08-14,2016-08-20,클라미디아균,4.0,,,
2016,34,2016-08-14,2016-08-20,파라인플루엔자바이러스,150.0,,,
2016,34,2016-08-14,2016-08-20,호흡기세포융합바이러스,20.0,,,
2016,35,2016-08-21,2016-08-27,리노바이러스,291.0,,,
2016,35,2016-08-21,2016-08-27,마이코플라즈마균,245.0,,,
2016,35,2016-08-21,2016-08-27,사람메타뉴모바이러스,8.0,,,
2016,35,2016-08-21,2016-08-27,사람보카바이러스,24.0,,,
2016,35,2016-08-21,2016-08-27,사람코로나바이러스,23.0,,,
2016,35,2016-08-21,2016-08-27,아데노바이러스,305.0,,,
2016,35,2016-08-21,2016-08-27,인플루엔자바이러스,5.0,,,
2016,35,2016-08-21,2016-08-27,코로나19,,,,
2016,35,2016-08-21,2016-08-27,클라미디아균,6.0,,,
2016,35,2016-08-21,2016-08-27,파라인플루엔자바이러스,157.0,,,
2016,35,2016-08-21,2016-08-27,호흡기세포융합바이러스,30.0,,,
2016,36,2016-08-28,2016-09-03,리노바이러스,364.0,,,
2016,36,2016-08-28,2016-09-03,마이코플라즈마균,244.0,,,
2016,36,2016-08-28,2016-09-03,사람메타뉴모바이러스,5.0,,,
2016,36,2016-08-28,2016-09-03,사람보카바이러스,31.0,,,
2016,36,2016-08-28,2016-09-03,사람코로나바이러스,30.0,,,
2016,36,2016-08-28,2016-09-03,아데노바이러스,342.0,,,
2016,36,2016-08-28,2016-09-03,인플루엔자바이러스,4.0,,,
2016,36,2016-08-28,2016-09-03,코로나19,,,,
2016,36,2016-08-28,2016-09-03,클라미디아균,8.0,,,
2016,36,2016-08-28,2016-09-03,파라인플루엔자바이러스,170.0,,,
2016,36,2016-08-28,2016-09-03,호흡기세포융합바이러스,27.0,,,
2016,37,2016-09-04,2016-09-10,리노바이러스,390.0,,,
2016,37,2016-09-04,2016-09-10,마이코플라즈마균,237.0,,,
2016,37,2016-09-04,2016-09-10,사람메타뉴모바이러스,8.0,,,
2016,37,2016-09-04,2016-09-10,사람보카바이러스,28.0,,,
2016,37,2016-09-04,2016-09-10,사람코로나바이러스,33.0,,,
2016,37,2016-09-04,2016-09-10,아데노바이러스,351.0,,,
2016,37,2016-09-04,2016-09-10,인플루엔자바이러스,6.0,,,
2016,37,2016-09-04,2016-09-10,코로나19,,,,
2016,37,2016-09-04,2016-09-10,클라미디아균,8.0,,,
2016,37,2016-09-04,2016-09-10,파라인플루엔자바이러스,150.0,,,
2016,37,2016-09-04,2016-09-10,호흡기세포융합바이러스,28.0,,,
2016,38,2016-09-11,2016-09-17,리노바이러스,278.0,,,
2016,38,2016-09-11,2016-09-17,마이코플라즈마균,141.0,,,
2016,38,2016-09-11,2016-09-17,사람메타뉴모바이러스,5.0,,,
2016,38,2016-09-11,2016-09-17,사람보카바이러스,26.0,,,
2016,38,2016-09-11,2016-09-17,사람코로나바이러스,20.0,,,
2016,38,2016-09-11,2016-09-17,아데노바이러스,261.0,,,
2016,38,2016-09-11,2016-09-17,인플루엔자바이러스,4.0,,,
2016,38,2016-09-11,2016-09-17,코로나19,,,,
2016,38,2016-09-11,2016-09-17,클라미디아균,4.0,,,
2016,38,2016-09-11,2016-09-17,파라인플루엔자바이러스,130.0,,,
2016,38,2016-09-11,2016-09-17,호흡기세포융합바이러스,40.0,,,
2016,39,2016-09-18,2016-09-24,리노바이러스,396.0,,,
2016,39,2016-09-18,2016-09-24,마이코플라즈마균,254.0,,,
2016,39,2016-09-18,2016-09-24,사람메타뉴모바이러스,7.0,,,
2016,39,2016-09-18,2016-09-24,사람보카바이러스,42.0,,,
2016,39,2016-09-18,2016-09-24,사람코로나바이러스,29.0,,,
2016,39,2016-09-18,2016-09-24,아데노바이러스,301.0,,,
2016,39,2016-09-18,2016-09-24,인플루엔자바이러스,11.0,,,
2016,39,2016-09-18,2016-09-24,코로나19,,,,
2016,39,2016-09-18,2016-09-24,클라미디아균,7.0,,,
2016,39,2016-09-18,2016-09-24,파라인플루엔자바이러스,164.0,,,
2016,39,2016-09-18,2016-09-24,호흡기세포융합바이러스,55.0,,,
2016,40,2016-09-25,2016-10-01,리노바이러스,322.0,,,
2016,40,2016-09-25,2016-10-01,마이코플라즈마균,213.0,,,
2016,40,2016-09-25,2016-10-01,사람메타뉴모바이러스,6.0,,,
2016,40,2016-09-25,2016-10-01,사람보카바이러스,17.0,,,
2016,40,2016-09-25,2016-10-01,사람코로나바이러스,29.0,,,
2016,40,2016-09-25,2016-10-01,아데노바이러스,188.0,,,
2016,40,2016-09-25,2016-10-01,인플루엔자바이러스,12.0,,,
2016,40,2016-09-25,2016-10-01,코로나19,,,,
2016,40,2016-09-25,2016-10-01,클라미디아균,7.0,,,
2016,40,2016-09-25,2016-10-01,파라인플루엔자바이러스,98.0,,,
2016,40,2016-09-25,2016-10-01,호흡기세포융합바이러스,76.0,,,
2016,41,2016-10-02,2016-10-08,리노바이러스,335.0,,,
2016,41,2016-10-02,2016-10-08,마이코플라즈마균,201.0,,,
2016,41,2016-10-02,2016-10-08,사람메타뉴모바이러스,5.0,,,
2016,41,2016-10-02,2016-10-08,사람보카바이러스,30.0,,,
2016,41,2016-10-02,2016-10-08,사람코로나바이러스,25.0,,,
2016,41,2016-10-02,2016-10-08,아데노바이러스,196.0,,,
2016,41,2016-10-02,2016-10-08,인플루엔자바이러스,10.0,,,
2016,41,2016-10-02,2016-10-08,코로나19,,,,
2016,41,2016-10-02,2016-10-08,클라미디아균,4.0,,,
2016,41,2016-10-02,2016-10-08,파라인플루엔자바이러스,77.0,,,
2016,41,2016-10-02,2016-10-08,호흡기세포융합바이러스,126.0,,,
2016,42,2016-10-09,2016-10-15,리노바이러스,394.0,,,
2016,42,2016-10-09,2016-10-15,마이코플라즈마균,203.0,,,
2016,42,2016-10-09,2016-10-15,사람메타뉴모바이러스,10.0,,,
2016,42,2016-10-09,2016-10-15,사람보카바이러스,20.0,,,
2016,42,2016-10-09,2016-10-15,사람코로나바이러스,34.0,,,
2016,42,2016-10-09,2016-10-15,아데노바이러스,190.0,,,
2016,42,2016-10-09,2016-10-15,인플루엔자바이러스,11.0,,,
2016,42,2016-10-09,2016-10-15,코로나19,,,,
2016,42,2016-10-09,2016-10-15,클라미디아균,7.0,,,
2016,42,2016-10-09,2016-10-15,파라인플루엔자바이러스,114.0,,,
2016,42,2016-10-09,2016-10-15,호흡기세포융합바이러스,165.0,,,
2016,43,2016-10-16,2016-10-22,리노바이러스,519.0,,,
2016,43,2016-10-16,2016-10-22,마이코플라즈마균,298.0,,,
2016,43,2016-10-16,2016-10-22,사람메타뉴모바이러스,3.0,,,
2016,43,2016-10-16,2016-10-22,사람보카바이러스,36.0,,,
2016,43,2016-10-16,2016-10-22,사람코로나바이러스,51.0,,,
2016,43,2016-10-16,2016-10-22,아데노바이러스,185.0,,,
2016,43,2016-10-16,2016-10-22,인플루엔자바이러스,14.0,,,
2016,43,2016-10-16,2016-10-22,코로나19,,,,
2016,43,2016-10-16,2016-10-22,클라미디아균,2.0,,,
2016,43,2016-10-16,2016-10-22,파라인플루엔자바이러스,79.0,,,
2016,43,2016-10-16,2016-10-22,호흡기세포융합바이러스,255.0,,,
2016,44,2016-10-23,2016-10-29,리노바이러스,518.0,,,
2016,44,2016-10-23,2016-10-29,마이코플라즈마균,306.0,,,
2016,44,2016-10-23,2016-10-29,사람메타뉴모바이러스,10.0,,,
2016,44,2016-10-23,2016-10-29,사람보카바이러스,30.0,,,
2016,44,2016-10-23,2016-10-29,사람코로나바이러스,52.0,,,
2016,44,2016-10-23,2016-10-29,아데노바이러스,224.0,,,
2016,44,2016-10-23,2016-10-29,인플루엔자바이러스,11.0,,,
2016,44,2016-10-23,2016-10-29,코로나19,,,,
2016,44,2016-10-23,2016-10-29,클라미디아균,20.0,,,
2016,44,2016-10-23,2016-10-29,파라인플루엔자바이러스,93.0,,,
2016,44,2016-10-23,2016-10-29,호흡기세포융합바이러스,384.0,,,
2016,45,2016-10-30,2016-11-05,리노바이러스,467.0,,,
2016,45,2016-10-30,2016-11-05,마이코플라즈마균,234.0,,,
2016,45,2016-10-30,2016-11-05,사람메타뉴모바이러스,10.0,,,
2016,45,2016-10-30,2016-11-05,사람보카바이러스,33.0,,,
2016,45,2016-10-30,2016-11-05,사람코로나바이러스,59.0,,,
2016,45,2016-10-30,2016-11-05,아데노바이러스,201.0,,,
2016,45,2016-10-30,2016-11-05,인플루엔자바이러스,14.0,,,
2016,45,2016-10-30,2016-11-05,코로나19,,,,
2016,45,2016-10-30,2016-11-05,클라미디아균,14.0,,,
2016,45,2016-10-30,2016-11-05,파라인플루엔자바이러스,79.0,,,
2016,45,2016-10-30,2016-11-05,호흡기세포융합바이러스,474.0,,,
2016,46,2016-11-06,2016-11-12,리노바이러스,478.0,,,
2016,46,2016-11-06,2016-11-12,마이코플라즈마균,323.0,,,
2016,46,2016-11-06,2016-11-12,사람메타뉴모바이러스,12.0,,,
2016,46,2016-11-06,2016-11-12,사람보카바이러스,43.0,,,
2016,46,2016-11-06,2016-11-12,사람코로나바이러스,87.0,,,
2016,46,2016-11-06,2016-11-12,아데노바이러스,247.0,,,
2016,46,2016-11-06,2016-11-12,인플루엔자바이러스,20.0,,,
2016,46,2016-11-06,2016-11-12,코로나19,,,,
2016,46,2016-11-06,2016-11-12,클라미디아균,17.0,,,
2016,46,2016-11-06,2016-11-12,파라인플루엔자바이러스,83.0,,,
2016,46,2016-11-06,2016-11-12,호흡기세포융합바이러스,751.0,,,
2016,47,2016-11-13,2016-11-19,리노바이러스,447.0,,,
2016,47,2016-11-13,2016-11-19,마이코플라즈마균,309.0,,,
2016,47,2016-11-13,2016-11-19,사람메타뉴모바이러스,8.0,,,
2016,47,2016-11-13,2016-11-19,사람보카바이러스,25.0,,,
2016,47,2016-11-13,2016-11-19,사람코로나바이러스,104.0,,,
2016,47,2016-11-13,2016-11-19,아데노바이러스,212.0,,,
2016,47,2016-11-13,2016-11-19,인플루엔자바이러스,26.0,,,
2016,47,2016-11-13,2016-11-19,코로나19,,,,
2016,47,2016-11-13,2016-11-19,클라미디아균,5.0,,,
2016,47,2016-11-13,2016-11-19,파라인플루엔자바이러스,66.0,,,
2016,47,2016-11-13,2016-11-19,호흡기세포융합바이러스,897.0,,,
2016,48,2016-11-20,2016-11-26,리노바이러스,422.0,,,
2016,48,2016-11-20,2016-11-26,마이코플라즈마균,327.0,,,
2016,48,2016-11-20,2016-11-26,사람메타뉴모바이러스,13.0,,,
2016,48,2016-11-20,2016-11-26,사람보카바이러스,49.0,,,
2016,48,2016-11-20,2016-11-26,사람코로나바이러스,148.0,,,
2016,48,2016-11-20,2016-11-26,아데노바이러스,237.0,,,
2016,48,2016-11-20,2016-11-26,인플루엔자바이러스,36.0,,,
2016,48,2016-11-20,2016-11-26,코로나19,,,,
2016,48,2016-11-20,2016-11-26,클라미디아균,5.0,,,
2016,48,2016-11-20,2016-11-26,파라인플루엔자바이러스,75.0,,,
2016,48,2016-11-20,2016-11-26,호흡기세포융합바이러스,1108.0,,,
2016,49,2016-11-27,2016-12-03,리노바이러스,335.0,,,
2016,49,2016-11-27,2016-12-03,마이코플라즈마균,317.0,,,
2016,49,2016-11-27,2016-12-03,사람메타뉴모바이러스,14.0,,,
2016,49,2016-11-27,2016-12-03,사람보카바이러스,47.0,,,
2016,49,2016-11-27,2016-12-03,사람코로나바이러스,158.0,,,
2016,49,2016-11-27,2016-12-03,아데노바이러스,259.0,,,
2016,49,2016-11-27,2016-12-03,인플루엔자바이러스,101.0,,,
2016,49,2016-11-27,2016-12-03,코로나19,,,,
2016,49,2016-11-27,2016-12-03,클라미디아균,8.0,,,
2016,49,2016-11-27,2016-12-03,파라인플루엔자바이러스,70.0,,,
2016,49,2016-11-27,2016-12-03,호흡기세포융합바이러스,1096.0,,,
2016,50,2016-12-04,2016-12-10,리노바이러스,292.0,,,
2016,50,2016-12-04,2016-12-10,마이코플라즈마균,293.0,,,
2016,50,2016-12-04,2016-12-10,사람메타뉴모바이러스,23.0,,,
2016,50,2016-12-04,2016-12-10,사람보카바이러스,33.0,,,
2016,50,2016-12-04,2016-12-10,사람코로나바이러스,196.0,,,
2016,50,2016-12-04,2016-12-10,아데노바이러스,228.0,,,
2016,50,2016-12-04,2016-12-10,인플루엔자바이러스,267.0,,,
2016,50,2016-12-04,2016-12-10,코로나19,,,,
2016,50,2016-12-04,2016-12-10,클라미디아균,9.0,,,
2016,50,2016-12-04,2016-12-10,파라인플루엔자바이러스,50.0,,,
2016,50,2016-12-04,2016-12-10,호흡기세포융합바이러스,1089.0,,,
2016,51,2016-12-11,2016-12-17,리노바이러스,269.0,,,
2016,51,2016-12-11,2016-12-17,마이코플라즈마균,273.0,,,
2016,51,2016-12-11,2016-12-17,사람메타뉴모바이러스,30.0,,,
2016,51,2016-12-11,2016-12-17,사람보카바이러스,25.0,,,
2016,51,2016-12-11,2016-12-17,사람코로나바이러스,222.0,,,
2016,51,2016-12-11,2016-12-17,아데노바이러스,198.0,,,
2016,51,2016-12-11,2016-12-17,인플루엔자바이러스,566.0,,,
2016,51,2016-12-11,2016-12-17,코로나19,,,,
2016,51,2016-12-11,2016-12-17,클라미디아균,5.0,,,
2016,51,2016-12-11,2016-12-17,파라인플루엔자바이러스,32.0,,,
2016,51,2016-12-11,2016-12-17,호흡기세포융합바이러스,978.0,,,
2016,52,2016-12-18,2016-12-24,리노바이러스,164.0,,,
2016,52,2016-12-18,2016-12-24,마이코플라즈마균,222.0,,,
2016,52,2016-12-18,2016-12-24,사람메타뉴모바이러스,21.0,,,
2016,52,2016-12-18,2016-12-24,사람보카바이러스,36.0,,,
2016,52,2016-12-18,2016-12-24,사람코로나바이러스,185.0,,,
2016,52,2016-12-18,2016-12-24,아데노바이러스,146.0,,,
2016,52,2016-12-18,2016-12-24,인플루엔자바이러스,671.0,,,
2016,52,2016-12-18,2016-12-24,코로나19,,,,
2016,52,2016-12-18,2016-12-24,클라미디아균,9.0,,,
2016,52,2016-12-18,2016-12-24,파라인플루엔자바이러스,34.0,,,
2016,52,2016-12-18,2016-12-24,호흡기세포융합바이러스,611.0,,,
2016,53,2016-12-25,2016-12-31,리노바이러스,162.0,,,
2016,53,2016-12-25,2016-12-31,마이코플라즈마균,186.0,,,
2016,53,2016-12-25,2016-12-31,사람메타뉴모바이러스,26.0,,,
2016,53,2016-12-25,2016-12-31,사람보카바이러스,38.0,,,
2016,53,2016-12-25,2016-12-31,사람코로나바이러스,145.0,,,
2016,53,2016-12-25,2016-12-31,아데노바이러스,126.0,,,
2016,53,2016-12-25,2016-12-31,인플루엔자바이러스,599.0,,,
2016,53,2016-12-25,2016-12-31,코로나19,,,,
2016,53,2016-12-25,2016-12-31,클라미디아균,4.0,,,
2016,53,2016-12-25,2016-12-31,파라인플루엔자바이러스,32.0,,,
2016,53,2016-12-25,2016-12-31,호흡기세포융합바이러스,417.0,,,
2017,1,2017-01-01,2017-01-07,리노바이러스,180.0,13.333333333333334,105,1
2017,1,2017-01-01,2017-01-07,마이코플라즈마균,209.0,48.57142857142857,105,1
2017,1,2017-01-01,2017-01-07,사람메타뉴모바이러스,26.0,50.476190476190474,105,1
2017,1,2017-01-01,2017-01-07,사람보카바이러스,31.0,30.476190476190478,105,1
2017,1,2017-01-01,2017-01-07,사람코로나바이러스,198.0,94.28571428571428,105,3
2017,1,2017-01-01,2017-01-07,아데노바이러스,112.0,32.38095238095238,105,1
2017,1,2017-01-01,2017-01-07,인플루엔자바이러스,695.0,97.14285714285714,105,4
2017,1,2017-01-01,2017-01-07,코로나19,,,,
2017,1,2017-01-01,2017-01-07,클라미디아균,6.0,20.0,105,1
2017,1,2017-01-01,2017-01-07,파라인플루엔자바이러스,38.0,20.0,105,1
2017,1,2017-01-01,2017-01-07,호흡기세포융합바이러스,493.0,83.80952380952381,105,2
2017,2,2017-01-08,2017-01-14,리노바이러스,124.0,2.857142857142857,105,1
2017,2,2017-01-08,2017-01-14,마이코플라즈마균,181.0,36.19047619047619,105,1
2017,2,2017-01-08,2017-01-14,사람메타뉴모바이러스,46.0,65.71428571428571,105,2
2017,2,2017-01-08,2017-01-14,사람보카바이러스,12.0,2.857142857142857,105,1
2017,2,2017-01-08,2017-01-14,사람코로나바이러스,144.0,84.76190476190476,105,2
2017,2,2017-01-08,2017-01-14,아데노바이러스,74.0,19.047619047619047,105,1
2017,2,2017-01-08,2017-01-14,인플루엔자바이러스,384.0,80.95238095238095,105,2
2017,2,2017-01-08,2017-01-14,코로나19,,,,
2017,2,2017-01-08,2017-01-14,클라미디아균,7.0,24.761904761904763,105,1
2017,2,2017-01-08,2017-01-14,파라인플루엔자바이러스,23.0,8.571428571428571,105,1
2017,2,2017-01-08,2017-01-14,호흡기세포융합바이러스,275.0,75.23809523809524,105,2
2017,3,2017-01-15,2017-01-21,리노바이러스,169.0,10.476190476190476,105,1
2017,3,2017-01-15,2017-01-21,마이코플라즈마균,151.0,20.952380952380953,105,1
2017,3,2017-01-15,2017-01-21,사람메타뉴모바이러스,38.0,60.952380952380956,105,2
2017,3,2017-01-15,2017-01-21,사람보카바이러스,14.0,3.8095238095238098,105,1
2017,3,2017-01-15,2017-01-21,사람코로나바이러스,128.0,82.85714285714286,105,2
2017,3,2017-01-15,2017-01-21,아데노바이러스,82.0,21.904761904761905,105,1
2017,3,2017-01-15,2017-01-21,인플루엔자바이러스,279.0,75.23809523809524,105,2
2017,3,2017-01-15,2017-01-21,코로나19,,,,
2017,3,2017-01-15,2017-01-21,클라미디아균,2.0,0.0,105,1
2017,3,2017-01-15,2017-01-21,파라인플루엔자바이러스,18.0,4.761904761904762,105,1
2017,3,2017-01-15,2017-01-21,호흡기세포융합바이러스,246.0,73.33333333333333,105,2
2017,4,2017-01-22,2017-01-28,리노바이러스,170.0,10.476190476190476,105,1
2017,4,2017-01-22,2017-01-28,마이코플라즈마균,140.0,13.333333333333334,105,1
2017,4,2017-01-22,2017-01-28,사람메타뉴모바이러스,53.0,66.66666666666666,105,2
2017,4,2017-01-22,2017-01-28,사람보카바이러스,28.0,24.761904761904763,105,1
2017,4,2017-01-22,2017-01-28,사람코로나바이러스,102.0,76.19047619047619,105,2
2017,4,2017-01-22,2017-01-28,아데노바이러스,82.0,21.904761904761905,105,1
2017,4,2017-01-22,2017-01-28,인플루엔자바이러스,166.0,68.57142857142857,105,2
2017,4,2017-01-22,2017-01-28,코로나19,,,,
2017,4,2017-01-22,2017-01-28,클라미디아균,4.0,4.761904761904762,105,1
2017,4,2017-01-22,2017-01-28,파라인플루엔자바이러스,21.0,7.6190476190476195,105,1
2017,4,2017-01-22,2017-01-28,호흡기세포융합바이러스,136.0,65.71428571428571,105,2
2017,5,2017-01-29,2017-02-04,리노바이러스,206.0,23.809523809523807,105,1
2017,5,2017-01-29,2017-02-04,마이코플라즈마균,147.0,18.095238095238095,105,1
2017,5,2017-01-29,2017-02-04,사람메타뉴모바이러스,80.0,73.33333333333333,105,2
2017,5,2017-01-29,2017-02-04,사람보카바이러스,22.0,14.285714285714285,105,1
2017,5,2017-01-29,2017-02-04,사람코로나바이러스,109.0,78.0952380952381,105,2
2017,5,2017-01-29,2017-02-04,아데노바이러스,73.0,19.047619047619047,105,1
2017,5,2017-01-29,2017-02-04,인플루엔자바이러스,160.0,68.57142857142857,105,2
2017,5,2017-01-29,2017-02-04,코로나19,,,,
2017,5,2017-01-29,2017-02-04,클라미디아균,6.0,20.0,105,1
2017,5,2017-01-29,2017-02-04,파라인플루엔자바이러스,18.0,4.761904761904762,105,1
2017,5,2017-01-29,2017-02-04,호흡기세포융합바이러스,226.0,73.33333333333333,105,2
2017,6,2017-02-05,2017-02-11,리노바이러스,252.0,27.61904761904762,105,1
2017,6,2017-02-05,2017-02-11,마이코플라즈마균,122.0,4.761904761904762,105,1
2017,6,2017-02-05,2017-02-11,사람메타뉴모바이러스,110.0,77.14285714285715,105,2
2017,6,2017-02-05,2017-02-11,사람보카바이러스,34.0,40.95238095238095,105,1
2017,6,2017-02-05,2017-02-11,사람코로나바이러스,107.0,78.0952380952381,105,2
2017,6,2017-02-05,2017-02-11,아데노바이러스,111.0,31.428571428571427,105,1
2017,6,2017-02-05,2017-02-11,인플루엔자바이러스,135.0,67.61904761904762,105,2
2017,6,2017-02-05,2017-02-11,코로나19,,,,
2017,6,2017-02-05,2017-02-11,클라미디아균,6.0,20.0,105,1
2017,6,2017-02-05,2017-02-11,파라인플루엔자바이러스,23.0,8.571428571428571,105,1
2017,6,2017-02-05,2017-02-11,호흡기세포융합바이러스,217.0,72.38095238095238,105,2
2017,7,2017-02-12,2017-02-18,리노바이러스,250.0,26.666666666666668,105,1
2017,7,2017-02-12,2017-02-18,마이코플라즈마균,136.0,11.428571428571429,105,1
2017,7,2017-02-12,2017-02-18,사람메타뉴모바이러스,138.0,80.0,105,2
2017,7,2017-02-12,2017-02-18,사람보카바이러스,30.0,26.666666666666668,105,1
2017,7,2017-02-12,2017-02-18,사람코로나바이러스,92.0,72.38095238095238,105,2
2017,7,2017-02-12,2017-02-18,아데노바이러스,83.0,21.904761904761905,105,1
2017,7,2017-02-12,2017-02-18,인플루엔자바이러스,114.0,65.71428571428571,105,2
2017,7,2017-02-12,2017-02-18,코로나19,,,,
2017,7,2017-02-12,2017-02-18,클라미디아균,2.0,0.0,105,1
2017,7,2017-02-12,2017-02-18,파라인플루엔자바이러스,16.0,3.8095238095238098,105,1
2017,7,2017-02-12,2017-02-18,호흡기세포융합바이러스,133.0,65.71428571428571,105,2
2017,8,2017-02-19,2017-02-25,리노바이러스,279.0,34.285714285714285,105,1
2017,8,2017-02-19,2017-02-25,마이코플라즈마균,122.0,4.761904761904762,105,1
2017,8,2017-02-19,2017-02-25,사람메타뉴모바이러스,171.0,83.80952380952381,105,2
2017,8,2017-02-19,2017-02-25,사람보카바이러스,34.0,40.95238095238095,105,1
2017,8,2017-02-19,2017-02-25,사람코로나바이러스,70.0,65.71428571428571,105,2
2017,8,2017-02-19,2017-02-25,아데노바이러스,94.0,24.761904761904763,105,1
2017,8,2017-02-19,2017-02-25,인플루엔자바이러스,94.0,63.8095238095238,105,2
2017,8,2017-02-19,2017-02-25,코로나19,,,,
2017,8,2017-02-19,2017-02-25,클라미디아균,5.0,14.285714285714285,105,1
2017,8,2017-02-19,2017-02-25,파라인플루엔자바이러스,22.0,7.6190476190476195,105,1
2017,8,2017-02-19,2017-02-25,호흡기세포융합바이러스,131.0,65.71428571428571,105,2
2017,9,2017-02-26,2017-03-04,리노바이러스,273.0,33.33333333333333,105,1
2017,9,2017-02-26,2017-03-04,마이코플라즈마균,120.0,4.761904761904762,105,1
2017,9,2017-02-26,2017-03-04,사람메타뉴모바이러스,169.0,83.80952380952381,105,2
2017,9,2017-02-26,2017-03-04,사람보카바이러스,35.0,42.857142857142854,105,1
2017,9,2017-02-26,2017-03-04,사람코로나바이러스,80.0,67.61904761904762,105,2
2017,9,2017-02-26,2017-03-04,아데노바이러스,89.0,22.857142857142858,105,1
2017,9,2017-02-26,2017-03-04,인플루엔자바이러스,89.0,62.857142857142854,105,2
2017,9,2017-02-26,2017-03-04,코로나19,,,,
2017,9,2017-02-26,2017-03-04,클라미디아균,0.0,0.0,105,1
2017,9,2017-02-26,2017-03-04,파라인플루엔자바이러스,29.0,14.285714285714285,105,1
2017,9,2017-02-26,2017-03-04,호흡기세포융합바이러스,159.0,66.66666666666666,105,2
2017,10,2017-03-05,2017-03-11,리노바이러스,273.0,33.33333333333333,105,1
2017,10,2017-03-05,2017-03-11,마이코플라즈마균,112.0,4.761904761904762,105,1
2017,10,2017-03-05,2017-03-11,사람메타뉴모바이러스,238.0,90.47619047619048,105,3
2017,10,2017-03-05,2017-03-11,사람보카바이러스,38.0,48.57142857142857,105,1
2017,10,2017-03-05,2017-03-11,사람코로나바이러스,68.0,64.76190476190476,105,2
2017,10,2017-03-05,2017-03-11,아데노바이러스,112.0,32.38095238095238,105,1
2017,10,2017-03-05,2017-03-11,인플루엔자바이러스,69.0,61.904761904761905,105,2
2017,10,2017-03-05,2017-03-11,코로나19,,,,
2017,10,2017-03-05,2017-03-11,클라미디아균,3.0,0.9523809523809524,105,1
2017,10,2017-03-05,2017-03-11,파라인플루엔자바이러스,42.0,20.952380952380953,105,1
2017,10,2017-03-05,2017-03-11,호흡기세포융합바이러스,154.0,66.66666666666666,105,2
2017,11,2017-03-12,2017-03-18,리노바이러스,375.0,60.952380952380956,105,2
2017,11,2017-03-12,2017-03-18,마이코플라즈마균,115.0,4.761904761904762,105,1
2017,11,2017-03-12,2017-03-18,사람메타뉴모바이러스,260.0,93.33333333333333,105,3
2017,11,2017-03-12,2017-03-18,사람보카바이러스,56.0,66.66666666666666,105,2
2017,11,2017-03-12,2017-03-18,사람코로나바이러스,63.0,64.76190476190476,105,2
2017,11,2017-03-12,2017-03-18,아데노바이러스,99.0,28.57142857142857,105,1
2017,11,2017-03-12,2017-03-18,인플루엔자바이러스,95.0,63.8095238095238,105,2
2017,11,2017-03-12,2017-03-18,코로나19,,,,
2017,11,2017-03-12,2017-03-18,클라미디아균,4.0,4.761904761904762,105,1
2017,11,2017-03-12,2017-03-18,파라인플루엔자바이러스,45.0,22.857142857142858,105,1
2017,11,2017-03-12,2017-03-18,호흡기세포융합바이러스,139.0,65.71428571428571,105,2
2017,12,2017-03-19,2017-03-25,리노바이러스,487.0,91.42857142857143,105,3
2017,12,2017-03-19,2017-03-25,마이코플라즈마균,175.0,34.285714285714285,105,1
2017,12,2017-03-19,2017-03-25,사람메타뉴모바이러스,336.0,99.04761904761905,105,4
2017,12,2017-03-19,2017-03-25,사람보카바이러스,86.0,75.23809523809524,105,2
2017,12,2017-03-19,2017-03-25,사람코로나바이러스,83.0,67.61904761904762,105,2
2017,12,2017-03-19,2017-03-25,아데노바이러스,116.0,34.285714285714285,105,1
2017,12,2017-03-19,2017-03-25,인플루엔자바이러스,97.0,63.8095238095238,105,2
2017,12,2017-03-19,2017-03-25,코로나19,,,,
2017,12,2017-03-19,2017-03-25,클라미디아균,4.0,4.761904761904762,105,1
2017,12,2017-03-19,2017-03-25,파라인플루엔자바이러스,71.0,36.19047619047619,105,1
2017,12,2017-03-19,2017-03-25,호흡기세포융합바이러스,132.0,65.71428571428571,105,2
2017,13,2017-03-26,2017-04-01,리노바이러스,610.0,100.0,105,4
2017,13,2017-03-26,2017-04-01,마이코플라즈마균,161.0,27.61904761904762,105,1
2017,13,2017-03-26,2017-04-01,사람메타뉴모바이러스,397.0,100.0,105,4
2017,13,2017-03-26,2017-04-01,사람보카바이러스,157.0,87.61904761904762,105,2
2017,13,2017-03-26,2017-04-01,사람코로나바이러스,97.0,74.28571428571429,105,2
2017,13,2017-03-26,2017-04-01,아데노바이러스,142.0,40.0,105,1
2017,13,2017-03-26,2017-04-01,인플루엔자바이러스,131.0,67.61904761904762,105,2
2017,13,2017-03-26,2017-04-01,코로나19,,,,
2017,13,2017-03-26,2017-04-01,클라미디아균,2.0,0.0,105,1
2017,13,2017-03-26,2017-04-01,파라인플루엔자바이러스,95.0,48.57142857142857,105,1
2017,13,2017-03-26,2017-04-01,호흡기세포융합바이러스,107.0,60.952380952380956,105,2
2017,14,2017-04-02,2017-04-08,리노바이러스,571.0,100.0,105,4
2017,14,2017-04-02,2017-04-08,마이코플라즈마균,178.0,35.23809523809524,105,1
2017,14,2017-04-02,2017-04-08,사람메타뉴모바이러스,393.0,100.0,105,4
2017,14,2017-04-02,2017-04-08,사람보카바이러스,190.0,88.57142857142857,105,2
2017,14,2017-04-02,2017-04-08,사람코로나바이러스,90.0,71.42857142857143,105,2
2017,14,2017-04-02,2017-04-08,아데노바이러스,170.0,44.761904761904766,105,1
2017,14,2017-04-02,2017-04-08,인플루엔자바이러스,163.0,68.57142857142857,105,2
2017,14,2017-04-02,2017-04-08,코로나19,,,,
2017,14,2017-04-02,2017-04-08,클라미디아균,4.0,4.761904761904762,105,1
2017,14,2017-04-02,2017-04-08,파라인플루엔자바이러스,131.0,61.904761904761905,105,2
2017,14,2017-04-02,2017-04-08,호흡기세포융합바이러스,89.0,57.14285714285714,105,1
2017,15,2017-04-09,2017-04-15,리노바이러스,553.0,100.0,105,4
2017,15,2017-04-09,2017-04-15,마이코플라즈마균,167.0,31.428571428571427,105,1
2017,15,2017-04-09,2017-04-15,사람메타뉴모바이러스,375.0,100.0,105,4
2017,15,2017-04-09,2017-04-15,사람보카바이러스,223.0,92.38095238095238,105,3
2017,15,2017-04-09,2017-04-15,사람코로나바이러스,100.0,75.23809523809524,105,2
2017,15,2017-04-09,2017-04-15,아데노바이러스,202.0,63.8095238095238,105,2
2017,15,2017-04-09,2017-04-15,인플루엔자바이러스,127.0,67.61904761904762,105,2
2017,15,2017-04-09,2017-04-15,코로나19,,,,
2017,15,2017-04-09,2017-04-15,클라미디아균,4.0,4.761904761904762,105,1
2017,15,2017-04-09,2017-04-15,파라인플루엔자바이러스,172.0,75.23809523809524,105,2
2017,15,2017-04-09,2017-04-15,호흡기세포융합바이러스,59.0,50.476190476190474,105,1
2017,16,2017-04-16,2017-04-22,리노바이러스,612.0,100.0,105,4
2017,16,2017-04-16,2017-04-22,마이코플라즈마균,161.0,27.61904761904762,105,1
2017,16,2017-04-16,2017-04-22,사람메타뉴모바이러스,353.0,100.0,105,4
2017,16,2017-04-16,2017-04-22,사람보카바이러스,293.0,98.09523809523809,105,4
2017,16,2017-04-16,2017-04-22,사람코로나바이러스,107.0,78.0952380952381,105,2
2017,16,2017-04-16,2017-04-22,아데노바이러스,217.0,66.66666666666666,105,2
2017,16,2017-04-16,2017-04-22,인플루엔자바이러스,148.0,68.57142857142857,105,2
2017,16,2017-04-16,2017-04-22,코로나19,,,,
2017,16,2017-04-16,2017-04-22,클라미디아균,2.0,0.0,105,1
2017,16,2017-04-16,2017-04-22,파라인플루엔자바이러스,259.0,91.42857142857143,105,3
2017,16,2017-04-16,2017-04-22,호흡기세포융합바이러스,67.0,51.42857142857142,105,1
2017,17,2017-04-23,2017-04-29,리노바이러스,576.0,100.0,105,4
2017,17,2017-04-23,2017-04-29,마이코플라즈마균,169.0,31.428571428571427,105,1
2017,17,2017-04-23,2017-04-29,사람메타뉴모바이러스,306.0,97.14285714285714,105,4
2017,17,2017-04-23,2017-04-29,사람보카바이러스,367.0,100.0,105,4
2017,17,2017-04-23,2017-04-29,사람코로나바이러스,94.0,73.33333333333333,105,2
2017,17,2017-04-23,2017-04-29,아데노바이러스,255.0,79.04761904761905,105,2
2017,17,2017-04-23,2017-04-29,인플루엔자바이러스,121.0,65.71428571428571,105,2
2017,17,2017-04-23,2017-04-29,코로나19,,,,
2017,17,2017-04-23,2017-04-29,클라미디아균,2.0,0.0,105,1
2017,17,2017-04-23,2017-04-29,파라인플루엔자바이러스,297.0,92.38095238095238,105,3
2017,17,2017-04-23,2017-04-29,호흡기세포융합바이러스,56.0,50.476190476190474,105,1
2017,18,2017-04-30,2017-05-06,리노바이러스,354.0,49.523809523809526,105,1
2017,18,2017-04-30,2017-05-06,마이코플라즈마균,117.0,4.761904761904762,105,1
2017,18,2017-04-30,2017-05-06,사람메타뉴모바이러스,177.0,84.76190476190476,105,2
2017,18,2017-04-30,2017-05-06,사람보카바이러스,249.0,97.14285714285714,105,4
2017,18,2017-04-30,2017-05-06,사람코로나바이러스,62.0,64.76190476190476,105,2
2017,18,2017-04-30,2017-05-06,아데노바이러스,168.0,44.761904761904766,105,1
2017,18,2017-04-30,2017-05-06,인플루엔자바이러스,102.0,64.76190476190476,105,2
2017,18,2017-04-30,2017-05-06,코로나19,,,,
2017,18,2017-04-30,2017-05-06,클라미디아균,1.0,0.0,105,1
2017,18,2017-04-30,2017-05-06,파라인플루엔자바이러스,289.0,92.38095238095238,105,3
2017,18,2017-04-30,2017-05-06,호흡기세포융합바이러스,21.0,32.38095238095238,105,1
2017,19,2017-05-07,2017-05-13,리노바이러스,440.0,80.0,105,2
2017,19,2017-05-07,2017-05-13,마이코플라즈마균,136.0,11.428571428571429,105,1
2017,19,2017-05-07,2017-05-13,사람메타뉴모바이러스,147.0,80.0,105,2
2017,19,2017-05-07,2017-05-13,사람보카바이러스,373.0,100.0,105,4
2017,19,2017-05-07,2017-05-13,사람코로나바이러스,77.0,67.61904761904762,105,2
2017,19,2017-05-07,2017-05-13,아데노바이러스,254.0,79.04761904761905,105,2
2017,19,2017-05-07,2017-05-13,인플루엔자바이러스,85.0,62.857142857142854,105,2
2017,19,2017-05-07,2017-05-13,코로나19,,,,
2017,19,2017-05-07,2017-05-13,클라미디아균,8.0,33.33333333333333,105,1
2017,19,2017-05-07,2017-05-13,파라인플루엔자바이러스,406.0,99.04761904761905,105,4
2017,19,2017-05-07,2017-05-13,호흡기세포융합바이러스,22.0,33.33333333333333,105,1
2017,20,2017-05-14,2017-05-20,리노바이러스,383.0,62.857142857142854,105,2
2017,20,2017-05-14,2017-05-20,마이코플라즈마균,128.0,7.6190476190476195,105,1
2017,20,2017-05-14,2017-05-20,사람메타뉴모바이러스,89.0,73.33333333333333,105,2
2017,20,2017-05-14,2017-05-20,사람보카바이러스,252.0,97.14285714285714,105,4
2017,20,2017-05-14,2017-05-20,사람코로나바이러스,54.0,60.952380952380956,105,2
2017,20,2017-05-14,2017-05-20,아데노바이러스,150.0,42.857142857142854,105,1
2017,20,2017-05-14,2017-05-20,인플루엔자바이러스,50.0,59.04761904761905,105,1
2017,20,2017-05-14,2017-05-20,코로나19,,,,
2017,20,2017-05-14,2017-05-20,클라미디아균,5.0,14.285714285714285,105,1
2017,20,2017-05-14,2017-05-20,파라인플루엔자바이러스,392.0,98.09523809523809,105,4
2017,20,2017-05-14,2017-05-20,호흡기세포융합바이러스,16.0,25.71428571428571,105,1
2017,21,2017-05-21,2017-05-27,리노바이러스,401.0,74.28571428571429,105,2
2017,21,2017-05-21,2017-05-27,마이코플라즈마균,117.0,4.761904761904762,105,1
2017,21,2017-05-21,2017-05-27,사람메타뉴모바이러스,87.0,73.33333333333333,105,2
2017,21,2017-05-21,2017-05-27,사람보카바이러스,264.0,97.14285714285714,105,4
2017,21,2017-05-21,2017-05-27,사람코로나바이러스,59.0,61.904761904761905,105,2
2017,21,2017-05-21,2017-05-27,아데노바이러스,159.0,43.80952380952381,105,1
2017,21,2017-05-21,2017-05-27,인플루엔자바이러스,44.0,58.0952380952381,105,1
2017,21,2017-05-21,2017-05-27,코로나19,,,,
2017,21,2017-05-21,2017-05-27,클라미디아균,2.0,0.0,105,1
2017,21,2017-05-21,2017-05-27,파라인플루엔자바이러스,373.0,98.09523809523809,105,4
2017,21,2017-05-21,2017-05-27,호흡기세포융합바이러스,20.0,31.428571428571427,105,1
2017,22,2017-05-28,2017-06-03,리노바이러스,394.0,69.52380952380952,105,2
2017,22,2017-05-28,2017-06-03,마이코플라즈마균,104.0,4.761904761904762,105,1
2017,22,2017-05-28,2017-06-03,사람메타뉴모바이러스,43.0,64.76190476190476,105,2
2017,22,2017-05-28,2017-06-03,사람보카바이러스,189.0,88.57142857142857,105,2
2017,22,2017-05-28,2017-06-03,사람코로나바이러스,40.0,50.476190476190474,105,1
2017,22,2017-05-28,2017-06-03,아데노바이러스,178.0,49.523809523809526,105,1
2017,22,2017-05-28,2017-06-03,인플루엔자바이러스,24.0,51.42857142857142,105,1
2017,22,2017-05-28,2017-06-03,코로나19,,,,
2017,22,2017-05-28,2017-06-03,클라미디아균,0.0,0.0,105,1
2017,22,2017-05-28,2017-06-03,파라인플루엔자바이러스,308.0,94.28571428571428,105,3
2017,22,2017-05-28,2017-06-03,호흡기세포융합바이러스,18.0,27.61904761904762,105,1
2017,23,2017-06-04,2017-06-10,리노바이러스,374.0,60.0,105,2
2017,23,2017-06-04,2017-06-10,마이코플라즈마균,83.0,2.857142857142857,105,1
2017,23,2017-06-04,2017-06-10,사람메타뉴모바이러스,25.0,48.57142857142857,105,1
2017,23,2017-06-04,2017-06-10,사람보카바이러스,167.0,87.61904761904762,105,2
2017,23,2017-06-04,2017-06-10,사람코로나바이러스,31.0,44.761904761904766,105,1
2017,23,2017-06-04,2017-06-10,아데노바이러스,166.0,44.761904761904766,105,1
2017,23,2017-06-04,2017-06-10,인플루엔자바이러스,31.0,54.285714285714285,105,1
2017,23,2017-06-04,2017-06-10,코로나19,,,,
2017,23,2017-06-04,2017-06-10,클라미디아균,4.0,4.761904761904762,105,1
2017,23,2017-06-04,2017-06-10,파라인플루엔자바이러스,286.0,92.38095238095238,105,3
2017,23,2017-06-04,2017-06-10,호흡기세포융합바이러스,14.0,20.0,105,1
2017,24,2017-06-11,2017-06-17,리노바이러스,301.0,40.95238095238095,105,1
2017,24,2017-06-11,2017-06-17,마이코플라즈마균,80.0,1.9047619047619049,105,1
2017,24,2017-06-11,2017-06-17,사람메타뉴모바이러스,23.0,46.666666666666664,105,1
2017,24,2017-06-11,2017-06-17,사람보카바이러스,133.0,82.85714285714286,105,2
2017,24,2017-06-11,2017-06-17,사람코로나바이러스,21.0,35.23809523809524,105,1
2017,24,2017-06-11,2017-06-17,아데노바이러스,133.0,37.142857142857146,105,1
2017,24,2017-06-11,2017-06-17,인플루엔자바이러스,20.0,48.57142857142857,105,1
2017,24,2017-06-11,2017-06-17,코로나19,,,,
2017,24,2017-06-11,2017-06-17,클라미디아균,9.0,39.04761904761905,105,1
2017,24,2017-06-11,2017-06-17,파라인플루엔자바이러스,260.0,91.42857142857143,105,3
2017,24,2017-06-11,2017-06-17,호흡기세포융합바이러스,8.0,13.333333333333334,105,1
2017,25,2017-06-18,2017-06-24,리노바이러스,328.0,44.761904761904766,105,1
2017,25,2017-06-18,2017-06-24,마이코플라즈마균,70.0,0.0,105,1
2017,25,2017-06-18,2017-06-24,사람메타뉴모바이러스,10.0,22.857142857142858,105,1
2017,25,2017-06-18,2017-06-24,사람보카바이러스,114.0,79.04761904761905,105,2
2017,25,2017-06-18,2017-06-24,사람코로나바이러스,33.0,44.761904761904766,105,1
2017,25,2017-06-18,2017-06-24,아데노바이러스,159.0,43.80952380952381,105,1
2017,25,2017-06-18,2017-06-24,인플루엔자바이러스,23.0,51.42857142857142,105,1
2017,25,2017-06-18,2017-06-24,코로나19,,,,
2017,25,2017-06-18,2017-06-24,클라미디아균,1.0,0.0,105,1
2017,25,2017-06-18,2017-06-24,파라인플루엔자바이러스,205.0,83.80952380952381,105,2
2017,25,2017-06-18,2017-06-24,호흡기세포융합바이러스,12.0,19.047619047619047,105,1
2017,26,2017-06-25,2017-07-01,리노바이러스,317.0,42.857142857142854,105,1
2017,26,2017-06-25,2017-07-01,마이코플라즈마균,57.0,0.0,105,1
2017,26,2017-06-25,2017-07-01,사람메타뉴모바이러스,13.0,30.476190476190478,105,1
2017,26,2017-06-25,2017-07-01,사람보카바이러스,89.0,75.23809523809524,105,2
2017,26,2017-06-25,2017-07-01,사람코로나바이러스,12.0,22.857142857142858,105,1
2017,26,2017-06-25,2017-07-01,아데노바이러스,128.0,36.19047619047619,105,1
2017,26,2017-06-25,2017-07-01,인플루엔자바이러스,10.0,32.38095238095238,105,1
2017,26,2017-06-25,2017-07-01,코로나19,,,,
2017,26,2017-06-25,2017-07-01,클라미디아균,3.0,0.9523809523809524,105,1
2017,26,2017-06-25,2017-07-01,파라인플루엔자바이러스,211.0,84.76190476190476,105,2
2017,26,2017-06-25,2017-07-01,호흡기세포융합바이러스,7.0,10.476190476190476,105,1
2017,27,2017-07-02,2017-07-08,리노바이러스,299.0,40.95238095238095,105,1
2017,27,2017-07-02,2017-07-08,마이코플라즈마균,73.0,0.9523809523809524,105,1
2017,27,2017-07-02,2017-07-08,사람메타뉴모바이러스,11.0,26.666666666666668,105,1
2017,27,2017-07-02,2017-07-08,사람보카바이러스,71.0,74.28571428571429,105,2
2017,27,2017-07-02,2017-07-08,사람코로나바이러스,4.0,7.6190476190476195,105,1
2017,27,2017-07-02,2017-07-08,아데노바이러스,76.0,19.047619047619047,105,1
2017,27,2017-07-02,2017-07-08,인플루엔자바이러스,8.0,27.61904761904762,105,1
2017,27,2017-07-02,2017-07-08,코로나19,,,,
2017,27,2017-07-02,2017-07-08,클라미디아균,2.0,0.0,105,1
2017,27,2017-07-02,2017-07-08,파라인플루엔자바이러스,192.0,81.9047619047619,105,2
2017,27,2017-07-02,2017-07-08,호흡기세포융합바이러스,11.0,18.095238095238095,105,1
2017,28,2017-07-09,2017-07-15,리노바이러스,302.0,40.95238095238095,105,1
2017,28,2017-07-09,2017-07-15,마이코플라즈마균,82.0,2.857142857142857,105,1
2017,28,2017-07-09,2017-07-15,사람메타뉴모바이러스,11.0,26.666666666666668,105,1
2017,28,2017-07-09,2017-07-15,사람보카바이러스,72.0,74.28571428571429,105,2
2017,28,2017-07-09,2017-07-15,사람코로나바이러스,13.0,22.857142857142858,105,1
2017,28,2017-07-09,2017-07-15,아데노바이러스,89.0,22.857142857142858,105,1
2017,28,2017-07-09,2017-07-15,인플루엔자바이러스,16.0,45.714285714285715,105,1
2017,28,2017-07-09,2017-07-15,코로나19,,,,
2017,28,2017-07-09,2017-07-15,클라미디아균,0.0,0.0,105,1
2017,28,2017-07-09,2017-07-15,파라인플루엔자바이러스,227.0,85.71428571428571,105,2
2017,28,2017-07-09,2017-07-15,호흡기세포융합바이러스,13.0,20.0,105,1
2017,29,2017-07-16,2017-07-22,리노바이러스,309.0,41.904761904761905,105,1
2017,29,2017-07-16,2017-07-22,마이코플라즈마균,62.0,0.0,105,1
2017,29,2017-07-16,2017-07-22,사람메타뉴모바이러스,11.0,26.666666666666668,105,1
2017,29,2017-07-16,2017-07-22,사람보카바이러스,62.0,70.47619047619048,105,2
2017,29,2017-07-16,2017-07-22,사람코로나바이러스,17.0,26.666666666666668,105,1
2017,29,2017-07-16,2017-07-22,아데노바이러스,92.0,24.761904761904763,105,1
2017,29,2017-07-16,2017-07-22,인플루엔자바이러스,11.0,37.142857142857146,105,1
2017,29,2017-07-16,2017-07-22,코로나19,,,,
2017,29,2017-07-16,2017-07-22,클라미디아균,0.0,0.0,105,1
2017,29,2017-07-16,2017-07-22,파라인플루엔자바이러스,199.0,83.80952380952381,105,2
2017,29,2017-07-16,2017-07-22,호흡기세포융합바이러스,13.0,20.0,105,1
2017,30,2017-07-23,2017-07-29,리노바이러스,319.0,42.857142857142854,105,1
2017,30,2017-07-23,2017-07-29,마이코플라즈마균,80.0,1.9047619047619049,105,1
2017,30,2017-07-23,2017-07-29,사람메타뉴모바이러스,12.0,27.61904761904762,105,1
2017,30,2017-07-23,2017-07-29,사람보카바이러스,47.0,57.14285714285714,105,1
2017,30,2017-07-23,2017-07-29,사람코로나바이러스,13.0,22.857142857142858,105,1
2017,30,2017-07-23,2017-07-29,아데노바이러스,84.0,21.904761904761905,105,1
2017,30,2017-07-23,2017-07-29,인플루엔자바이러스,13.0,40.95238095238095,105,1
2017,30,2017-07-23,2017-07-29,코로나19,,,,
2017,30,2017-07-23,2017-07-29,클라미디아균,2.0,0.0,105,1
2017,30,2017-07-23,2017-07-29,파라인플루엔자바이러스,172.0,75.23809523809524,105,2
2017,30,2017-07-23,2017-07-29,호흡기세포융합바이러스,17.0,26.666666666666668,105,1
2017,31,2017-07-30,2017-08-05,리노바이러스,389.0,64.76190476190476,105,2
2017,31,2017-07-30,2017-08-05,마이코플라즈마균,86.0,2.857142857142857,105,1
2017,31,2017-07-30,2017-08-05,사람메타뉴모바이러스,7.0,15.238095238095239,105,1
2017,31,2017-07-30,2017-08-05,사람보카바이러스,51.0,60.952380952380956,105,2
2017,31,2017-07-30,2017-08-05,사람코로나바이러스,12.0,22.857142857142858,105,1
2017,31,2017-07-30,2017-08-05,아데노바이러스,85.0,21.904761904761905,105,1
2017,31,2017-07-30,2017-08-05,인플루엔자바이러스,23.0,51.42857142857142,105,1
2017,31,2017-07-30,2017-08-05,코로나19,,,,
2017,31,2017-07-30,2017-08-05,클라미디아균,5.0,14.285714285714285,105,1
2017,31,2017-07-30,2017-08-05,파라인플루엔자바이러스,238.0,87.61904761904762,105,2
2017,31,2017-07-30,2017-08-05,호흡기세포융합바이러스,22.0,33.33333333333333,105,1
2017,32,2017-08-06,2017-08-12,리노바이러스,329.0,44.761904761904766,105,1
2017,32,2017-08-06,2017-08-12,마이코플라즈마균,110.0,4.761904761904762,105,1
2017,32,2017-08-06,2017-08-12,사람메타뉴모바이러스,4.0,0.9523809523809524,105,1
2017,32,2017-08-06,2017-08-12,사람보카바이러스,43.0,55.23809523809524,105,1
2017,32,2017-08-06,2017-08-12,사람코로나바이러스,12.0,22.857142857142858,105,1
2017,32,2017-08-06,2017-08-12,아데노바이러스,54.0,4.761904761904762,105,1
2017,32,2017-08-06,2017-08-12,인플루엔자바이러스,15.0,43.80952380952381,105,1
2017,32,2017-08-06,2017-08-12,코로나19,,,,
2017,32,2017-08-06,2017-08-12,클라미디아균,3.0,0.9523809523809524,105,1
2017,32,2017-08-06,2017-08-12,파라인플루엔자바이러스,195.0,81.9047619047619,105,2
2017,32,2017-08-06,2017-08-12,호흡기세포융합바이러스,13.0,20.0,105,1
2017,33,2017-08-13,2017-08-19,리노바이러스,343.0,49.523809523809526,105,1
2017,33,2017-08-13,2017-08-19,마이코플라즈마균,92.0,2.857142857142857,105,1
2017,33,2017-08-13,2017-08-19,사람메타뉴모바이러스,13.0,30.476190476190478,105,1
2017,33,2017-08-13,2017-08-19,사람보카바이러스,28.0,24.761904761904763,105,1
2017,33,2017-08-13,2017-08-19,사람코로나바이러스,2.0,5.714285714285714,105,1
2017,33,2017-08-13,2017-08-19,아데노바이러스,82.0,21.904761904761905,105,1
2017,33,2017-08-13,2017-08-19,인플루엔자바이러스,18.0,46.666666666666664,105,1
2017,33,2017-08-13,2017-08-19,코로나19,,,,
2017,33,2017-08-13,2017-08-19,클라미디아균,0.0,0.0,105,1
2017,33,2017-08-13,2017-08-19,파라인플루엔자바이러스,183.0,80.0,105,2
2017,33,2017-08-13,2017-08-19,호흡기세포융합바이러스,22.0,33.33333333333333,105,1
2017,34,2017-08-20,2017-08-26,리노바이러스,383.0,62.857142857142854,105,2
2017,34,2017-08-20,2017-08-26,마이코플라즈마균,95.0,2.857142857142857,105,1
2017,34,2017-08-20,2017-08-26,사람메타뉴모바이러스,6.0,11.428571428571429,105,1
2017,34,2017-08-20,2017-08-26,사람보카바이러스,33.0,37.142857142857146,105,1
2017,34,2017-08-20,2017-08-26,사람코로나바이러스,7.0,14.285714285714285,105,1
2017,34,2017-08-20,2017-08-26,아데노바이러스,75.0,19.047619047619047,105,1
2017,34,2017-08-20,2017-08-26,인플루엔자바이러스,13.0,40.95238095238095,105,1
2017,34,2017-08-20,2017-08-26,코로나19,,,,
2017,34,2017-08-20,2017-08-26,클라미디아균,1.0,0.0,105,1
2017,34,2017-08-20,2017-08-26,파라인플루엔자바이러스,170.0,72.38095238095238,105,2
2017,34,2017-08-20,2017-08-26,호흡기세포융합바이러스,48.0,46.666666666666664,105,1
2017,35,2017-08-27,2017-09-02,리노바이러스,468.0,87.61904761904762,105,2
2017,35,2017-08-27,2017-09-02,마이코플라즈마균,82.0,2.857142857142857,105,1
2017,35,2017-08-27,2017-09-02,사람메타뉴모바이러스,8.0,16.19047619047619,105,1
2017,35,2017-08-27,2017-09-02,사람보카바이러스,49.0,58.0952380952381,105,1
2017,35,2017-08-27,2017-09-02,사람코로나바이러스,8.0,16.19047619047619,105,1
2017,35,2017-08-27,2017-09-02,아데노바이러스,109.0,31.428571428571427,105,1
2017,35,2017-08-27,2017-09-02,인플루엔자바이러스,17.0,45.714285714285715,105,1
2017,35,2017-08-27,2017-09-02,코로나19,,,,
2017,35,2017-08-27,2017-09-02,클라미디아균,1.0,0.0,105,1
2017,35,2017-08-27,2017-09-02,파라인플루엔자바이러스,186.0,80.95238095238095,105,2
2017,35,2017-08-27,2017-09-02,호흡기세포융합바이러스,67.0,51.42857142857142,105,1
2017,36,2017-09-03,2017-09-09,리노바이러스,505.0,93.33333333333333,105,3
2017,36,2017-09-03,2017-09-09,마이코플라즈마균,79.0,1.9047619047619049,105,1
2017,36,2017-09-03,2017-09-09,사람메타뉴모바이러스,5.0,4.761904761904762,105,1
2017,36,2017-09-03,2017-09-09,사람보카바이러스,28.0,24.761904761904763,105,1
2017,36,2017-09-03,2017-09-09,사람코로나바이러스,9.0,16.19047619047619,105,1
2017,36,2017-09-03,2017-09-09,아데노바이러스,106.0,31.428571428571427,105,1
2017,36,2017-09-03,2017-09-09,인플루엔자바이러스,18.0,46.666666666666664,105,1
2017,36,2017-09-03,2017-09-09,코로나19,,,,
2017,36,2017-09-03,2017-09-09,클라미디아균,6.0,20.0,105,1
2017,36,2017-09-03,2017-09-09,파라인플루엔자바이러스,206.0,83.80952380952381,105,2
2017,36,2017-09-03,2017-09-09,호흡기세포융합바이러스,87.0,57.14285714285714,105,1
2017,37,2017-09-10,2017-09-16,리노바이러스,553.0,100.0,105,4
2017,37,2017-09-10,2017-09-16,마이코플라즈마균,105.0,4.761904761904762,105,1
2017,37,2017-09-10,2017-09-16,사람메타뉴모바이러스,8.0,16.19047619047619,105,1
2017,37,2017-09-10,2017-09-16,사람보카바이러스,43.0,55.23809523809524,105,1
2017,37,2017-09-10,2017-09-16,사람코로나바이러스,4.0,7.6190476190476195,105,1
2017,37,2017-09-10,2017-09-16,아데노바이러스,99.0,28.57142857142857,105,1
2017,37,2017-09-10,2017-09-16,인플루엔자바이러스,15.0,43.80952380952381,105,1
2017,37,2017-09-10,2017-09-16,코로나19,,,,
2017,37,2017-09-10,2017-09-16,클라미디아균,4.0,4.761904761904762,105,1
2017,37,2017-09-10,2017-09-16,파라인플루엔자바이러스,176.0,77.14285714285715,105,2
2017,37,2017-09-10,2017-09-16,호흡기세포융합바이러스,121.0,63.8095238095238,105,2
2017,38,2017-09-17,2017-09-23,리노바이러스,579.0,100.0,105,4
2017,38,2017-09-17,2017-09-23,마이코플라즈마균,112.0,4.761904761904762,105,1
2017,38,2017-09-17,2017-09-23,사람메타뉴모바이러스,8.0,16.19047619047619,105,1
2017,38,2017-09-17,2017-09-23,사람보카바이러스,42.0,53.333333333333336,105,1
2017,38,2017-09-17,2017-09-23,사람코로나바이러스,16.0,25.71428571428571,105,1
2017,38,2017-09-17,2017-09-23,아데노바이러스,111.0,31.428571428571427,105,1
2017,38,2017-09-17,2017-09-23,인플루엔자바이러스,28.0,53.333333333333336,105,1
2017,38,2017-09-17,2017-09-23,코로나19,,,,
2017,38,2017-09-17,2017-09-23,클라미디아균,4.0,4.761904761904762,105,1
2017,38,2017-09-17,2017-09-23,파라인플루엔자바이러스,153.0,67.61904761904762,105,2
2017,38,2017-09-17,2017-09-23,호흡기세포융합바이러스,152.0,66.66666666666666,105,2
2017,39,2017-09-24,2017-09-30,리노바이러스,614.0,100.0,105,4
2017,39,2017-09-24,2017-09-30,마이코플라즈마균,123.0,5.714285714285714,105,1
2017,39,2017-09-24,2017-09-30,사람메타뉴모바이러스,9.0,21.904761904761905,105,1
2017,39,2017-09-24,2017-09-30,사람보카바이러스,45.0,57.14285714285714,105,1
2017,39,2017-09-24,2017-09-30,사람코로나바이러스,14.0,23.809523809523807,105,1
2017,39,2017-09-24,2017-09-30,아데노바이러스,116.0,34.285714285714285,105,1
2017,39,2017-09-24,2017-09-30,인플루엔자바이러스,16.0,45.714285714285715,105,1
2017,39,2017-09-24,2017-09-30,코로나19,,,,
2017,39,2017-09-24,2017-09-30,클라미디아균,12.0,61.904761904761905,105,2
2017,39,2017-09-24,2017-09-30,파라인플루엔자바이러스,206.0,83.80952380952381,105,2
2017,39,2017-09-24,2017-09-30,호흡기세포융합바이러스,226.0,73.33333333333333,105,2
2017,40,2017-10-01,2017-10-07,리노바이러스,311.0,41.904761904761905,105,1
2017,40,2017-10-01,2017-10-07,마이코플라즈마균,73.0,0.9523809523809524,105,1
2017,40,2017-10-01,2017-10-07,사람메타뉴모바이러스,4.0,0.9523809523809524,105,1
2017,40,2017-10-01,2017-10-07,사람보카바이러스,14.0,3.8095238095238098,105,1
2017,40,2017-10-01,2017-10-07,사람코로나바이러스,14.0,23.809523809523807,105,1
2017,40,2017-10-01,2017-10-07,아데노바이러스,54.0,4.761904761904762,105,1
2017,40,2017-10-01,2017-10-07,인플루엔자바이러스,8.0,27.61904761904762,105,1
2017,40,2017-10-01,2017-10-07,코로나19,,,,
2017,40,2017-10-01,2017-10-07,클라미디아균,2.0,0.0,105,1
2017,40,2017-10-01,2017-10-07,파라인플루엔자바이러스,83.0,44.761904761904766,105,1
2017,40,2017-10-01,2017-10-07,호흡기세포융합바이러스,132.0,65.71428571428571,105,2
2017,41,2017-10-08,2017-10-14,리노바이러스,484.0,90.47619047619048,105,3
2017,41,2017-10-08,2017-10-14,마이코플라즈마균,117.0,4.761904761904762,105,1
2017,41,2017-10-08,2017-10-14,사람메타뉴모바이러스,7.0,15.238095238095239,105,1
2017,41,2017-10-08,2017-10-14,사람보카바이러스,26.0,20.952380952380953,105,1
2017,41,2017-10-08,2017-10-14,사람코로나바이러스,15.0,23.809523809523807,105,1
2017,41,2017-10-08,2017-10-14,아데노바이러스,103.0,31.428571428571427,105,1
2017,41,2017-10-08,2017-10-14,인플루엔자바이러스,11.0,37.142857142857146,105,1
2017,41,2017-10-08,2017-10-14,코로나19,,,,
2017,41,2017-10-08,2017-10-14,클라미디아균,5.0,14.285714285714285,105,1
2017,41,2017-10-08,2017-10-14,파라인플루엔자바이러스,135.0,61.904761904761905,105,2
2017,41,2017-10-08,2017-10-14,호흡기세포융합바이러스,274.0,75.23809523809524,105,2
2017,42,2017-10-15,2017-10-21,리노바이러스,465.0,86.66666666666667,105,2
2017,42,2017-10-15,2017-10-21,마이코플라즈마균,126.0,6.666666666666667,105,1
2017,42,2017-10-15,2017-10-21,사람메타뉴모바이러스,7.0,15.238095238095239,105,1
2017,42,2017-10-15,2017-10-21,사람보카바이러스,26.0,20.952380952380953,105,1
2017,42,2017-10-15,2017-10-21,사람코로나바이러스,25.0,38.095238095238095,105,1
2017,42,2017-10-15,2017-10-21,아데노바이러스,120.0,34.285714285714285,105,1
2017,42,2017-10-15,2017-10-21,인플루엔자바이러스,30.0,54.285714285714285,105,1
2017,42,2017-10-15,2017-10-21,코로나19,,,,
2017,42,2017-10-15,2017-10-21,클라미디아균,3.0,0.9523809523809524,105,1
2017,42,2017-10-15,2017-10-21,파라인플루엔자바이러스,91.0,47.61904761904761,105,1
2017,42,2017-10-15,2017-10-21,호흡기세포융합바이러스,301.0,77.14285714285715,105,2
2017,43,2017-10-22,2017-10-28,리노바이러스,608.0,100.0,105,4
2017,43,2017-10-22,2017-10-28,마이코플라즈마균,155.0,22.857142857142858,105,1
2017,43,2017-10-22,2017-10-28,사람메타뉴모바이러스,20.0,40.95238095238095,105,1
2017,43,2017-10-22,2017-10-28,사람보카바이러스,40.0,51.42857142857142,105,1
2017,43,2017-10-22,2017-10-28,사람코로나바이러스,41.0,50.476190476190474,105,1
2017,43,2017-10-22,2017-10-28,아데노바이러스,143.0,40.95238095238095,105,1
2017,43,2017-10-22,2017-10-28,인플루엔자바이러스,27.0,53.333333333333336,105,1
2017,43,2017-10-22,2017-10-28,코로나19,,,,
2017,43,2017-10-22,2017-10-28,클라미디아균,4.0,4.761904761904762,105,1
2017,43,2017-10-22,2017-10-28,파라인플루엔자바이러스,119.0,54.285714285714285,105,1
2017,43,2017-10-22,2017-10-28,호흡기세포융합바이러스,504.0,84.76190476190476,105,2
2017,44,2017-10-29,2017-11-04,리노바이러스,683.0,100.0,105,4
2017,44,2017-10-29,2017-11-04,마이코플라즈마균,183.0,37.142857142857146,105,1
2017,44,2017-10-29,2017-11-04,사람메타뉴모바이러스,11.0,26.666666666666668,105,1
2017,44,2017-10-29,2017-11-04,사람보카바이러스,36.0,42.857142857142854,105,1
2017,44,2017-10-29,2017-11-04,사람코로나바이러스,54.0,60.952380952380956,105,2
2017,44,2017-10-29,2017-11-04,아데노바이러스,160.0,43.80952380952381,105,1
2017,44,2017-10-29,2017-11-04,인플루엔자바이러스,33.0,55.23809523809524,105,1
2017,44,2017-10-29,2017-11-04,코로나19,,,,
2017,44,2017-10-29,2017-11-04,클라미디아균,6.0,20.0,105,1
2017,44,2017-10-29,2017-11-04,파라인플루엔자바이러스,119.0,54.285714285714285,105,1
2017,44,2017-10-29,2017-11-04,호흡기세포융합바이러스,597.0,86.66666666666667,105,2
2017,45,2017-11-05,2017-11-11,리노바이러스,746.0,100.0,105,4
2017,45,2017-11-05,2017-11-11,마이코플라즈마균,180.0,36.19047619047619,105,1
2017,45,2017-11-05,2017-11-11,사람메타뉴모바이러스,11.0,26.666666666666668,105,1
2017,45,2017-11-05,2017-11-11,사람보카바이러스,37.0,45.714285714285715,105,1
2017,45,2017-11-05,2017-11-11,사람코로나바이러스,54.0,60.952380952380956,105,2
2017,45,2017-11-05,2017-11-11,아데노바이러스,175.0,47.61904761904761,105,1
2017,45,2017-11-05,2017-11-11,인플루엔자바이러스,47.0,58.0952380952381,105,1
2017,45,2017-11-05,2017-11-11,코로나19,,,,
2017,45,2017-11-05,2017-11-11,클라미디아균,7.0,24.761904761904763,105,1
2017,45,2017-11-05,2017-11-11,파라인플루엔자바이러스,112.0,52.38095238095239,105,1
2017,45,2017-11-05,2017-11-11,호흡기세포융합바이러스,810.0,90.47619047619048,105,3
2017,46,2017-11-12,2017-11-18,리노바이러스,702.0,100.0,105,4
2017,46,2017-11-12,2017-11-18,마이코플라즈마균,198.0,43.80952380952381,105,1
2017,46,2017-11-12,2017-11-18,사람메타뉴모바이러스,9.0,21.904761904761905,105,1
2017,46,2017-11-12,2017-11-18,사람보카바이러스,48.0,58.0952380952381,105,1
2017,46,2017-11-12,2017-11-18,사람코로나바이러스,71.0,66.66666666666666,105,2
2017,46,2017-11-12,2017-11-18,아데노바이러스,162.0,43.80952380952381,105,1
2017,46,2017-11-12,2017-11-18,인플루엔자바이러스,45.0,58.0952380952381,105,1
2017,46,2017-11-12,2017-11-18,코로나19,,,,
2017,46,2017-11-12,2017-11-18,클라미디아균,4.0,4.761904761904762,105,1
2017,46,2017-11-12,2017-11-18,파라인플루엔자바이러스,147.0,64.76190476190476,105,2
2017,46,2017-11-12,2017-11-18,호흡기세포융합바이러스,929.0,93.33333333333333,105,3
2017,47,2017-11-19,2017-11-25,리노바이러스,621.0,100.0,105,4
2017,47,2017-11-19,2017-11-25,마이코플라즈마균,207.0,48.57142857142857,105,1
2017,47,2017-11-19,2017-11-25,사람메타뉴모바이러스,12.0,27.61904761904762,105,1
2017,47,2017-11-19,2017-11-25,사람보카바이러스,44.0,57.14285714285714,105,1
2017,47,2017-11-19,2017-11-25,사람코로나바이러스,98.0,74.28571428571429,105,2
2017,47,2017-11-19,2017-11-25,아데노바이러스,160.0,43.80952380952381,105,1
2017,47,2017-11-19,2017-11-25,인플루엔자바이러스,93.0,63.8095238095238,105,2
2017,47,2017-11-19,2017-11-25,코로나19,,,,
2017,47,2017-11-19,2017-11-25,클라미디아균,12.0,61.904761904761905,105,2
2017,47,2017-11-19,2017-11-25,파라인플루엔자바이러스,106.0,52.38095238095239,105,1
2017,47,2017-11-19,2017-11-25,호흡기세포융합바이러스,1237.0,100.0,105,4
2017,48,2017-11-26,2017-12-02,리노바이러스,530.0,98.09523809523809,105,4
2017,48,2017-11-26,2017-12-02,마이코플라즈마균,195.0,40.95238095238095,105,1
2017,48,2017-11-26,2017-12-02,사람메타뉴모바이러스,17.0,37.142857142857146,105,1
2017,48,2017-11-26,2017-12-02,사람보카바이러스,48.0,58.0952380952381,105,1
2017,48,2017-11-26,2017-12-02,사람코로나바이러스,151.0,86.66666666666667,105,2
2017,48,2017-11-26,2017-12-02,아데노바이러스,153.0,42.857142857142854,105,1
2017,48,2017-11-26,2017-12-02,인플루엔자바이러스,181.0,70.47619047619048,105,2
2017,48,2017-11-26,2017-12-02,코로나19,,,,
2017,48,2017-11-26,2017-12-02,클라미디아균,4.0,4.761904761904762,105,1
2017,48,2017-11-26,2017-12-02,파라인플루엔자바이러스,100.0,49.523809523809526,105,1
2017,48,2017-11-26,2017-12-02,호흡기세포융합바이러스,1364.0,100.0,105,4
2017,49,2017-12-03,2017-12-09,리노바이러스,519.0,96.19047619047619,105,4
2017,49,2017-12-03,2017-12-09,마이코플라즈마균,201.0,44.761904761904766,105,1
2017,49,2017-12-03,2017-12-09,사람메타뉴모바이러스,16.0,34.285714285714285,105,1
2017,49,2017-12-03,2017-12-09,사람보카바이러스,57.0,66.66666666666666,105,2
2017,49,2017-12-03,2017-12-09,사람코로나바이러스,162.0,89.52380952380953,105,2
2017,49,2017-12-03,2017-12-09,아데노바이러스,164.0,44.761904761904766,105,1
2017,49,2017-12-03,2017-12-09,인플루엔자바이러스,336.0,78.0952380952381,105,2
2017,49,2017-12-03,2017-12-09,코로나19,,,,
2017,49,2017-12-03,2017-12-09,클라미디아균,1.0,0.0,105,1
2017,49,2017-12-03,2017-12-09,파라인플루엔자바이러스,100.0,49.523809523809526,105,1
2017,49,2017-12-03,2017-12-09,호흡기세포융합바이러스,1460.0,100.0,105,4
2017,50,2017-12-10,2017-12-16,리노바이러스,450.0,85.71428571428571,105,2
2017,50,2017-12-10,2017-12-16,마이코플라즈마균,192.0,40.95238095238095,105,1
2017,50,2017-12-10,2017-12-16,사람메타뉴모바이러스,21.0,42.857142857142854,105,1
2017,50,2017-12-10,2017-12-16,사람보카바이러스,43.0,55.23809523809524,105,1
2017,50,2017-12-10,2017-12-16,사람코로나바이러스,220.0,98.09523809523809,105,4
2017,50,2017-12-10,2017-12-16,아데노바이러스,169.0,44.761904761904766,105,1
2017,50,2017-12-10,2017-12-16,인플루엔자바이러스,572.0,94.28571428571428,105,3
2017,50,2017-12-10,2017-12-16,코로나19,,,,
2017,50,2017-12-10,2017-12-16,클라미디아균,4.0,4.761904761904762,105,1
2017,50,2017-12-10,2017-12-16,파라인플루엔자바이러스,111.0,52.38095238095239,105,1
2017,50,2017-12-10,2017-12-16,호흡기세포융합바이러스,1245.0,100.0,105,4
2017,51,2017-12-17,2017-12-23,리노바이러스,397.0,72.38095238095238,105,2
2017,51,2017-12-17,2017-12-23,마이코플라즈마균,224.0,52.38095238095239,105,1
2017,51,2017-12-17,2017-12-23,사람메타뉴모바이러스,18.0,40.0,105,1
2017,51,2017-12-17,2017-12-23,사람보카바이러스,41.0,52.38095238095239,105,1
2017,51,2017-12-17,2017-12-23,사람코로나바이러스,326.0,100.0,105,4
2017,51,2017-12-17,2017-12-23,아데노바이러스,171.0,44.761904761904766,105,1
2017,51,2017-12-17,2017-12-23,인플루엔자바이러스,1303.0,100.0,105,4
2017,51,2017-12-17,2017-12-23,코로나19,,,,
2017,51,2017-12-17,2017-12-23,클라미디아균,2.0,0.0,105,1
2017,51,2017-12-17,2017-12-23,파라인플루엔자바이러스,119.0,54.285714285714285,105,1
2017,51,2017-12-17,2017-12-23,호흡기세포융합바이러스,1024.0,95.23809523809523,105,4
2017,52,2017-12-24,2017-12-30,리노바이러스,307.0,41.904761904761905,105,1
2017,52,2017-12-24,2017-12-30,마이코플라즈마균,212.0,48.57142857142857,105,1
2017,52,2017-12-24,2017-12-30,사람메타뉴모바이러스,19.0,40.0,105,1
2017,52,2017-12-24,2017-12-30,사람보카바이러스,27.0,22.857142857142858,105,1
2017,52,2017-12-24,2017-12-30,사람코로나바이러스,342.0,100.0,105,4
2017,52,2017-12-24,2017-12-30,아데노바이러스,143.0,40.95238095238095,105,1
2017,52,2017-12-24,2017-12-30,인플루엔자바이러스,2370.0,100.0,105,4
2017,52,2017-12-24,2017-12-30,코로나19,,,,
2017,52,2017-12-24,2017-12-30,클라미디아균,5.0,14.285714285714285,105,1
2017,52,2017-12-24,2017-12-30,파라인플루엔자바이러스,76.0,39.04761904761905,105,1
2017,52,2017-12-24,2017-12-30,호흡기세포융합바이러스,804.0,90.47619047619048,105,3
2018,1,2017-12-31,2018-01-06,리노바이러스,272.0,19.047619047619047,105,1
2018,1,2017-12-31,2018-01-06,마이코플라즈마균,182.0,49.523809523809526,105,1
2018,1,2017-12-31,2018-01-06,사람메타뉴모바이러스,37.0,58.0952380952381,105,1
2018,1,2017-12-31,2018-01-06,사람보카바이러스,22.0,4.761904761904762,105,1
2018,1,2017-12-31,2018-01-06,사람코로나바이러스,356.0,100.0,105,4
2018,1,2017-12-31,2018-01-06,아데노바이러스,143.0,32.38095238095238,105,1
2018,1,2017-12-31,2018-01-06,인플루엔자바이러스,3314.0,100.0,105,4
2018,1,2017-12-31,2018-01-06,코로나19,,,,
2018,1,2017-12-31,2018-01-06,클라미디아균,8.0,69.52380952380952,105,2
2018,1,2017-12-31,2018-01-06,파라인플루엔자바이러스,79.0,32.38095238095238,105,1
2018,1,2017-12-31,2018-01-06,호흡기세포융합바이러스,785.0,85.71428571428571,105,2
2018,2,2018-01-07,2018-01-13,리노바이러스,212.0,14.285714285714285,105,1
2018,2,2018-01-07,2018-01-13,마이코플라즈마균,181.0,48.57142857142857,105,1
2018,2,2018-01-07,2018-01-13,사람메타뉴모바이러스,28.0,54.285714285714285,105,1
2018,2,2018-01-07,2018-01-13,사람보카바이러스,23.0,5.714285714285714,105,1
2018,2,2018-01-07,2018-01-13,사람코로나바이러스,355.0,100.0,105,4
2018,2,2018-01-07,2018-01-13,아데노바이러스,130.0,28.57142857142857,105,1
2018,2,2018-01-07,2018-01-13,인플루엔자바이러스,3108.0,100.0,105,4
2018,2,2018-01-07,2018-01-13,코로나19,,,,
2018,2,2018-01-07,2018-01-13,클라미디아균,9.0,75.23809523809524,105,2
2018,2,2018-01-07,2018-01-13,파라인플루엔자바이러스,49.0,22.857142857142858,105,1
2018,2,2018-01-07,2018-01-13,호흡기세포융합바이러스,588.0,81.9047619047619,105,2
2018,3,2018-01-14,2018-01-20,리노바이러스,201.0,13.333333333333334,105,1
2018,3,2018-01-14,2018-01-20,마이코플라즈마균,143.0,31.428571428571427,105,1
2018,3,2018-01-14,2018-01-20,사람메타뉴모바이러스,49.0,61.904761904761905,105,2
2018,3,2018-01-14,2018-01-20,사람보카바이러스,23.0,5.714285714285714,105,1
2018,3,2018-01-14,2018-01-20,사람코로나바이러스,325.0,98.09523809523809,105,4
2018,3,2018-01-14,2018-01-20,아데노바이러스,93.0,14.285714285714285,105,1
2018,3,2018-01-14,2018-01-20,인플루엔자바이러스,2563.0,100.0,105,4
2018,3,2018-01-14,2018-01-20,코로나19,,,,
2018,3,2018-01-14,2018-01-20,클라미디아균,3.0,20.0,105,1
2018,3,2018-01-14,2018-01-20,파라인플루엔자바이러스,61.0,25.71428571428571,105,1
2018,3,2018-01-14,2018-01-20,호흡기세포융합바이러스,455.0,79.04761904761905,105,2
2018,4,2018-01-21,2018-01-27,리노바이러스,188.0,11.428571428571429,105,1
2018,4,2018-01-21,2018-01-27,마이코플라즈마균,128.0,26.666666666666668,105,1
2018,4,2018-01-21,2018-01-27,사람메타뉴모바이러스,30.0,55.23809523809524,105,1
2018,4,2018-01-21,2018-01-27,사람보카바이러스,14.0,0.9523809523809524,105,1
2018,4,2018-01-21,2018-01-27,사람코로나바이러스,261.0,98.09523809523809,105,4
2018,4,2018-01-21,2018-01-27,아데노바이러스,85.0,10.476190476190476,105,1
2018,4,2018-01-21,2018-01-27,인플루엔자바이러스,1431.0,99.04761904761905,105,4
2018,4,2018-01-21,2018-01-27,코로나19,,,,
2018,4,2018-01-21,2018-01-27,클라미디아균,4.0,24.761904761904763,105,1
2018,4,2018-01-21,2018-01-27,파라인플루엔자바이러스,45.0,20.0,105,1
2018,4,2018-01-21,2018-01-27,호흡기세포융합바이러스,375.0,76.19047619047619,105,2
2018,5,2018-01-28,2018-02-03,리노바이러스,179.0,6.666666666666667,105,1
2018,5,2018-01-28,2018-02-03,마이코플라즈마균,120.0,21.904761904761905,105,1
2018,5,2018-01-28,2018-02-03,사람메타뉴모바이러스,31.0,56.19047619047619,105,1
2018,5,2018-01-28,2018-02-03,사람보카바이러스,34.0,25.71428571428571,105,1
2018,5,2018-01-28,2018-02-03,사람코로나바이러스,237.0,98.09523809523809,105,4
2018,5,2018-01-28,2018-02-03,아데노바이러스,103.0,17.142857142857142,105,1
2018,5,2018-01-28,2018-02-03,인플루엔자바이러스,1174.0,98.09523809523809,105,4
2018,5,2018-01-28,2018-02-03,코로나19,,,,
2018,5,2018-01-28,2018-02-03,클라미디아균,4.0,24.761904761904763,105,1
2018,5,2018-01-28,2018-02-03,파라인플루엔자바이러스,48.0,22.857142857142858,105,1
2018,5,2018-01-28,2018-02-03,호흡기세포융합바이러스,320.0,75.23809523809524,105,2
2018,6,2018-02-04,2018-02-10,리노바이러스,220.0,14.285714285714285,105,1
2018,6,2018-02-04,2018-02-10,마이코플라즈마균,88.0,11.428571428571429,105,1
2018,6,2018-02-04,2018-02-10,사람메타뉴모바이러스,38.0,58.0952380952381,105,1
2018,6,2018-02-04,2018-02-10,사람보카바이러스,27.0,11.428571428571429,105,1
2018,6,2018-02-04,2018-02-10,사람코로나바이러스,292.0,98.09523809523809,105,4
2018,6,2018-02-04,2018-02-10,아데노바이러스,105.0,18.095238095238095,105,1
2018,6,2018-02-04,2018-02-10,인플루엔자바이러스,992.0,98.09523809523809,105,4
2018,6,2018-02-04,2018-02-10,코로나19,,,,
2018,6,2018-02-04,2018-02-10,클라미디아균,12.0,85.71428571428571,105,2
2018,6,2018-02-04,2018-02-10,파라인플루엔자바이러스,54.0,24.761904761904763,105,1
2018,6,2018-02-04,2018-02-10,호흡기세포융합바이러스,381.0,76.19047619047619,105,2
2018,7,2018-02-11,2018-02-17,리노바이러스,210.0,14.285714285714285,105,1
2018,7,2018-02-11,2018-02-17,마이코플라즈마균,62.0,0.9523809523809524,105,1
2018,7,2018-02-11,2018-02-17,사람메타뉴모바이러스,56.0,62.857142857142854,105,2
2018,7,2018-02-11,2018-02-17,사람보카바이러스,21.0,4.761904761904762,105,1
2018,7,2018-02-11,2018-02-17,사람코로나바이러스,205.0,93.33333333333333,105,3
2018,7,2018-02-11,2018-02-17,아데노바이러스,97.0,15.238095238095239,105,1
2018,7,2018-02-11,2018-02-17,인플루엔자바이러스,641.0,92.38095238095238,105,3
2018,7,2018-02-11,2018-02-17,코로나19,,,,
2018,7,2018-02-11,2018-02-17,클라미디아균,10.0,80.95238095238095,105,2
2018,7,2018-02-11,2018-02-17,파라인플루엔자바이러스,36.0,14.285714285714285,105,1
2018,7,2018-02-11,2018-02-17,호흡기세포융합바이러스,286.0,74.28571428571429,105,2
2018,8,2018-02-18,2018-02-24,리노바이러스,274.0,20.952380952380953,105,1
2018,8,2018-02-18,2018-02-24,마이코플라즈마균,85.0,10.476190476190476,105,1
2018,8,2018-02-18,2018-02-24,사람메타뉴모바이러스,78.0,67.61904761904762,105,2
2018,8,2018-02-18,2018-02-24,사람보카바이러스,34.0,25.71428571428571,105,1
2018,8,2018-02-18,2018-02-24,사람코로나바이러스,238.0,98.09523809523809,105,4
2018,8,2018-02-18,2018-02-24,아데노바이러스,111.0,20.0,105,1
2018,8,2018-02-18,2018-02-24,인플루엔자바이러스,690.0,93.33333333333333,105,3
2018,8,2018-02-18,2018-02-24,코로나19,,,,
2018,8,2018-02-18,2018-02-24,클라미디아균,4.0,24.761904761904763,105,1
2018,8,2018-02-18,2018-02-24,파라인플루엔자바이러스,41.0,17.142857142857142,105,1
2018,8,2018-02-18,2018-02-24,호흡기세포융합바이러스,302.0,75.23809523809524,105,2
2018,9,2018-02-25,2018-03-03,리노바이러스,271.0,19.047619047619047,105,1
2018,9,2018-02-25,2018-03-03,마이코플라즈마균,82.0,7.6190476190476195,105,1
2018,9,2018-02-25,2018-03-03,사람메타뉴모바이러스,88.0,69.52380952380952,105,2
2018,9,2018-02-25,2018-03-03,사람보카바이러스,27.0,11.428571428571429,105,1
2018,9,2018-02-25,2018-03-03,사람코로나바이러스,154.0,84.76190476190476,105,2
2018,9,2018-02-25,2018-03-03,아데노바이러스,80.0,5.714285714285714,105,1
2018,9,2018-02-25,2018-03-03,인플루엔자바이러스,517.0,88.57142857142857,105,2
2018,9,2018-02-25,2018-03-03,코로나19,,,,
2018,9,2018-02-25,2018-03-03,클라미디아균,9.0,75.23809523809524,105,2
2018,9,2018-02-25,2018-03-03,파라인플루엔자바이러스,57.0,25.71428571428571,105,1
2018,9,2018-02-25,2018-03-03,호흡기세포융합바이러스,289.0,74.28571428571429,105,2
2018,10,2018-03-04,2018-03-10,리노바이러스,282.0,22.857142857142858,105,1
2018,10,2018-03-04,2018-03-10,마이코플라즈마균,51.0,0.0,105,1
2018,10,2018-03-04,2018-03-10,사람메타뉴모바이러스,102.0,72.38095238095238,105,2
2018,10,2018-03-04,2018-03-10,사람보카바이러스,18.0,3.8095238095238098,105,1
2018,10,2018-03-04,2018-03-10,사람코로나바이러스,157.0,85.71428571428571,105,2
2018,10,2018-03-04,2018-03-10,아데노바이러스,104.0,18.095238095238095,105,1
2018,10,2018-03-04,2018-03-10,인플루엔자바이러스,363.0,81.9047619047619,105,2
2018,10,2018-03-04,2018-03-10,코로나19,,,,
2018,10,2018-03-04,2018-03-10,클라미디아균,4.0,24.761904761904763,105,1
2018,10,2018-03-04,2018-03-10,파라인플루엔자바이러스,44.0,19.047619047619047,105,1
2018,10,2018-03-04,2018-03-10,호흡기세포융합바이러스,211.0,66.66666666666666,105,2
2018,11,2018-03-11,2018-03-17,리노바이러스,449.0,67.61904761904762,105,2
2018,11,2018-03-11,2018-03-17,마이코플라즈마균,84.0,10.476190476190476,105,1
2018,11,2018-03-11,2018-03-17,사람메타뉴모바이러스,164.0,80.95238095238095,105,2
2018,11,2018-03-11,2018-03-17,사람보카바이러스,28.0,12.380952380952381,105,1
2018,11,2018-03-11,2018-03-17,사람코로나바이러스,137.0,80.0,105,2
2018,11,2018-03-11,2018-03-17,아데노바이러스,114.0,23.809523809523807,105,1
2018,11,2018-03-11,2018-03-17,인플루엔자바이러스,303.0,79.04761904761905,105,2
2018,11,2018-03-11,2018-03-17,코로나19,,,,
2018,11,2018-03-11,2018-03-17,클라미디아균,4.0,24.761904761904763,105,1
2018,11,2018-03-11,2018-03-17,파라인플루엔자바이러스,61.0,25.71428571428571,105,1
2018,11,2018-03-11,2018-03-17,호흡기세포융합바이러스,236.0,69.52380952380952,105,2
2018,12,2018-03-18,2018-03-24,리노바이러스,640.0,97.14285714285714,105,4
2018,12,2018-03-18,2018-03-24,마이코플라즈마균,85.0,10.476190476190476,105,1
2018,12,2018-03-18,2018-03-24,사람메타뉴모바이러스,232.0,85.71428571428571,105,2
2018,12,2018-03-18,2018-03-24,사람보카바이러스,43.0,40.95238095238095,105,1
2018,12,2018-03-18,2018-03-24,사람코로나바이러스,125.0,78.0952380952381,105,2
2018,12,2018-03-18,2018-03-24,아데노바이러스,133.0,28.57142857142857,105,1
2018,12,2018-03-18,2018-03-24,인플루엔자바이러스,193.0,76.19047619047619,105,2
2018,12,2018-03-18,2018-03-24,코로나19,,,,
2018,12,2018-03-18,2018-03-24,클라미디아균,3.0,20.0,105,1
2018,12,2018-03-18,2018-03-24,파라인플루엔자바이러스,105.0,43.80952380952381,105,1
2018,12,2018-03-18,2018-03-24,호흡기세포융합바이러스,179.0,64.76190476190476,105,2
2018,13,2018-03-25,2018-03-31,리노바이러스,777.0,100.0,105,4
2018,13,2018-03-25,2018-03-31,마이코플라즈마균,106.0,15.238095238095239,105,1
2018,13,2018-03-25,2018-03-31,사람메타뉴모바이러스,287.0,90.47619047619048,105,3
2018,13,2018-03-25,2018-03-31,사람보카바이러스,47.0,47.61904761904761,105,1
2018,13,2018-03-25,2018-03-31,사람코로나바이러스,104.0,68.57142857142857,105,2
2018,13,2018-03-25,2018-03-31,아데노바이러스,165.0,43.80952380952381,105,1
2018,13,2018-03-25,2018-03-31,인플루엔자바이러스,167.0,74.28571428571429,105,2
2018,13,2018-03-25,2018-03-31,코로나19,,,,
2018,13,2018-03-25,2018-03-31,클라미디아균,3.0,20.0,105,1
2018,13,2018-03-25,2018-03-31,파라인플루엔자바이러스,108.0,44.761904761904766,105,1
2018,13,2018-03-25,2018-03-31,호흡기세포융합바이러스,197.0,64.76190476190476,105,2
2018,14,2018-04-01,2018-04-07,리노바이러스,898.0,100.0,105,4
2018,14,2018-04-01,2018-04-07,마이코플라즈마균,100.0,13.333333333333334,105,1
2018,14,2018-04-01,2018-04-07,사람메타뉴모바이러스,448.0,100.0,105,4
2018,14,2018-04-01,2018-04-07,사람보카바이러스,56.0,59.04761904761905,105,1
2018,14,2018-04-01,2018-04-07,사람코로나바이러스,78.0,53.333333333333336,105,1
2018,14,2018-04-01,2018-04-07,아데노바이러스,187.0,55.23809523809524,105,1
2018,14,2018-04-01,2018-04-07,인플루엔자바이러스,106.0,63.8095238095238,105,2
2018,14,2018-04-01,2018-04-07,코로나19,,,,
2018,14,2018-04-01,2018-04-07,클라미디아균,4.0,24.761904761904763,105,1
2018,14,2018-04-01,2018-04-07,파라인플루엔자바이러스,185.0,70.47619047619048,105,2
2018,14,2018-04-01,2018-04-07,호흡기세포융합바이러스,142.0,60.0,105,2
2018,15,2018-04-08,2018-04-14,리노바이러스,841.0,100.0,105,4
2018,15,2018-04-08,2018-04-14,마이코플라즈마균,136.0,27.61904761904762,105,1
2018,15,2018-04-08,2018-04-14,사람메타뉴모바이러스,505.0,100.0,105,4
2018,15,2018-04-08,2018-04-14,사람보카바이러스,49.0,51.42857142857142,105,1
2018,15,2018-04-08,2018-04-14,사람코로나바이러스,81.0,54.285714285714285,105,1
2018,15,2018-04-08,2018-04-14,아데노바이러스,219.0,70.47619047619048,105,2
2018,15,2018-04-08,2018-04-14,인플루엔자바이러스,101.0,61.904761904761905,105,2
2018,15,2018-04-08,2018-04-14,코로나19,,,,
2018,15,2018-04-08,2018-04-14,클라미디아균,3.0,20.0,105,1
2018,15,2018-04-08,2018-04-14,파라인플루엔자바이러스,211.0,79.04761904761905,105,2
2018,15,2018-04-08,2018-04-14,호흡기세포융합바이러스,110.0,50.476190476190474,105,1
2018,16,2018-04-15,2018-04-21,리노바이러스,906.0,100.0,105,4
2018,16,2018-04-15,2018-04-21,마이코플라즈마균,120.0,21.904761904761905,105,1
2018,16,2018-04-15,2018-04-21,사람메타뉴모바이러스,665.0,100.0,105,4
2018,16,2018-04-15,2018-04-21,사람보카바이러스,86.0,70.47619047619048,105,2
2018,16,2018-04-15,2018-04-21,사람코로나바이러스,81.0,54.285714285714285,105,1
2018,16,2018-04-15,2018-04-21,아데노바이러스,277.0,85.71428571428571,105,2
2018,16,2018-04-15,2018-04-21,인플루엔자바이러스,90.0,57.14285714285714,105,1
2018,16,2018-04-15,2018-04-21,코로나19,,,,
2018,16,2018-04-15,2018-04-21,클라미디아균,2.0,9.523809523809524,105,1
2018,16,2018-04-15,2018-04-21,파라인플루엔자바이러스,279.0,88.57142857142857,105,2
2018,16,2018-04-15,2018-04-21,호흡기세포융합바이러스,96.0,49.523809523809526,105,1
2018,17,2018-04-22,2018-04-28,리노바이러스,827.0,100.0,105,4
2018,17,2018-04-22,2018-04-28,마이코플라즈마균,130.0,27.61904761904762,105,1
2018,17,2018-04-22,2018-04-28,사람메타뉴모바이러스,655.0,100.0,105,4
2018,17,2018-04-22,2018-04-28,사람보카바이러스,122.0,77.14285714285715,105,2
2018,17,2018-04-22,2018-04-28,사람코로나바이러스,74.0,51.42857142857142,105,1
2018,17,2018-04-22,2018-04-28,아데노바이러스,308.0,90.47619047619048,105,3
2018,17,2018-04-22,2018-04-28,인플루엔자바이러스,74.0,55.23809523809524,105,1
2018,17,2018-04-22,2018-04-28,코로나19,,,,
2018,17,2018-04-22,2018-04-28,클라미디아균,2.0,9.523809523809524,105,1
2018,17,2018-04-22,2018-04-28,파라인플루엔자바이러스,355.0,94.28571428571428,105,3
2018,17,2018-04-22,2018-04-28,호흡기세포융합바이러스,79.0,45.714285714285715,105,1
2018,18,2018-04-29,2018-05-05,리노바이러스,727.0,99.04761904761905,105,4
2018,18,2018-04-29,2018-05-05,마이코플라즈마균,120.0,21.904761904761905,105,1
2018,18,2018-04-29,2018-05-05,사람메타뉴모바이러스,664.0,100.0,105,4
2018,18,2018-04-29,2018-05-05,사람보카바이러스,164.0,81.9047619047619,105,2
2018,18,2018-04-29,2018-05-05,사람코로나바이러스,54.0,40.0,105,1
2018,18,2018-04-29,2018-05-05,아데노바이러스,307.0,89.52380952380953,105,2
2018,18,2018-04-29,2018-05-05,인플루엔자바이러스,85.0,55.23809523809524,105,1
2018,18,2018-04-29,2018-05-05,코로나19,,,,
2018,18,2018-04-29,2018-05-05,클라미디아균,3.0,20.0,105,1
2018,18,2018-04-29,2018-05-05,파라인플루엔자바이러스,408.0,99.04761904761905,105,4
2018,18,2018-04-29,2018-05-05,호흡기세포융합바이러스,67.0,41.904761904761905,105,1
2018,19,2018-05-06,2018-05-12,리노바이러스,696.0,98.09523809523809,105,4
2018,19,2018-05-06,2018-05-12,마이코플라즈마균,106.0,15.238095238095239,105,1
2018,19,2018-05-06,2018-05-12,사람메타뉴모바이러스,539.0,100.0,105,4
2018,19,2018-05-06,2018-05-12,사람보카바이러스,181.0,82.85714285714286,105,2
2018,19,2018-05-06,2018-05-12,사람코로나바이러스,67.0,48.57142857142857,105,1
2018,19,2018-05-06,2018-05-12,아데노바이러스,299.0,85.71428571428571,105,2
2018,19,2018-05-06,2018-05-12,인플루엔자바이러스,59.0,53.333333333333336,105,1
2018,19,2018-05-06,2018-05-12,코로나19,,,,
2018,19,2018-05-06,2018-05-12,클라미디아균,4.0,24.761904761904763,105,1
2018,19,2018-05-06,2018-05-12,파라인플루엔자바이러스,525.0,100.0,105,4
2018,19,2018-05-06,2018-05-12,호흡기세포융합바이러스,53.0,38.095238095238095,105,1
2018,20,2018-05-13,2018-05-19,리노바이러스,700.0,98.09523809523809,105,4
2018,20,2018-05-13,2018-05-19,마이코플라즈마균,135.0,27.61904761904762,105,1
2018,20,2018-05-13,2018-05-19,사람메타뉴모바이러스,518.0,100.0,105,4
2018,20,2018-05-13,2018-05-19,사람보카바이러스,287.0,95.23809523809523,105,4
2018,20,2018-05-13,2018-05-19,사람코로나바이러스,51.0,38.095238095238095,105,1
2018,20,2018-05-13,2018-05-19,아데노바이러스,317.0,92.38095238095238,105,3
2018,20,2018-05-13,2018-05-19,인플루엔자바이러스,54.0,52.38095238095239,105,1
2018,20,2018-05-13,2018-05-19,코로나19,,,,
2018,20,2018-05-13,2018-05-19,클라미디아균,3.0,20.0,105,1
2018,20,2018-05-13,2018-05-19,파라인플루엔자바이러스,639.0,100.0,105,4
2018,20,2018-05-13,2018-05-19,호흡기세포융합바이러스,40.0,33.33333333333333,105,1
2018,21,2018-05-20,2018-05-26,리노바이러스,628.0,97.14285714285714,105,4
2018,21,2018-05-20,2018-05-26,마이코플라즈마균,87.0,11.428571428571429,105,1
2018,21,2018-05-20,2018-05-26,사람메타뉴모바이러스,450.0,100.0,105,4
2018,21,2018-05-20,2018-05-26,사람보카바이러스,298.0,96.19047619047619,105,4
2018,21,2018-05-20,2018-05-26,사람코로나바이러스,32.0,25.71428571428571,105,1
2018,21,2018-05-20,2018-05-26,아데노바이러스,286.0,85.71428571428571,105,2
2018,21,2018-05-20,2018-05-26,인플루엔자바이러스,68.0,54.285714285714285,105,1
2018,21,2018-05-20,2018-05-26,코로나19,,,,
2018,21,2018-05-20,2018-05-26,클라미디아균,5.0,44.761904761904766,105,1
2018,21,2018-05-20,2018-05-26,파라인플루엔자바이러스,673.0,100.0,105,4
2018,21,2018-05-20,2018-05-26,호흡기세포융합바이러스,46.0,36.19047619047619,105,1
2018,22,2018-05-27,2018-06-02,리노바이러스,635.0,97.14285714285714,105,4
2018,22,2018-05-27,2018-06-02,마이코플라즈마균,114.0,18.095238095238095,105,1
2018,22,2018-05-27,2018-06-02,사람메타뉴모바이러스,340.0,95.23809523809523,105,4
2018,22,2018-05-27,2018-06-02,사람보카바이러스,347.0,98.09523809523809,105,4
2018,22,2018-05-27,2018-06-02,사람코로나바이러스,50.0,37.142857142857146,105,1
2018,22,2018-05-27,2018-06-02,아데노바이러스,322.0,92.38095238095238,105,3
2018,22,2018-05-27,2018-06-02,인플루엔자바이러스,52.0,52.38095238095239,105,1
2018,22,2018-05-27,2018-06-02,코로나19,,,,
2018,22,2018-05-27,2018-06-02,클라미디아균,2.0,9.523809523809524,105,1
2018,22,2018-05-27,2018-06-02,파라인플루엔자바이러스,645.0,100.0,105,4
2018,22,2018-05-27,2018-06-02,호흡기세포융합바이러스,27.0,28.57142857142857,105,1
2018,23,2018-06-03,2018-06-09,리노바이러스,596.0,92.38095238095238,105,3
2018,23,2018-06-03,2018-06-09,마이코플라즈마균,93.0,12.380952380952381,105,1
2018,23,2018-06-03,2018-06-09,사람메타뉴모바이러스,233.0,86.66666666666667,105,2
2018,23,2018-06-03,2018-06-09,사람보카바이러스,322.0,98.09523809523809,105,4
2018,23,2018-06-03,2018-06-09,사람코로나바이러스,29.0,21.904761904761905,105,1
2018,23,2018-06-03,2018-06-09,아데노바이러스,270.0,84.76190476190476,105,2
2018,23,2018-06-03,2018-06-09,인플루엔자바이러스,65.0,54.285714285714285,105,1
2018,23,2018-06-03,2018-06-09,코로나19,,,,
2018,23,2018-06-03,2018-06-09,클라미디아균,4.0,24.761904761904763,105,1
2018,23,2018-06-03,2018-06-09,파라인플루엔자바이러스,558.0,100.0,105,4
2018,23,2018-06-03,2018-06-09,호흡기세포융합바이러스,24.0,28.57142857142857,105,1
2018,24,2018-06-10,2018-06-16,리노바이러스,495.0,77.14285714285715,105,2
2018,24,2018-06-10,2018-06-16,마이코플라즈마균,96.0,13.333333333333334,105,1
2018,24,2018-06-10,2018-06-16,사람메타뉴모바이러스,154.0,78.0952380952381,105,2
2018,24,2018-06-10,2018-06-16,사람보카바이러스,282.0,94.28571428571428,105,3
2018,24,2018-06-10,2018-06-16,사람코로나바이러스,25.0,20.0,105,1
2018,24,2018-06-10,2018-06-16,아데노바이러스,238.0,73.33333333333333,105,2
2018,24,2018-06-10,2018-06-16,인플루엔자바이러스,27.0,41.904761904761905,105,1
2018,24,2018-06-10,2018-06-16,코로나19,,,,
2018,24,2018-06-10,2018-06-16,클라미디아균,5.0,44.761904761904766,105,1
2018,24,2018-06-10,2018-06-16,파라인플루엔자바이러스,438.0,100.0,105,4
2018,24,2018-06-10,2018-06-16,호흡기세포융합바이러스,21.0,23.809523809523807,105,1
2018,25,2018-06-17,2018-06-23,리노바이러스,494.0,77.14285714285715,105,2
2018,25,2018-06-17,2018-06-23,마이코플라즈마균,95.0,12.380952380952381,105,1
2018,25,2018-06-17,2018-06-23,사람메타뉴모바이러스,97.0,71.42857142857143,105,2
2018,25,2018-06-17,2018-06-23,사람보카바이러스,263.0,93.33333333333333,105,3
2018,25,2018-06-17,2018-06-23,사람코로나바이러스,22.0,18.095238095238095,105,1
2018,25,2018-06-17,2018-06-23,아데노바이러스,207.0,67.61904761904762,105,2
2018,25,2018-06-17,2018-06-23,인플루엔자바이러스,21.0,36.19047619047619,105,1
2018,25,2018-06-17,2018-06-23,코로나19,,,,
2018,25,2018-06-17,2018-06-23,클라미디아균,4.0,24.761904761904763,105,1
2018,25,2018-06-17,2018-06-23,파라인플루엔자바이러스,384.0,96.19047619047619,105,4
2018,25,2018-06-17,2018-06-23,호흡기세포융합바이러스,18.0,20.0,105,1
2018,26,2018-06-24,2018-06-30,리노바이러스,532.0,85.71428571428571,105,2
2018,26,2018-06-24,2018-06-30,마이코플라즈마균,106.0,15.238095238095239,105,1
2018,26,2018-06-24,2018-06-30,사람메타뉴모바이러스,89.0,69.52380952380952,105,2
2018,26,2018-06-24,2018-06-30,사람보카바이러스,258.0,93.33333333333333,105,3
2018,26,2018-06-24,2018-06-30,사람코로나바이러스,15.0,12.380952380952381,105,1
2018,26,2018-06-24,2018-06-30,아데노바이러스,183.0,54.285714285714285,105,1
2018,26,2018-06-24,2018-06-30,인플루엔자바이러스,31.0,44.761904761904766,105,1
2018,26,2018-06-24,2018-06-30,코로나19,,,,
2018,26,2018-06-24,2018-06-30,클라미디아균,2.0,9.523809523809524,105,1
2018,26,2018-06-24,2018-06-30,파라인플루엔자바이러스,324.0,93.33333333333333,105,3
2018,26,2018-06-24,2018-06-30,호흡기세포융합바이러스,7.0,3.8095238095238098,105,1
2018,27,2018-07-01,2018-07-07,리노바이러스,447.0,66.66666666666666,105,2
2018,27,2018-07-01,2018-07-07,마이코플라즈마균,88.0,11.428571428571429,105,1
2018,27,2018-07-01,2018-07-07,사람메타뉴모바이러스,55.0,62.857142857142854,105,2
2018,27,2018-07-01,2018-07-07,사람보카바이러스,186.0,83.80952380952381,105,2
2018,27,2018-07-01,2018-07-07,사람코로나바이러스,10.0,5.714285714285714,105,1
2018,27,2018-07-01,2018-07-07,아데노바이러스,149.0,35.23809523809524,105,1
2018,27,2018-07-01,2018-07-07,인플루엔자바이러스,27.0,41.904761904761905,105,1
2018,27,2018-07-01,2018-07-07,코로나19,,,,
2018,27,2018-07-01,2018-07-07,클라미디아균,4.0,24.761904761904763,105,1
2018,27,2018-07-01,2018-07-07,파라인플루엔자바이러스,303.0,91.42857142857143,105,3
2018,27,2018-07-01,2018-07-07,호흡기세포융합바이러스,7.0,3.8095238095238098,105,1
2018,28,2018-07-08,2018-07-14,리노바이러스,502.0,78.0952380952381,105,2
2018,28,2018-07-08,2018-07-14,마이코플라즈마균,97.0,13.333333333333334,105,1
2018,28,2018-07-08,2018-07-14,사람메타뉴모바이러스,60.0,63.8095238095238,105,2
2018,28,2018-07-08,2018-07-14,사람보카바이러스,184.0,83.80952380952381,105,2
2018,28,2018-07-08,2018-07-14,사람코로나바이러스,20.0,16.19047619047619,105,1
2018,28,2018-07-08,2018-07-14,아데노바이러스,156.0,37.142857142857146,105,1
2018,28,2018-07-08,2018-07-14,인플루엔자바이러스,25.0,40.95238095238095,105,1
2018,28,2018-07-08,2018-07-14,코로나19,,,,
2018,28,2018-07-08,2018-07-14,클라미디아균,2.0,9.523809523809524,105,1
2018,28,2018-07-08,2018-07-14,파라인플루엔자바이러스,251.0,84.76190476190476,105,2
2018,28,2018-07-08,2018-07-14,호흡기세포융합바이러스,21.0,23.809523809523807,105,1
2018,29,2018-07-15,2018-07-21,리노바이러스,519.0,81.9047619047619,105,2
2018,29,2018-07-15,2018-07-21,마이코플라즈마균,116.0,19.047619047619047,105,1
2018,29,2018-07-15,2018-07-21,사람메타뉴모바이러스,49.0,61.904761904761905,105,2
2018,29,2018-07-15,2018-07-21,사람보카바이러스,166.0,81.9047619047619,105,2
2018,29,2018-07-15,2018-07-21,사람코로나바이러스,10.0,5.714285714285714,105,1
2018,29,2018-07-15,2018-07-21,아데노바이러스,160.0,39.04761904761905,105,1
2018,29,2018-07-15,2018-07-21,인플루엔자바이러스,26.0,40.95238095238095,105,1
2018,29,2018-07-15,2018-07-21,코로나19,,,,
2018,29,2018-07-15,2018-07-21,클라미디아균,2.0,9.523809523809524,105,1
2018,29,2018-07-15,2018-07-21,파라인플루엔자바이러스,266.0,87.61904761904762,105,2
2018,29,2018-07-15,2018-07-21,호흡기세포융합바이러스,31.0,32.38095238095238,105,1
2018,30,2018-07-22,2018-07-28,리노바이러스,467.0,70.47619047619048,105,2
2018,30,2018-07-22,2018-07-28,마이코플라즈마균,129.0,27.61904761904762,105,1
2018,30,2018-07-22,2018-07-28,사람메타뉴모바이러스,36.0,58.0952380952381,105,1
2018,30,2018-07-22,2018-07-28,사람보카바이러스,135.0,79.04761904761905,105,2
2018,30,2018-07-22,2018-07-28,사람코로나바이러스,14.0,10.476190476190476,105,1
2018,30,2018-07-22,2018-07-28,아데노바이러스,184.0,54.285714285714285,105,1
2018,30,2018-07-22,2018-07-28,인플루엔자바이러스,34.0,46.666666666666664,105,1
2018,30,2018-07-22,2018-07-28,코로나19,,,,
2018,30,2018-07-22,2018-07-28,클라미디아균,4.0,24.761904761904763,105,1
2018,30,2018-07-22,2018-07-28,파라인플루엔자바이러스,253.0,84.76190476190476,105,2
2018,30,2018-07-22,2018-07-28,호흡기세포융합바이러스,23.0,27.61904761904762,105,1
2018,31,2018-07-29,2018-08-04,리노바이러스,439.0,62.857142857142854,105,2
2018,31,2018-07-29,2018-08-04,마이코플라즈마균,117.0,19.047619047619047,105,1
2018,31,2018-07-29,2018-08-04,사람메타뉴모바이러스,28.0,54.285714285714285,105,1
2018,31,2018-07-29,2018-08-04,사람보카바이러스,117.0,76.19047619047619,105,2
2018,31,2018-07-29,2018-08-04,사람코로나바이러스,12.0,5.714285714285714,105,1
2018,31,2018-07-29,2018-08-04,아데노바이러스,210.0,67.61904761904762,105,2
2018,31,2018-07-29,2018-08-04,인플루엔자바이러스,25.0,40.95238095238095,105,1
2018,31,2018-07-29,2018-08-04,코로나19,,,,
2018,31,2018-07-29,2018-08-04,클라미디아균,3.0,20.0,105,1
2018,31,2018-07-29,2018-08-04,파라인플루엔자바이러스,213.0,80.0,105,2
2018,31,2018-07-29,2018-08-04,호흡기세포융합바이러스,21.0,23.809523809523807,105,1
2018,32,2018-08-05,2018-08-11,리노바이러스,306.0,30.476190476190478,105,1
2018,32,2018-08-05,2018-08-11,마이코플라즈마균,114.0,18.095238095238095,105,1
2018,32,2018-08-05,2018-08-11,사람메타뉴모바이러스,20.0,44.761904761904766,105,1
2018,32,2018-08-05,2018-08-11,사람보카바이러스,92.0,73.33333333333333,105,2
2018,32,2018-08-05,2018-08-11,사람코로나바이러스,11.0,5.714285714285714,105,1
2018,32,2018-08-05,2018-08-11,아데노바이러스,253.0,80.95238095238095,105,2
2018,32,2018-08-05,2018-08-11,인플루엔자바이러스,22.0,36.19047619047619,105,1
2018,32,2018-08-05,2018-08-11,코로나19,,,,
2018,32,2018-08-05,2018-08-11,클라미디아균,4.0,24.761904761904763,105,1
2018,32,2018-08-05,2018-08-11,파라인플루엔자바이러스,175.0,66.66666666666666,105,2
2018,32,2018-08-05,2018-08-11,호흡기세포융합바이러스,21.0,23.809523809523807,105,1
2018,33,2018-08-12,2018-08-18,리노바이러스,265.0,17.142857142857142,105,1
2018,33,2018-08-12,2018-08-18,마이코플라즈마균,102.0,13.333333333333334,105,1
2018,33,2018-08-12,2018-08-18,사람메타뉴모바이러스,12.0,30.476190476190478,105,1
2018,33,2018-08-12,2018-08-18,사람보카바이러스,88.0,71.42857142857143,105,2
2018,33,2018-08-12,2018-08-18,사람코로나바이러스,17.0,14.285714285714285,105,1
2018,33,2018-08-12,2018-08-18,아데노바이러스,254.0,80.95238095238095,105,2
2018,33,2018-08-12,2018-08-18,인플루엔자바이러스,10.0,13.333333333333334,105,1
2018,33,2018-08-12,2018-08-18,코로나19,,,,
2018,33,2018-08-12,2018-08-18,클라미디아균,9.0,75.23809523809524,105,2
2018,33,2018-08-12,2018-08-18,파라인플루엔자바이러스,164.0,60.0,105,2
2018,33,2018-08-12,2018-08-18,호흡기세포융합바이러스,18.0,20.0,105,1
2018,34,2018-08-19,2018-08-25,리노바이러스,325.0,36.19047619047619,105,1
2018,34,2018-08-19,2018-08-25,마이코플라즈마균,136.0,27.61904761904762,105,1
2018,34,2018-08-19,2018-08-25,사람메타뉴모바이러스,9.0,20.0,105,1
2018,34,2018-08-19,2018-08-25,사람보카바이러스,87.0,71.42857142857143,105,2
2018,34,2018-08-19,2018-08-25,사람코로나바이러스,14.0,10.476190476190476,105,1
2018,34,2018-08-19,2018-08-25,아데노바이러스,401.0,100.0,105,4
2018,34,2018-08-19,2018-08-25,인플루엔자바이러스,13.0,21.904761904761905,105,1
2018,34,2018-08-19,2018-08-25,코로나19,,,,
2018,34,2018-08-19,2018-08-25,클라미디아균,5.0,44.761904761904766,105,1
2018,34,2018-08-19,2018-08-25,파라인플루엔자바이러스,180.0,68.57142857142857,105,2
2018,34,2018-08-19,2018-08-25,호흡기세포융합바이러스,26.0,28.57142857142857,105,1
2018,35,2018-08-26,2018-09-01,리노바이러스,388.0,52.38095238095239,105,1
2018,35,2018-08-26,2018-09-01,마이코플라즈마균,112.0,16.19047619047619,105,1
2018,35,2018-08-26,2018-09-01,사람메타뉴모바이러스,16.0,39.04761904761905,105,1
2018,35,2018-08-26,2018-09-01,사람보카바이러스,65.0,67.61904761904762,105,2
2018,35,2018-08-26,2018-09-01,사람코로나바이러스,17.0,14.285714285714285,105,1
2018,35,2018-08-26,2018-09-01,아데노바이러스,383.0,100.0,105,4
2018,35,2018-08-26,2018-09-01,인플루엔자바이러스,12.0,20.952380952380953,105,1
2018,35,2018-08-26,2018-09-01,코로나19,,,,
2018,35,2018-08-26,2018-09-01,클라미디아균,3.0,20.0,105,1
2018,35,2018-08-26,2018-09-01,파라인플루엔자바이러스,180.0,68.57142857142857,105,2
2018,35,2018-08-26,2018-09-01,호흡기세포융합바이러스,33.0,32.38095238095238,105,1
2018,36,2018-09-02,2018-09-08,리노바이러스,429.0,62.857142857142854,105,2
2018,36,2018-09-02,2018-09-08,마이코플라즈마균,144.0,31.428571428571427,105,1
2018,36,2018-09-02,2018-09-08,사람메타뉴모바이러스,9.0,20.0,105,1
2018,36,2018-09-02,2018-09-08,사람보카바이러스,66.0,67.61904761904762,105,2
2018,36,2018-09-02,2018-09-08,사람코로나바이러스,20.0,16.19047619047619,105,1
2018,36,2018-09-02,2018-09-08,아데노바이러스,398.0,100.0,105,4
2018,36,2018-09-02,2018-09-08,인플루엔자바이러스,25.0,40.95238095238095,105,1
2018,36,2018-09-02,2018-09-08,코로나19,,,,
2018,36,2018-09-02,2018-09-08,클라미디아균,4.0,24.761904761904763,105,1
2018,36,2018-09-02,2018-09-08,파라인플루엔자바이러스,144.0,55.23809523809524,105,1
2018,36,2018-09-02,2018-09-08,호흡기세포융합바이러스,63.0,41.904761904761905,105,1
2018,37,2018-09-09,2018-09-15,리노바이러스,569.0,89.52380952380953,105,2
2018,37,2018-09-09,2018-09-15,마이코플라즈마균,174.0,43.80952380952381,105,1
2018,37,2018-09-09,2018-09-15,사람메타뉴모바이러스,8.0,13.333333333333334,105,1
2018,37,2018-09-09,2018-09-15,사람보카바이러스,82.0,70.47619047619048,105,2
2018,37,2018-09-09,2018-09-15,사람코로나바이러스,29.0,21.904761904761905,105,1
2018,37,2018-09-09,2018-09-15,아데노바이러스,434.0,100.0,105,4
2018,37,2018-09-09,2018-09-15,인플루엔자바이러스,14.0,23.809523809523807,105,1
2018,37,2018-09-09,2018-09-15,코로나19,,,,
2018,37,2018-09-09,2018-09-15,클라미디아균,13.0,88.57142857142857,105,2
2018,37,2018-09-09,2018-09-15,파라인플루엔자바이러스,186.0,70.47619047619048,105,2
2018,37,2018-09-09,2018-09-15,호흡기세포융합바이러스,95.0,48.57142857142857,105,1
2018,38,2018-09-16,2018-09-22,리노바이러스,593.0,92.38095238095238,105,3
2018,38,2018-09-16,2018-09-22,마이코플라즈마균,153.0,33.33333333333333,105,1
2018,38,2018-09-16,2018-09-22,사람메타뉴모바이러스,10.0,21.904761904761905,105,1
2018,38,2018-09-16,2018-09-22,사람보카바이러스,70.0,67.61904761904762,105,2
2018,38,2018-09-16,2018-09-22,사람코로나바이러스,38.0,30.476190476190478,105,1
2018,38,2018-09-16,2018-09-22,아데노바이러스,392.0,100.0,105,4
2018,38,2018-09-16,2018-09-22,인플루엔자바이러스,25.0,40.95238095238095,105,1
2018,38,2018-09-16,2018-09-22,코로나19,,,,
2018,38,2018-09-16,2018-09-22,클라미디아균,4.0,24.761904761904763,105,1
2018,38,2018-09-16,2018-09-22,파라인플루엔자바이러스,159.0,60.0,105,2
2018,38,2018-09-16,2018-09-22,호흡기세포융합바이러스,112.0,50.476190476190474,105,1
2018,39,2018-09-23,2018-09-29,리노바이러스,459.0,69.52380952380952,105,2
2018,39,2018-09-23,2018-09-29,마이코플라즈마균,135.0,27.61904761904762,105,1
2018,39,2018-09-23,2018-09-29,사람메타뉴모바이러스,9.0,20.0,105,1
2018,39,2018-09-23,2018-09-29,사람보카바이러스,68.0,67.61904761904762,105,2
2018,39,2018-09-23,2018-09-29,사람코로나바이러스,37.0,30.476190476190478,105,1
2018,39,2018-09-23,2018-09-29,아데노바이러스,316.0,92.38095238095238,105,3
2018,39,2018-09-23,2018-09-29,인플루엔자바이러스,17.0,30.476190476190478,105,1
2018,39,2018-09-23,2018-09-29,코로나19,,,,
2018,39,2018-09-23,2018-09-29,클라미디아균,3.0,20.0,105,1
2018,39,2018-09-23,2018-09-29,파라인플루엔자바이러스,124.0,50.476190476190474,105,1
2018,39,2018-09-23,2018-09-29,호흡기세포융합바이러스,90.0,47.61904761904761,105,1
2018,40,2018-09-30,2018-10-06,리노바이러스,502.0,78.0952380952381,105,2
2018,40,2018-09-30,2018-10-06,마이코플라즈마균,207.0,64.76190476190476,105,2
2018,40,2018-09-30,2018-10-06,사람메타뉴모바이러스,11.0,25.71428571428571,105,1
2018,40,2018-09-30,2018-10-06,사람보카바이러스,43.0,40.95238095238095,105,1
2018,40,2018-09-30,2018-10-06,사람코로나바이러스,45.0,33.33333333333333,105,1
2018,40,2018-09-30,2018-10-06,아데노바이러스,333.0,93.33333333333333,105,3
2018,40,2018-09-30,2018-10-06,인플루엔자바이러스,19.0,34.285714285714285,105,1
2018,40,2018-09-30,2018-10-06,코로나19,,,,
2018,40,2018-09-30,2018-10-06,클라미디아균,5.0,44.761904761904766,105,1
2018,40,2018-09-30,2018-10-06,파라인플루엔자바이러스,144.0,55.23809523809524,105,1
2018,40,2018-09-30,2018-10-06,호흡기세포융합바이러스,132.0,55.23809523809524,105,1
2018,41,2018-10-07,2018-10-13,리노바이러스,491.0,76.19047619047619,105,2
2018,41,2018-10-07,2018-10-13,마이코플라즈마균,190.0,54.285714285714285,105,1
2018,41,2018-10-07,2018-10-13,사람메타뉴모바이러스,6.0,6.666666666666667,105,1
2018,41,2018-10-07,2018-10-13,사람보카바이러스,65.0,67.61904761904762,105,2
2018,41,2018-10-07,2018-10-13,사람코로나바이러스,58.0,42.857142857142854,105,1
2018,41,2018-10-07,2018-10-13,아데노바이러스,278.0,85.71428571428571,105,2
2018,41,2018-10-07,2018-10-13,인플루엔자바이러스,23.0,37.142857142857146,105,1
2018,41,2018-10-07,2018-10-13,코로나19,,,,
2018,41,2018-10-07,2018-10-13,클라미디아균,3.0,20.0,105,1
2018,41,2018-10-07,2018-10-13,파라인플루엔자바이러스,116.0,47.61904761904761,105,1
2018,41,2018-10-07,2018-10-13,호흡기세포융합바이러스,161.0,63.8095238095238,105,2
2018,42,2018-10-14,2018-10-20,리노바이러스,490.0,76.19047619047619,105,2
2018,42,2018-10-14,2018-10-20,마이코플라즈마균,177.0,45.714285714285715,105,1
2018,42,2018-10-14,2018-10-20,사람메타뉴모바이러스,8.0,13.333333333333334,105,1
2018,42,2018-10-14,2018-10-20,사람보카바이러스,46.0,47.61904761904761,105,1
2018,42,2018-10-14,2018-10-20,사람코로나바이러스,74.0,51.42857142857142,105,1
2018,42,2018-10-14,2018-10-20,아데노바이러스,319.0,92.38095238095238,105,3
2018,42,2018-10-14,2018-10-20,인플루엔자바이러스,34.0,46.666666666666664,105,1
2018,42,2018-10-14,2018-10-20,코로나19,,,,
2018,42,2018-10-14,2018-10-20,클라미디아균,7.0,62.857142857142854,105,2
2018,42,2018-10-14,2018-10-20,파라인플루엔자바이러스,113.0,46.666666666666664,105,1
2018,42,2018-10-14,2018-10-20,호흡기세포융합바이러스,218.0,67.61904761904762,105,2
2018,43,2018-10-21,2018-10-27,리노바이러스,587.0,92.38095238095238,105,3
2018,43,2018-10-21,2018-10-27,마이코플라즈마균,205.0,63.8095238095238,105,2
2018,43,2018-10-21,2018-10-27,사람메타뉴모바이러스,13.0,34.285714285714285,105,1
2018,43,2018-10-21,2018-10-27,사람보카바이러스,54.0,57.14285714285714,105,1
2018,43,2018-10-21,2018-10-27,사람코로나바이러스,117.0,78.0952380952381,105,2
2018,43,2018-10-21,2018-10-27,아데노바이러스,361.0,98.09523809523809,105,4
2018,43,2018-10-21,2018-10-27,인플루엔자바이러스,80.0,55.23809523809524,105,1
2018,43,2018-10-21,2018-10-27,코로나19,,,,
2018,43,2018-10-21,2018-10-27,클라미디아균,12.0,85.71428571428571,105,2
2018,43,2018-10-21,2018-10-27,파라인플루엔자바이러스,140.0,55.23809523809524,105,1
2018,43,2018-10-21,2018-10-27,호흡기세포융합바이러스,336.0,76.19047619047619,105,2
2018,44,2018-10-28,2018-11-03,리노바이러스,663.0,97.14285714285714,105,4
2018,44,2018-10-28,2018-11-03,마이코플라즈마균,205.0,63.8095238095238,105,2
2018,44,2018-10-28,2018-11-03,사람메타뉴모바이러스,6.0,6.666666666666667,105,1
2018,44,2018-10-28,2018-11-03,사람보카바이러스,78.0,70.47619047619048,105,2
2018,44,2018-10-28,2018-11-03,사람코로나바이러스,141.0,80.95238095238095,105,2
2018,44,2018-10-28,2018-11-03,아데노바이러스,406.0,100.0,105,4
2018,44,2018-10-28,2018-11-03,인플루엔자바이러스,104.0,63.8095238095238,105,2
2018,44,2018-10-28,2018-11-03,코로나19,,,,
2018,44,2018-10-28,2018-11-03,클라미디아균,8.0,69.52380952380952,105,2
2018,44,2018-10-28,2018-11-03,파라인플루엔자바이러스,141.0,55.23809523809524,105,1
2018,44,2018-10-28,2018-11-03,호흡기세포융합바이러스,477.0,80.0,105,2
2018,45,2018-11-04,2018-11-10,리노바이러스,665.0,97.14285714285714,105,4
2018,45,2018-11-04,2018-11-10,마이코플라즈마균,183.0,50.476190476190474,105,1
2018,45,2018-11-04,2018-11-10,사람메타뉴모바이러스,16.0,39.04761904761905,105,1
2018,45,2018-11-04,2018-11-10,사람보카바이러스,82.0,70.47619047619048,105,2
2018,45,2018-11-04,2018-11-10,사람코로나바이러스,206.0,93.33333333333333,105,3
2018,45,2018-11-04,2018-11-10,아데노바이러스,431.0,100.0,105,4
2018,45,2018-11-04,2018-11-10,인플루엔자바이러스,167.0,74.28571428571429,105,2
2018,45,2018-11-04,2018-11-10,코로나19,,,,
2018,45,2018-11-04,2018-11-10,클라미디아균,5.0,44.761904761904766,105,1
2018,45,2018-11-04,2018-11-10,파라인플루엔자바이러스,156.0,59.04761904761905,105,1
2018,45,2018-11-04,2018-11-10,호흡기세포융합바이러스,682.0,84.76190476190476,105,2
2018,46,2018-11-11,2018-11-17,리노바이러스,651.0,97.14285714285714,105,4
2018,46,2018-11-11,2018-11-17,마이코플라즈마균,230.0,70.47619047619048,105,2
2018,46,2018-11-11,2018-11-17,사람메타뉴모바이러스,14.0,38.095238095238095,105,1
2018,46,2018-11-11,2018-11-17,사람보카바이러스,94.0,73.33333333333333,105,2
2018,46,2018-11-11,2018-11-17,사람코로나바이러스,314.0,98.09523809523809,105,4
2018,46,2018-11-11,2018-11-17,아데노바이러스,473.0,100.0,105,4
2018,46,2018-11-11,2018-11-17,인플루엔자바이러스,211.0,76.19047619047619,105,2
2018,46,2018-11-11,2018-11-17,코로나19,,,,
2018,46,2018-11-11,2018-11-17,클라미디아균,4.0,24.761904761904763,105,1
2018,46,2018-11-11,2018-11-17,파라인플루엔자바이러스,132.0,53.333333333333336,105,1
2018,46,2018-11-11,2018-11-17,호흡기세포융합바이러스,904.0,89.52380952380953,105,2
2018,47,2018-11-18,2018-11-24,리노바이러스,610.0,93.33333333333333,105,3
2018,47,2018-11-18,2018-11-24,마이코플라즈마균,205.0,63.8095238095238,105,2
2018,47,2018-11-18,2018-11-24,사람메타뉴모바이러스,20.0,44.761904761904766,105,1
2018,47,2018-11-18,2018-11-24,사람보카바이러스,87.0,71.42857142857143,105,2
2018,47,2018-11-18,2018-11-24,사람코로나바이러스,339.0,99.04761904761905,105,4
2018,47,2018-11-18,2018-11-24,아데노바이러스,476.0,100.0,105,4
2018,47,2018-11-18,2018-11-24,인플루엔자바이러스,240.0,77.14285714285715,105,2
2018,47,2018-11-18,2018-11-24,코로나19,,,,
2018,47,2018-11-18,2018-11-24,클라미디아균,10.0,80.95238095238095,105,2
2018,47,2018-11-18,2018-11-24,파라인플루엔자바이러스,150.0,56.19047619047619,105,1
2018,47,2018-11-18,2018-11-24,호흡기세포융합바이러스,1050.0,93.33333333333333,105,3
2018,48,2018-11-25,2018-12-01,리노바이러스,618.0,96.19047619047619,105,4
2018,48,2018-11-25,2018-12-01,마이코플라즈마균,203.0,61.904761904761905,105,2
2018,48,2018-11-25,2018-12-01,사람메타뉴모바이러스,17.0,40.95238095238095,105,1
2018,48,2018-11-25,2018-12-01,사람보카바이러스,106.0,73.33333333333333,105,2
2018,48,2018-11-25,2018-12-01,사람코로나바이러스,439.0,100.0,105,4
2018,48,2018-11-25,2018-12-01,아데노바이러스,466.0,100.0,105,4
2018,48,2018-11-25,2018-12-01,인플루엔자바이러스,440.0,84.76190476190476,105,2
2018,48,2018-11-25,2018-12-01,코로나19,,,,
2018,48,2018-11-25,2018-12-01,클라미디아균,1.0,4.761904761904762,105,1
2018,48,2018-11-25,2018-12-01,파라인플루엔자바이러스,133.0,53.333333333333336,105,1
2018,48,2018-11-25,2018-12-01,호흡기세포융합바이러스,1304.0,98.09523809523809,105,4
2018,49,2018-12-02,2018-12-08,리노바이러스,501.0,78.0952380952381,105,2
2018,49,2018-12-02,2018-12-08,마이코플라즈마균,213.0,67.61904761904762,105,2
2018,49,2018-12-02,2018-12-08,사람메타뉴모바이러스,7.0,9.523809523809524,105,1
2018,49,2018-12-02,2018-12-08,사람보카바이러스,92.0,73.33333333333333,105,2
2018,49,2018-12-02,2018-12-08,사람코로나바이러스,421.0,100.0,105,4
2018,49,2018-12-02,2018-12-08,아데노바이러스,434.0,100.0,105,4
2018,49,2018-12-02,2018-12-08,인플루엔자바이러스,735.0,95.23809523809523,105,4
2018,49,2018-12-02,2018-12-08,코로나19,,,,
2018,49,2018-12-02,2018-12-08,클라미디아균,3.0,20.0,105,1
2018,49,2018-12-02,2018-12-08,파라인플루엔자바이러스,104.0,43.80952380952381,105,1
2018,49,2018-12-02,2018-12-08,호흡기세포융합바이러스,1401.0,99.04761904761905,105,4
2018,50,2018-12-09,2018-12-15,리노바이러스,475.0,72.38095238095238,105,2
2018,50,2018-12-09,2018-12-15,마이코플라즈마균,246.0,77.14285714285715,105,2
2018,50,2018-12-09,2018-12-15,사람메타뉴모바이러스,11.0,25.71428571428571,105,1
2018,50,2018-12-09,2018-12-15,사람보카바이러스,79.0,70.47619047619048,105,2
2018,50,2018-12-09,2018-12-15,사람코로나바이러스,414.0,100.0,105,4
2018,50,2018-12-09,2018-12-15,아데노바이러스,425.0,100.0,105,4
2018,50,2018-12-09,2018-12-15,인플루엔자바이러스,1218.0,98.09523809523809,105,4
2018,50,2018-12-09,2018-12-15,코로나19,,,,
2018,50,2018-12-09,2018-12-15,클라미디아균,11.0,82.85714285714286,105,2
2018,50,2018-12-09,2018-12-15,파라인플루엔자바이러스,97.0,40.95238095238095,105,1
2018,50,2018-12-09,2018-12-15,호흡기세포융합바이러스,1392.0,99.04761904761905,105,4
2018,51,2018-12-16,2018-12-22,리노바이러스,413.0,60.952380952380956,105,2
2018,51,2018-12-16,2018-12-22,마이코플라즈마균,253.0,77.14285714285715,105,2
2018,51,2018-12-16,2018-12-22,사람메타뉴모바이러스,14.0,38.095238095238095,105,1
2018,51,2018-12-16,2018-12-22,사람보카바이러스,68.0,67.61904761904762,105,2
2018,51,2018-12-16,2018-12-22,사람코로나바이러스,361.0,100.0,105,4
2018,51,2018-12-16,2018-12-22,아데노바이러스,336.0,93.33333333333333,105,3
2018,51,2018-12-16,2018-12-22,인플루엔자바이러스,1696.0,99.04761904761905,105,4
2018,51,2018-12-16,2018-12-22,코로나19,,,,
2018,51,2018-12-16,2018-12-22,클라미디아균,7.0,62.857142857142854,105,2
2018,51,2018-12-16,2018-12-22,파라인플루엔자바이러스,75.0,29.523809523809526,105,1
2018,51,2018-12-16,2018-12-22,호흡기세포융합바이러스,1215.0,96.19047619047619,105,4
2018,52,2018-12-23,2018-12-29,리노바이러스,372.0,45.714285714285715,105,1
2018,52,2018-12-23,2018-12-29,마이코플라즈마균,256.0,78.0952380952381,105,2
2018,52,2018-12-23,2018-12-29,사람메타뉴모바이러스,11.0,25.71428571428571,105,1
2018,52,2018-12-23,2018-12-29,사람보카바이러스,70.0,67.61904761904762,105,2
2018,52,2018-12-23,2018-12-29,사람코로나바이러스,301.0,98.09523809523809,105,4
2018,52,2018-12-23,2018-12-29,아데노바이러스,316.0,92.38095238095238,105,3
2018,52,2018-12-23,2018-12-29,인플루엔자바이러스,2052.0,99.04761904761905,105,4
2018,52,2018-12-23,2018-12-29,코로나19,,,,
2018,52,2018-12-23,2018-12-29,클라미디아균,3.0,20.0,105,1
2018,52,2018-12-23,2018-12-29,파라인플루엔자바이러스,75.0,29.523809523809526,105,1
2018,52,2018-12-23,2018-12-29,호흡기세포융합바이러스,1060.0,93.33333333333333,105,3
2019,1,2018-12-30,2019-01-05,리노바이러스,303.0,23.076923076923077,104,1
2019,1,2018-12-30,2019-01-05,마이코플라즈마균,175.0,73.07692307692307,104,2
2019,1,2018-12-30,2019-01-05,사람메타뉴모바이러스,5.0,1.9230769230769231,104,1
2019,1,2018-12-30,2019-01-05,사람보카바이러스,66.0,52.88461538461539,104,1
2019,1,2018-12-30,2019-01-05,사람코로나바이러스,219.0,83.65384615384616,104,2
2019,1,2018-12-30,2019-01-05,아데노바이러스,254.0,71.15384615384616,104,2
2019,1,2018-12-30,2019-01-05,인플루엔자바이러스,1431.0,93.26923076923077,104,3
2019,1,2018-12-30,2019-01-05,코로나19,,,,
2019,1,2018-12-30,2019-01-05,클라미디아균,9.0,88.46153846153845,104,2
2019,1,2018-12-30,2019-01-05,파라인플루엔자바이러스,62.0,20.192307692307693,104,1
2019,1,2018-12-30,2019-01-05,호흡기세포융합바이러스,775.0,84.61538461538461,104,2
2019,2,2019-01-06,2019-01-12,리노바이러스,256.0,12.5,104,1
2019,2,2019-01-06,2019-01-12,마이코플라즈마균,156.0,68.26923076923077,104,2
2019,2,2019-01-06,2019-01-12,사람메타뉴모바이러스,31.0,52.88461538461539,104,1
2019,2,2019-01-06,2019-01-12,사람보카바이러스,48.0,41.34615384615385,104,1
2019,2,2019-01-06,2019-01-12,사람코로나바이러스,196.0,80.76923076923077,104,2
2019,2,2019-01-06,2019-01-12,아데노바이러스,254.0,71.15384615384616,104,2
2019,2,2019-01-06,2019-01-12,인플루엔자바이러스,1021.0,90.38461538461539,104,3
2019,2,2019-01-06,2019-01-12,코로나19,,,,
2019,2,2019-01-06,2019-01-12,클라미디아균,1.0,4.807692307692308,104,1
2019,2,2019-01-06,2019-01-12,파라인플루엔자바이러스,41.0,9.615384615384617,104,1
2019,2,2019-01-06,2019-01-12,호흡기세포융합바이러스,590.0,82.6923076923077,104,2
2019,3,2019-01-13,2019-01-19,리노바이러스,297.0,20.192307692307693,104,1
2019,3,2019-01-13,2019-01-19,마이코플라즈마균,140.0,61.53846153846154,104,2
2019,3,2019-01-13,2019-01-19,사람메타뉴모바이러스,23.0,47.11538461538461,104,1
2019,3,2019-01-13,2019-01-19,사람보카바이러스,51.0,45.19230769230769,104,1
2019,3,2019-01-13,2019-01-19,사람코로나바이러스,141.0,75.0,104,2
2019,3,2019-01-13,2019-01-19,아데노바이러스,211.0,67.3076923076923,104,2
2019,3,2019-01-13,2019-01-19,인플루엔자바이러스,638.0,85.57692307692307,104,2
2019,3,2019-01-13,2019-01-19,코로나19,,,,
2019,3,2019-01-13,2019-01-19,클라미디아균,6.0,76.92307692307693,104,2
2019,3,2019-01-13,2019-01-19,파라인플루엔자바이러스,43.0,11.538461538461538,104,1
2019,3,2019-01-13,2019-01-19,호흡기세포융합바이러스,477.0,78.84615384615384,104,2
2019,4,2019-01-20,2019-01-26,리노바이러스,336.0,31.73076923076923,104,1
2019,4,2019-01-20,2019-01-26,마이코플라즈마균,112.0,33.65384615384615,104,1
2019,4,2019-01-20,2019-01-26,사람메타뉴모바이러스,18.0,41.34615384615385,104,1
2019,4,2019-01-20,2019-01-26,사람보카바이러스,29.0,18.269230769230766,104,1
2019,4,2019-01-20,2019-01-26,사람코로나바이러스,116.0,71.15384615384616,104,2
2019,4,2019-01-20,2019-01-26,아데노바이러스,198.0,64.42307692307693,104,2
2019,4,2019-01-20,2019-01-26,인플루엔자바이러스,385.0,82.6923076923077,104,2
2019,4,2019-01-20,2019-01-26,코로나19,,,,
2019,4,2019-01-20,2019-01-26,클라미디아균,2.0,10.576923076923077,104,1
2019,4,2019-01-20,2019-01-26,파라인플루엔자바이러스,39.0,9.615384615384617,104,1
2019,4,2019-01-20,2019-01-26,호흡기세포융합바이러스,384.0,77.88461538461539,104,2
2019,5,2019-01-27,2019-02-02,리노바이러스,344.0,32.69230769230769,104,1
2019,5,2019-01-27,2019-02-02,마이코플라즈마균,120.0,44.230769230769226,104,1
2019,5,2019-01-27,2019-02-02,사람메타뉴모바이러스,21.0,46.15384615384615,104,1
2019,5,2019-01-27,2019-02-02,사람보카바이러스,26.0,9.615384615384617,104,1
2019,5,2019-01-27,2019-02-02,사람코로나바이러스,99.0,65.38461538461539,104,2
2019,5,2019-01-27,2019-02-02,아데노바이러스,166.0,54.807692307692314,104,1
2019,5,2019-01-27,2019-02-02,인플루엔자바이러스,270.0,77.88461538461539,104,2
2019,5,2019-01-27,2019-02-02,코로나19,,,,
2019,5,2019-01-27,2019-02-02,클라미디아균,1.0,4.807692307692308,104,1
2019,5,2019-01-27,2019-02-02,파라인플루엔자바이러스,32.0,7.6923076923076925,104,1
2019,5,2019-01-27,2019-02-02,호흡기세포융합바이러스,296.0,72.11538461538461,104,2
2019,6,2019-02-03,2019-02-09,리노바이러스,273.0,15.384615384615385,104,1
2019,6,2019-02-03,2019-02-09,마이코플라즈마균,68.0,3.8461538461538463,104,1
2019,6,2019-02-03,2019-02-09,사람메타뉴모바이러스,26.0,49.03846153846153,104,1
2019,6,2019-02-03,2019-02-09,사람보카바이러스,24.0,9.615384615384617,104,1
2019,6,2019-02-03,2019-02-09,사람코로나바이러스,71.0,51.92307692307693,104,1
2019,6,2019-02-03,2019-02-09,아데노바이러스,126.0,35.57692307692308,104,1
2019,6,2019-02-03,2019-02-09,인플루엔자바이러스,213.0,76.92307692307693,104,2
2019,6,2019-02-03,2019-02-09,코로나19,,,,
2019,6,2019-02-03,2019-02-09,클라미디아균,2.0,10.576923076923077,104,1
2019,6,2019-02-03,2019-02-09,파라인플루엔자바이러스,31.0,7.6923076923076925,104,1
2019,6,2019-02-03,2019-02-09,호흡기세포융합바이러스,239.0,67.3076923076923,104,2
2019,7,2019-02-10,2019-02-16,리노바이러스,300.0,21.153846153846153,104,1
2019,7,2019-02-10,2019-02-16,마이코플라즈마균,85.0,14.423076923076922,104,1
2019,7,2019-02-10,2019-02-16,사람메타뉴모바이러스,32.0,53.84615384615385,104,1
2019,7,2019-02-10,2019-02-16,사람보카바이러스,19.0,4.807692307692308,104,1
2019,7,2019-02-10,2019-02-16,사람코로나바이러스,51.0,40.38461538461539,104,1
2019,7,2019-02-10,2019-02-16,아데노바이러스,108.0,25.961538461538463,104,1
2019,7,2019-02-10,2019-02-16,인플루엔자바이러스,148.0,68.26923076923077,104,2
2019,7,2019-02-10,2019-02-16,코로나19,,,,
2019,7,2019-02-10,2019-02-16,클라미디아균,6.0,76.92307692307693,104,2
2019,7,2019-02-10,2019-02-16,파라인플루엔자바이러스,25.0,6.730769230769231,104,1
2019,7,2019-02-10,2019-02-16,호흡기세포융합바이러스,234.0,66.34615384615384,104,2
2019,8,2019-02-17,2019-02-23,리노바이러스,330.0,31.73076923076923,104,1
2019,8,2019-02-17,2019-02-23,마이코플라즈마균,80.0,7.6923076923076925,104,1
2019,8,2019-02-17,2019-02-23,사람메타뉴모바이러스,38.0,55.769230769230774,104,1
2019,8,2019-02-17,2019-02-23,사람보카바이러스,15.0,3.8461538461538463,104,1
2019,8,2019-02-17,2019-02-23,사람코로나바이러스,83.0,59.61538461538461,104,1
2019,8,2019-02-17,2019-02-23,아데노바이러스,112.0,29.807692307692307,104,1
2019,8,2019-02-17,2019-02-23,인플루엔자바이러스,150.0,69.23076923076923,104,2
2019,8,2019-02-17,2019-02-23,코로나19,,,,
2019,8,2019-02-17,2019-02-23,클라미디아균,1.0,4.807692307692308,104,1
2019,8,2019-02-17,2019-02-23,파라인플루엔자바이러스,23.0,4.807692307692308,104,1
2019,8,2019-02-17,2019-02-23,호흡기세포융합바이러스,195.0,60.57692307692307,104,2
2019,9,2019-02-24,2019-03-02,리노바이러스,261.0,12.5,104,1
2019,9,2019-02-24,2019-03-02,마이코플라즈마균,60.0,1.9230769230769231,104,1
2019,9,2019-02-24,2019-03-02,사람메타뉴모바이러스,47.0,59.61538461538461,104,1
2019,9,2019-02-24,2019-03-02,사람보카바이러스,27.0,11.538461538461538,104,1
2019,9,2019-02-24,2019-03-02,사람코로나바이러스,56.0,45.19230769230769,104,1
2019,9,2019-02-24,2019-03-02,아데노바이러스,109.0,25.961538461538463,104,1
2019,9,2019-02-24,2019-03-02,인플루엔자바이러스,165.0,71.15384615384616,104,2
2019,9,2019-02-24,2019-03-02,코로나19,,,,
2019,9,2019-02-24,2019-03-02,클라미디아균,2.0,10.576923076923077,104,1
2019,9,2019-02-24,2019-03-02,파라인플루엔자바이러스,18.0,0.9615384615384616,104,1
2019,9,2019-02-24,2019-03-02,호흡기세포융합바이러스,112.0,46.15384615384615,104,1
2019,10,2019-03-03,2019-03-09,리노바이러스,334.0,31.73076923076923,104,1
2019,10,2019-03-03,2019-03-09,마이코플라즈마균,82.0,9.615384615384617,104,1
2019,10,2019-03-03,2019-03-09,사람메타뉴모바이러스,88.0,68.26923076923077,104,2
2019,10,2019-03-03,2019-03-09,사람보카바이러스,43.0,31.73076923076923,104,1
2019,10,2019-03-03,2019-03-09,사람코로나바이러스,64.0,49.03846153846153,104,1
2019,10,2019-03-03,2019-03-09,아데노바이러스,136.0,39.42307692307692,104,1
2019,10,2019-03-03,2019-03-09,인플루엔자바이러스,192.0,75.0,104,2
2019,10,2019-03-03,2019-03-09,코로나19,,,,
2019,10,2019-03-03,2019-03-09,클라미디아균,8.0,85.57692307692307,104,2
2019,10,2019-03-03,2019-03-09,파라인플루엔자바이러스,34.0,7.6923076923076925,104,1
2019,10,2019-03-03,2019-03-09,호흡기세포융합바이러스,133.0,51.92307692307693,104,1
2019,11,2019-03-10,2019-03-16,리노바이러스,400.0,42.30769230769231,104,1
2019,11,2019-03-10,2019-03-16,마이코플라즈마균,93.0,21.153846153846153,104,1
2019,11,2019-03-10,2019-03-16,사람메타뉴모바이러스,115.0,74.03846153846155,104,2
2019,11,2019-03-10,2019-03-16,사람보카바이러스,47.0,39.42307692307692,104,1
2019,11,2019-03-10,2019-03-16,사람코로나바이러스,62.0,47.11538461538461,104,1
2019,11,2019-03-10,2019-03-16,아데노바이러스,114.0,31.73076923076923,104,1
2019,11,2019-03-10,2019-03-16,인플루엔자바이러스,264.0,77.88461538461539,104,2
2019,11,2019-03-10,2019-03-16,코로나19,,,,
2019,11,2019-03-10,2019-03-16,클라미디아균,4.0,41.34615384615385,104,1
2019,11,2019-03-10,2019-03-16,파라인플루엔자바이러스,38.0,8.653846153846153,104,1
2019,11,2019-03-10,2019-03-16,호흡기세포융합바이러스,122.0,48.07692307692308,104,1
2019,12,2019-03-17,2019-03-23,리노바이러스,522.0,66.34615384615384,104,2
2019,12,2019-03-17,2019-03-23,마이코플라즈마균,116.0,39.42307692307692,104,1
2019,12,2019-03-17,2019-03-23,사람메타뉴모바이러스,148.0,75.96153846153845,104,2
2019,12,2019-03-17,2019-03-23,사람보카바이러스,37.0,26.923076923076923,104,1
2019,12,2019-03-17,2019-03-23,사람코로나바이러스,67.0,49.03846153846153,104,1
2019,12,2019-03-17,2019-03-23,아데노바이러스,137.0,39.42307692307692,104,1
2019,12,2019-03-17,2019-03-23,인플루엔자바이러스,354.0,80.76923076923077,104,2
2019,12,2019-03-17,2019-03-23,코로나19,,,,
2019,12,2019-03-17,2019-03-23,클라미디아균,4.0,41.34615384615385,104,1
2019,12,2019-03-17,2019-03-23,파라인플루엔자바이러스,52.0,16.346153846153847,104,1
2019,12,2019-03-17,2019-03-23,호흡기세포융합바이러스,92.0,42.30769230769231,104,1
2019,13,2019-03-24,2019-03-30,리노바이러스,656.0,87.5,104,2
2019,13,2019-03-24,2019-03-30,마이코플라즈마균,134.0,55.769230769230774,104,1
2019,13,2019-03-24,2019-03-30,사람메타뉴모바이러스,195.0,80.76923076923077,104,2
2019,13,2019-03-24,2019-03-30,사람보카바이러스,58.0,50.0,104,1
2019,13,2019-03-24,2019-03-30,사람코로나바이러스,73.0,52.88461538461539,104,1
2019,13,2019-03-24,2019-03-30,아데노바이러스,168.0,55.769230769230774,104,1
2019,13,2019-03-24,2019-03-30,인플루엔자바이러스,495.0,83.65384615384616,104,2
2019,13,2019-03-24,2019-03-30,코로나19,,,,
2019,13,2019-03-24,2019-03-30,클라미디아균,3.0,25.961538461538463,104,1
2019,13,2019-03-24,2019-03-30,파라인플루엔자바이러스,62.0,20.192307692307693,104,1
2019,13,2019-03-24,2019-03-30,호흡기세포융합바이러스,90.0,41.34615384615385,104,1
2019,14,2019-03-31,2019-04-06,리노바이러스,723.0,93.26923076923077,104,3
2019,14,2019-03-31,2019-04-06,마이코플라즈마균,114.0,36.53846153846153,104,1
2019,14,2019-03-31,2019-04-06,사람메타뉴모바이러스,304.0,85.57692307692307,104,2
2019,14,2019-03-31,2019-04-06,사람보카바이러스,63.0,50.96153846153846,104,1
2019,14,2019-03-31,2019-04-06,사람코로나바이러스,67.0,49.03846153846153,104,1
2019,14,2019-03-31,2019-04-06,아데노바이러스,189.0,64.42307692307693,104,2
2019,14,2019-03-31,2019-04-06,인플루엔자바이러스,601.0,85.57692307692307,104,2
2019,14,2019-03-31,2019-04-06,코로나19,,,,
2019,14,2019-03-31,2019-04-06,클라미디아균,8.0,85.57692307692307,104,2
2019,14,2019-03-31,2019-04-06,파라인플루엔자바이러스,102.0,30.76923076923077,104,1
2019,14,2019-03-31,2019-04-06,호흡기세포융합바이러스,72.0,38.46153846153847,104,1
2019,15,2019-04-07,2019-04-13,리노바이러스,672.0,89.42307692307693,104,2
2019,15,2019-04-07,2019-04-13,마이코플라즈마균,136.0,57.692307692307686,104,1
2019,15,2019-04-07,2019-04-13,사람메타뉴모바이러스,309.0,86.53846153846155,104,2
2019,15,2019-04-07,2019-04-13,사람보카바이러스,80.0,61.53846153846154,104,2
2019,15,2019-04-07,2019-04-13,사람코로나바이러스,79.0,56.730769230769226,104,1
2019,15,2019-04-07,2019-04-13,아데노바이러스,195.0,64.42307692307693,104,2
2019,15,2019-04-07,2019-04-13,인플루엔자바이러스,798.0,89.42307692307693,104,2
2019,15,2019-04-07,2019-04-13,코로나19,,,,
2019,15,2019-04-07,2019-04-13,클라미디아균,6.0,76.92307692307693,104,2
2019,15,2019-04-07,2019-04-13,파라인플루엔자바이러스,139.0,46.15384615384615,104,1
2019,15,2019-04-07,2019-04-13,호흡기세포융합바이러스,69.0,38.46153846153847,104,1
2019,16,2019-04-14,2019-04-20,리노바이러스,718.0,93.26923076923077,104,3
2019,16,2019-04-14,2019-04-20,마이코플라즈마균,135.0,55.769230769230774,104,1
2019,16,2019-04-14,2019-04-20,사람메타뉴모바이러스,424.0,92.3076923076923,104,3
2019,16,2019-04-14,2019-04-20,사람보카바이러스,94.0,71.15384615384616,104,2
2019,16,2019-04-14,2019-04-20,사람코로나바이러스,66.0,49.03846153846153,104,1
2019,16,2019-04-14,2019-04-20,아데노바이러스,231.0,69.23076923076923,104,2
2019,16,2019-04-14,2019-04-20,인플루엔자바이러스,810.0,89.42307692307693,104,2
2019,16,2019-04-14,2019-04-20,코로나19,,,,
2019,16,2019-04-14,2019-04-20,클라미디아균,6.0,76.92307692307693,104,2
2019,16,2019-04-14,2019-04-20,파라인플루엔자바이러스,211.0,72.11538461538461,104,2
2019,16,2019-04-14,2019-04-20,호흡기세포융합바이러스,51.0,31.73076923076923,104,1
2019,17,2019-04-21,2019-04-27,리노바이러스,727.0,93.26923076923077,104,3
2019,17,2019-04-21,2019-04-27,마이코플라즈마균,142.0,62.5,104,2
2019,17,2019-04-21,2019-04-27,사람메타뉴모바이러스,521.0,96.15384615384616,104,4
2019,17,2019-04-21,2019-04-27,사람보카바이러스,129.0,75.96153846153845,104,2
2019,17,2019-04-21,2019-04-27,사람코로나바이러스,64.0,49.03846153846153,104,1
2019,17,2019-04-21,2019-04-27,아데노바이러스,251.0,70.1923076923077,104,2
2019,17,2019-04-21,2019-04-27,인플루엔자바이러스,648.0,86.53846153846155,104,2
2019,17,2019-04-21,2019-04-27,코로나19,,,,
2019,17,2019-04-21,2019-04-27,클라미디아균,4.0,41.34615384615385,104,1
2019,17,2019-04-21,2019-04-27,파라인플루엔자바이러스,257.0,78.84615384615384,104,2
2019,17,2019-04-21,2019-04-27,호흡기세포융합바이러스,50.0,31.73076923076923,104,1
2019,18,2019-04-28,2019-05-04,리노바이러스,676.0,89.42307692307693,104,2
2019,18,2019-04-28,2019-05-04,마이코플라즈마균,148.0,65.38461538461539,104,2
2019,18,2019-04-28,2019-05-04,사람메타뉴모바이러스,535.0,96.15384615384616,104,4
2019,18,2019-04-28,2019-05-04,사람보카바이러스,168.0,81.73076923076923,104,2
2019,18,2019-04-28,2019-05-04,사람코로나바이러스,59.0,46.15384615384615,104,1
2019,18,2019-04-28,2019-05-04,아데노바이러스,246.0,70.1923076923077,104,2
2019,18,2019-04-28,2019-05-04,인플루엔자바이러스,330.0,79.8076923076923,104,2
2019,18,2019-04-28,2019-05-04,코로나19,,,,
2019,18,2019-04-28,2019-05-04,클라미디아균,3.0,25.961538461538463,104,1
2019,18,2019-04-28,2019-05-04,파라인플루엔자바이러스,325.0,88.46153846153845,104,2
2019,18,2019-04-28,2019-05-04,호흡기세포융합바이러스,37.0,28.846153846153843,104,1
2019,19,2019-05-05,2019-05-11,리노바이러스,738.0,94.23076923076923,104,3
2019,19,2019-05-05,2019-05-11,마이코플라즈마균,126.0,50.96153846153846,104,1
2019,19,2019-05-05,2019-05-11,사람메타뉴모바이러스,582.0,97.11538461538461,104,4
2019,19,2019-05-05,2019-05-11,사람보카바이러스,212.0,86.53846153846155,104,2
2019,19,2019-05-05,2019-05-11,사람코로나바이러스,62.0,47.11538461538461,104,1
2019,19,2019-05-05,2019-05-11,아데노바이러스,275.0,75.0,104,2
2019,19,2019-05-05,2019-05-11,인플루엔자바이러스,214.0,76.92307692307693,104,2
2019,19,2019-05-05,2019-05-11,코로나19,,,,
2019,19,2019-05-05,2019-05-11,클라미디아균,4.0,41.34615384615385,104,1
2019,19,2019-05-05,2019-05-11,파라인플루엔자바이러스,388.0,91.34615384615384,104,3
2019,19,2019-05-05,2019-05-11,호흡기세포융합바이러스,37.0,28.846153846153843,104,1
2019,20,2019-05-12,2019-05-18,리노바이러스,784.0,96.15384615384616,104,4
2019,20,2019-05-12,2019-05-18,마이코플라즈마균,136.0,57.692307692307686,104,1
2019,20,2019-05-12,2019-05-18,사람메타뉴모바이러스,517.0,95.1923076923077,104,4
2019,20,2019-05-12,2019-05-18,사람보카바이러스,311.0,96.15384615384616,104,4
2019,20,2019-05-12,2019-05-18,사람코로나바이러스,51.0,40.38461538461539,104,1
2019,20,2019-05-12,2019-05-18,아데노바이러스,300.0,78.84615384615384,104,2
2019,20,2019-05-12,2019-05-18,인플루엔자바이러스,164.0,71.15384615384616,104,2
2019,20,2019-05-12,2019-05-18,코로나19,,,,
2019,20,2019-05-12,2019-05-18,클라미디아균,3.0,25.961538461538463,104,1
2019,20,2019-05-12,2019-05-18,파라인플루엔자바이러스,527.0,96.15384615384616,104,4
2019,20,2019-05-12,2019-05-18,호흡기세포융합바이러스,20.0,14.423076923076922,104,1
2019,21,2019-05-19,2019-05-25,리노바이러스,735.0,94.23076923076923,104,3
2019,21,2019-05-19,2019-05-25,마이코플라즈마균,132.0,55.769230769230774,104,1
2019,21,2019-05-19,2019-05-25,사람메타뉴모바이러스,514.0,95.1923076923077,104,4
2019,21,2019-05-19,2019-05-25,사람보카바이러스,360.0,98.07692307692307,104,4
2019,21,2019-05-19,2019-05-25,사람코로나바이러스,56.0,45.19230769230769,104,1
2019,21,2019-05-19,2019-05-25,아데노바이러스,284.0,76.92307692307693,104,2
2019,21,2019-05-19,2019-05-25,인플루엔자바이러스,101.0,59.61538461538461,104,1
2019,21,2019-05-19,2019-05-25,코로나19,,,,
2019,21,2019-05-19,2019-05-25,클라미디아균,7.0,81.73076923076923,104,2
2019,21,2019-05-19,2019-05-25,파라인플루엔자바이러스,588.0,97.11538461538461,104,4
2019,21,2019-05-19,2019-05-25,호흡기세포융합바이러스,24.0,24.03846153846154,104,1
2019,22,2019-05-26,2019-06-01,리노바이러스,731.0,94.23076923076923,104,3
2019,22,2019-05-26,2019-06-01,마이코플라즈마균,141.0,62.5,104,2
2019,22,2019-05-26,2019-06-01,사람메타뉴모바이러스,372.0,89.42307692307693,104,2
2019,22,2019-05-26,2019-06-01,사람보카바이러스,352.0,98.07692307692307,104,4
2019,22,2019-05-26,2019-06-01,사람코로나바이러스,51.0,40.38461538461539,104,1
2019,22,2019-05-26,2019-06-01,아데노바이러스,360.0,87.5,104,2
2019,22,2019-05-26,2019-06-01,인플루엔자바이러스,81.0,51.92307692307693,104,1
2019,22,2019-05-26,2019-06-01,코로나19,,,,
2019,22,2019-05-26,2019-06-01,클라미디아균,3.0,25.961538461538463,104,1
2019,22,2019-05-26,2019-06-01,파라인플루엔자바이러스,666.0,99.03846153846155,104,4
2019,22,2019-05-26,2019-06-01,호흡기세포융합바이러스,18.0,11.538461538461538,104,1
2019,23,2019-06-02,2019-06-08,리노바이러스,641.0,86.53846153846155,104,2
2019,23,2019-06-02,2019-06-08,마이코플라즈마균,110.0,32.69230769230769,104,1
2019,23,2019-06-02,2019-06-08,사람메타뉴모바이러스,244.0,83.65384615384616,104,2
2019,23,2019-06-02,2019-06-08,사람보카바이러스,345.0,97.11538461538461,104,4
2019,23,2019-06-02,2019-06-08,사람코로나바이러스,31.0,31.73076923076923,104,1
2019,23,2019-06-02,2019-06-08,아데노바이러스,294.0,77.88461538461539,104,2
2019,23,2019-06-02,2019-06-08,인플루엔자바이러스,50.0,43.269230769230774,104,1
2019,23,2019-06-02,2019-06-08,코로나19,,,,
2019,23,2019-06-02,2019-06-08,클라미디아균,8.0,85.57692307692307,104,2
2019,23,2019-06-02,2019-06-08,파라인플루엔자바이러스,629.0,97.11538461538461,104,4
2019,23,2019-06-02,2019-06-08,호흡기세포융합바이러스,11.0,3.8461538461538463,104,1
2019,24,2019-06-09,2019-06-15,리노바이러스,663.0,87.5,104,2
2019,24,2019-06-09,2019-06-15,마이코플라즈마균,138.0,61.53846153846154,104,2
2019,24,2019-06-09,2019-06-15,사람메타뉴모바이러스,200.0,80.76923076923077,104,2
2019,24,2019-06-09,2019-06-15,사람보카바이러스,367.0,98.07692307692307,104,4
2019,24,2019-06-09,2019-06-15,사람코로나바이러스,29.0,29.807692307692307,104,1
2019,24,2019-06-09,2019-06-15,아데노바이러스,279.0,76.92307692307693,104,2
2019,24,2019-06-09,2019-06-15,인플루엔자바이러스,29.0,34.61538461538461,104,1
2019,24,2019-06-09,2019-06-15,코로나19,,,,
2019,24,2019-06-09,2019-06-15,클라미디아균,7.0,81.73076923076923,104,2
2019,24,2019-06-09,2019-06-15,파라인플루엔자바이러스,622.0,97.11538461538461,104,4
2019,24,2019-06-09,2019-06-15,호흡기세포융합바이러스,17.0,10.576923076923077,104,1
2019,25,2019-06-16,2019-06-22,리노바이러스,651.0,86.53846153846155,104,2
2019,25,2019-06-16,2019-06-22,마이코플라즈마균,126.0,50.96153846153846,104,1
2019,25,2019-06-16,2019-06-22,사람메타뉴모바이러스,174.0,79.8076923076923,104,2
2019,25,2019-06-16,2019-06-22,사람보카바이러스,341.0,97.11538461538461,104,4
2019,25,2019-06-16,2019-06-22,사람코로나바이러스,34.0,34.61538461538461,104,1
2019,25,2019-06-16,2019-06-22,아데노바이러스,302.0,78.84615384615384,104,2
2019,25,2019-06-16,2019-06-22,인플루엔자바이러스,14.0,9.615384615384617,104,1
2019,25,2019-06-16,2019-06-22,코로나19,,,,
2019,25,2019-06-16,2019-06-22,클라미디아균,7.0,81.73076923076923,104,2
2019,25,2019-06-16,2019-06-22,파라인플루엔자바이러스,597.0,97.11538461538461,104,4
2019,25,2019-06-16,2019-06-22,호흡기세포융합바이러스,15.0,9.615384615384617,104,1
2019,26,2019-06-23,2019-06-29,리노바이러스,635.0,84.61538461538461,104,2
2019,26,2019-06-23,2019-06-29,마이코플라즈마균,141.0,62.5,104,2
2019,26,2019-06-23,2019-06-29,사람메타뉴모바이러스,119.0,74.03846153846155,104,2
2019,26,2019-06-23,2019-06-29,사람보카바이러스,313.0,96.15384615384616,104,4
2019,26,2019-06-23,2019-06-29,사람코로나바이러스,21.0,25.961538461538463,104,1
2019,26,2019-06-23,2019-06-29,아데노바이러스,250.0,70.1923076923077,104,2
2019,26,2019-06-23,2019-06-29,인플루엔자바이러스,20.0,19.230769230769234,104,1
2019,26,2019-06-23,2019-06-29,코로나19,,,,
2019,26,2019-06-23,2019-06-29,클라미디아균,4.0,41.34615384615385,104,1
2019,26,2019-06-23,2019-06-29,파라인플루엔자바이러스,504.0,95.1923076923077,104,4
2019,26,2019-06-23,2019-06-29,호흡기세포융합바이러스,8.0,2.8846153846153846,104,1
2019,27,2019-06-30,2019-07-06,리노바이러스,576.0,72.11538461538461,104,2
2019,27,2019-06-30,2019-07-06,마이코플라즈마균,142.0,62.5,104,2
2019,27,2019-06-30,2019-07-06,사람메타뉴모바이러스,114.0,74.03846153846155,104,2
2019,27,2019-06-30,2019-07-06,사람보카바이러스,281.0,92.3076923076923,104,3
2019,27,2019-06-30,2019-07-06,사람코로나바이러스,16.0,20.192307692307693,104,1
2019,27,2019-06-30,2019-07-06,아데노바이러스,278.0,75.96153846153845,104,2
2019,27,2019-06-30,2019-07-06,인플루엔자바이러스,9.0,1.9230769230769231,104,1
2019,27,2019-06-30,2019-07-06,코로나19,,,,
2019,27,2019-06-30,2019-07-06,클라미디아균,6.0,76.92307692307693,104,2
2019,27,2019-06-30,2019-07-06,파라인플루엔자바이러스,426.0,94.23076923076923,104,3
2019,27,2019-06-30,2019-07-06,호흡기세포융합바이러스,5.0,0.0,104,1
2019,28,2019-07-07,2019-07-13,리노바이러스,614.0,80.76923076923077,104,2
2019,28,2019-07-07,2019-07-13,마이코플라즈마균,134.0,55.769230769230774,104,1
2019,28,2019-07-07,2019-07-13,사람메타뉴모바이러스,97.0,71.15384615384616,104,2
2019,28,2019-07-07,2019-07-13,사람보카바이러스,225.0,87.5,104,2
2019,28,2019-07-07,2019-07-13,사람코로나바이러스,24.0,27.884615384615387,104,1
2019,28,2019-07-07,2019-07-13,아데노바이러스,260.0,74.03846153846155,104,2
2019,28,2019-07-07,2019-07-13,인플루엔자바이러스,17.0,14.423076923076922,104,1
2019,28,2019-07-07,2019-07-13,코로나19,,,,
2019,28,2019-07-07,2019-07-13,클라미디아균,11.0,94.23076923076923,104,3
2019,28,2019-07-07,2019-07-13,파라인플루엔자바이러스,448.0,95.1923076923077,104,4
2019,28,2019-07-07,2019-07-13,호흡기세포융합바이러스,11.0,3.8461538461538463,104,1
2019,29,2019-07-14,2019-07-20,리노바이러스,553.0,68.26923076923077,104,2
2019,29,2019-07-14,2019-07-20,마이코플라즈마균,165.0,70.1923076923077,104,2
2019,29,2019-07-14,2019-07-20,사람메타뉴모바이러스,78.0,65.38461538461539,104,2
2019,29,2019-07-14,2019-07-20,사람보카바이러스,194.0,86.53846153846155,104,2
2019,29,2019-07-14,2019-07-20,사람코로나바이러스,17.0,21.153846153846153,104,1
2019,29,2019-07-14,2019-07-20,아데노바이러스,255.0,73.07692307692307,104,2
2019,29,2019-07-14,2019-07-20,인플루엔자바이러스,6.0,0.0,104,1
2019,29,2019-07-14,2019-07-20,코로나19,,,,
2019,29,2019-07-14,2019-07-20,클라미디아균,4.0,41.34615384615385,104,1
2019,29,2019-07-14,2019-07-20,파라인플루엔자바이러스,404.0,92.3076923076923,104,3
2019,29,2019-07-14,2019-07-20,호흡기세포융합바이러스,10.0,3.8461538461538463,104,1
2019,30,2019-07-21,2019-07-27,리노바이러스,559.0,70.1923076923077,104,2
2019,30,2019-07-21,2019-07-27,마이코플라즈마균,179.0,75.96153846153845,104,2
2019,30,2019-07-21,2019-07-27,사람메타뉴모바이러스,65.0,65.38461538461539,104,2
2019,30,2019-07-21,2019-07-27,사람보카바이러스,180.0,81.73076923076923,104,2
2019,30,2019-07-21,2019-07-27,사람코로나바이러스,20.0,24.03846153846154,104,1
2019,30,2019-07-21,2019-07-27,아데노바이러스,237.0,69.23076923076923,104,2
2019,30,2019-07-21,2019-07-27,인플루엔자바이러스,10.0,1.9230769230769231,104,1
2019,30,2019-07-21,2019-07-27,코로나19,,,,
2019,30,2019-07-21,2019-07-27,클라미디아균,4.0,41.34615384615385,104,1
2019,30,2019-07-21,2019-07-27,파라인플루엔자바이러스,371.0,89.42307692307693,104,2
2019,30,2019-07-21,2019-07-27,호흡기세포융합바이러스,10.0,3.8461538461538463,104,1
2019,31,2019-07-28,2019-08-03,리노바이러스,525.0,66.34615384615384,104,2
2019,31,2019-07-28,2019-08-03,마이코플라즈마균,196.0,84.61538461538461,104,2
2019,31,2019-07-28,2019-08-03,사람메타뉴모바이러스,63.0,65.38461538461539,104,2
2019,31,2019-07-28,2019-08-03,사람보카바이러스,150.0,77.88461538461539,104,2
2019,31,2019-07-28,2019-08-03,사람코로나바이러스,10.0,5.769230769230769,104,1
2019,31,2019-07-28,2019-08-03,아데노바이러스,290.0,77.88461538461539,104,2
2019,31,2019-07-28,2019-08-03,인플루엔자바이러스,6.0,0.0,104,1
2019,31,2019-07-28,2019-08-03,코로나19,,,,
2019,31,2019-07-28,2019-08-03,클라미디아균,4.0,41.34615384615385,104,1
2019,31,2019-07-28,2019-08-03,파라인플루엔자바이러스,399.0,92.3076923076923,104,3
2019,31,2019-07-28,2019-08-03,호흡기세포융합바이러스,11.0,3.8461538461538463,104,1
2019,32,2019-08-04,2019-08-10,리노바이러스,420.0,44.230769230769226,104,1
2019,32,2019-08-04,2019-08-10,마이코플라즈마균,239.0,97.11538461538461,104,4
2019,32,2019-08-04,2019-08-10,사람메타뉴모바이러스,56.0,63.46153846153846,104,2
2019,32,2019-08-04,2019-08-10,사람보카바이러스,113.0,73.07692307692307,104,2
2019,32,2019-08-04,2019-08-10,사람코로나바이러스,14.0,14.423076923076922,104,1
2019,32,2019-08-04,2019-08-10,아데노바이러스,292.0,77.88461538461539,104,2
2019,32,2019-08-04,2019-08-10,인플루엔자바이러스,10.0,1.9230769230769231,104,1
2019,32,2019-08-04,2019-08-10,코로나19,,,,
2019,32,2019-08-04,2019-08-10,클라미디아균,6.0,76.92307692307693,104,2
2019,32,2019-08-04,2019-08-10,파라인플루엔자바이러스,320.0,87.5,104,2
2019,32,2019-08-04,2019-08-10,호흡기세포융합바이러스,9.0,3.8461538461538463,104,1
2019,33,2019-08-11,2019-08-17,리노바이러스,365.0,33.65384615384615,104,1
2019,33,2019-08-11,2019-08-17,마이코플라즈마균,213.0,94.23076923076923,104,3
2019,33,2019-08-11,2019-08-17,사람메타뉴모바이러스,31.0,52.88461538461539,104,1
2019,33,2019-08-11,2019-08-17,사람보카바이러스,101.0,72.11538461538461,104,2
2019,33,2019-08-11,2019-08-17,사람코로나바이러스,7.0,2.8846153846153846,104,1
2019,33,2019-08-11,2019-08-17,아데노바이러스,308.0,79.8076923076923,104,2
2019,33,2019-08-11,2019-08-17,인플루엔자바이러스,15.0,10.576923076923077,104,1
2019,33,2019-08-11,2019-08-17,코로나19,,,,
2019,33,2019-08-11,2019-08-17,클라미디아균,7.0,81.73076923076923,104,2
2019,33,2019-08-11,2019-08-17,파라인플루엔자바이러스,304.0,86.53846153846155,104,2
2019,33,2019-08-11,2019-08-17,호흡기세포융합바이러스,12.0,4.807692307692308,104,1
2019,34,2019-08-18,2019-08-24,리노바이러스,390.0,40.38461538461539,104,1
2019,34,2019-08-18,2019-08-24,마이코플라즈마균,271.0,100.0,104,4
2019,34,2019-08-18,2019-08-24,사람메타뉴모바이러스,34.0,53.84615384615385,104,1
2019,34,2019-08-18,2019-08-24,사람보카바이러스,104.0,72.11538461538461,104,2
2019,34,2019-08-18,2019-08-24,사람코로나바이러스,13.0,12.5,104,1
2019,34,2019-08-18,2019-08-24,아데노바이러스,379.0,88.46153846153845,104,2
2019,34,2019-08-18,2019-08-24,인플루엔자바이러스,9.0,1.9230769230769231,104,1
2019,34,2019-08-18,2019-08-24,코로나19,,,,
2019,34,2019-08-18,2019-08-24,클라미디아균,8.0,85.57692307692307,104,2
2019,34,2019-08-18,2019-08-24,파라인플루엔자바이러스,296.0,84.61538461538461,104,2
2019,34,2019-08-18,2019-08-24,호흡기세포융합바이러스,28.0,26.923076923076923,104,1
2019,35,2019-08-25,2019-08-31,리노바이러스,408.0,43.269230769230774,104,1
2019,35,2019-08-25,2019-08-31,마이코플라즈마균,278.0,100.0,104,4
2019,35,2019-08-25,2019-08-31,사람메타뉴모바이러스,41.0,57.692307692307686,104,1
2019,35,2019-08-25,2019-08-31,사람보카바이러스,92.0,69.23076923076923,104,2
2019,35,2019-08-25,2019-08-31,사람코로나바이러스,20.0,24.03846153846154,104,1
2019,35,2019-08-25,2019-08-31,아데노바이러스,401.0,91.34615384615384,104,3
2019,35,2019-08-25,2019-08-31,인플루엔자바이러스,16.0,12.5,104,1
2019,35,2019-08-25,2019-08-31,코로나19,,,,
2019,35,2019-08-25,2019-08-31,클라미디아균,8.0,85.57692307692307,104,2
2019,35,2019-08-25,2019-08-31,파라인플루엔자바이러스,267.0,81.73076923076923,104,2
2019,35,2019-08-25,2019-08-31,호흡기세포융합바이러스,23.0,23.076923076923077,104,1
2019,36,2019-09-01,2019-09-07,리노바이러스,506.0,64.42307692307693,104,2
2019,36,2019-09-01,2019-09-07,마이코플라즈마균,311.0,100.0,104,4
2019,36,2019-09-01,2019-09-07,사람메타뉴모바이러스,33.0,53.84615384615385,104,1
2019,36,2019-09-01,2019-09-07,사람보카바이러스,79.0,60.57692307692307,104,2
2019,36,2019-09-01,2019-09-07,사람코로나바이러스,12.0,8.653846153846153,104,1
2019,36,2019-09-01,2019-09-07,아데노바이러스,431.0,94.23076923076923,104,3
2019,36,2019-09-01,2019-09-07,인플루엔자바이러스,7.0,0.0,104,1
2019,36,2019-09-01,2019-09-07,코로나19,,,,
2019,36,2019-09-01,2019-09-07,클라미디아균,8.0,85.57692307692307,104,2
2019,36,2019-09-01,2019-09-07,파라인플루엔자바이러스,318.0,87.5,104,2
2019,36,2019-09-01,2019-09-07,호흡기세포융합바이러스,40.0,28.846153846153843,104,1
2019,37,2019-09-08,2019-09-14,리노바이러스,423.0,44.230769230769226,104,1
2019,37,2019-09-08,2019-09-14,마이코플라즈마균,249.0,98.07692307692307,104,4
2019,37,2019-09-08,2019-09-14,사람메타뉴모바이러스,24.0,48.07692307692308,104,1
2019,37,2019-09-08,2019-09-14,사람보카바이러스,69.0,55.769230769230774,104,1
2019,37,2019-09-08,2019-09-14,사람코로나바이러스,13.0,12.5,104,1
2019,37,2019-09-08,2019-09-14,아데노바이러스,326.0,85.57692307692307,104,2
2019,37,2019-09-08,2019-09-14,인플루엔자바이러스,14.0,9.615384615384617,104,1
2019,37,2019-09-08,2019-09-14,코로나19,,,,
2019,37,2019-09-08,2019-09-14,클라미디아균,9.0,88.46153846153845,104,2
2019,37,2019-09-08,2019-09-14,파라인플루엔자바이러스,234.0,75.96153846153845,104,2
2019,37,2019-09-08,2019-09-14,호흡기세포융합바이러스,65.0,35.57692307692308,104,1
2019,38,2019-09-15,2019-09-21,리노바이러스,676.0,89.42307692307693,104,2
2019,38,2019-09-15,2019-09-21,마이코플라즈마균,437.0,100.0,104,4
2019,38,2019-09-15,2019-09-21,사람메타뉴모바이러스,50.0,61.53846153846154,104,2
2019,38,2019-09-15,2019-09-21,사람보카바이러스,116.0,74.03846153846155,104,2
2019,38,2019-09-15,2019-09-21,사람코로나바이러스,25.0,27.884615384615387,104,1
2019,38,2019-09-15,2019-09-21,아데노바이러스,508.0,100.0,104,4
2019,38,2019-09-15,2019-09-21,인플루엔자바이러스,23.0,22.115384615384613,104,1
2019,38,2019-09-15,2019-09-21,코로나19,,,,
2019,38,2019-09-15,2019-09-21,클라미디아균,12.0,95.1923076923077,104,4
2019,38,2019-09-15,2019-09-21,파라인플루엔자바이러스,345.0,88.46153846153845,104,2
2019,38,2019-09-15,2019-09-21,호흡기세포융합바이러스,85.0,39.42307692307692,104,1
2019,39,2019-09-22,2019-09-28,리노바이러스,684.0,90.38461538461539,104,3
2019,39,2019-09-22,2019-09-28,마이코플라즈마균,474.0,100.0,104,4
2019,39,2019-09-22,2019-09-28,사람메타뉴모바이러스,43.0,57.692307692307686,104,1
2019,39,2019-09-22,2019-09-28,사람보카바이러스,99.0,72.11538461538461,104,2
2019,39,2019-09-22,2019-09-28,사람코로나바이러스,46.0,39.42307692307692,104,1
2019,39,2019-09-22,2019-09-28,아데노바이러스,377.0,88.46153846153845,104,2
2019,39,2019-09-22,2019-09-28,인플루엔자바이러스,19.0,18.269230769230766,104,1
2019,39,2019-09-22,2019-09-28,코로나19,,,,
2019,39,2019-09-22,2019-09-28,클라미디아균,9.0,88.46153846153845,104,2
2019,39,2019-09-22,2019-09-28,파라인플루엔자바이러스,272.0,81.73076923076923,104,2
2019,39,2019-09-22,2019-09-28,호흡기세포융합바이러스,79.0,38.46153846153847,104,1
2019,40,2019-09-29,2019-10-05,리노바이러스,698.0,91.34615384615384,104,3
2019,40,2019-09-29,2019-10-05,마이코플라즈마균,483.0,100.0,104,4
2019,40,2019-09-29,2019-10-05,사람메타뉴모바이러스,28.0,50.0,104,1
2019,40,2019-09-29,2019-10-05,사람보카바이러스,65.0,50.96153846153846,104,1
2019,40,2019-09-29,2019-10-05,사람코로나바이러스,37.0,34.61538461538461,104,1
2019,40,2019-09-29,2019-10-05,아데노바이러스,428.0,94.23076923076923,104,3
2019,40,2019-09-29,2019-10-05,인플루엔자바이러스,45.0,41.34615384615385,104,1
2019,40,2019-09-29,2019-10-05,코로나19,,,,
2019,40,2019-09-29,2019-10-05,클라미디아균,10.0,92.3076923076923,104,3
2019,40,2019-09-29,2019-10-05,파라인플루엔자바이러스,265.0,80.76923076923077,104,2
2019,40,2019-09-29,2019-10-05,호흡기세포융합바이러스,109.0,45.19230769230769,104,1
2019,41,2019-10-06,2019-10-12,리노바이러스,660.0,87.5,104,2
2019,41,2019-10-06,2019-10-12,마이코플라즈마균,455.0,100.0,104,4
2019,41,2019-10-06,2019-10-12,사람메타뉴모바이러스,32.0,53.84615384615385,104,1
2019,41,2019-10-06,2019-10-12,사람보카바이러스,78.0,59.61538461538461,104,1
2019,41,2019-10-06,2019-10-12,사람코로나바이러스,27.0,29.807692307692307,104,1
2019,41,2019-10-06,2019-10-12,아데노바이러스,368.0,88.46153846153845,104,2
2019,41,2019-10-06,2019-10-12,인플루엔자바이러스,46.0,42.30769230769231,104,1
2019,41,2019-10-06,2019-10-12,코로나19,,,,
2019,41,2019-10-06,2019-10-12,클라미디아균,9.0,88.46153846153845,104,2
2019,41,2019-10-06,2019-10-12,파라인플루엔자바이러스,224.0,75.0,104,2
2019,41,2019-10-06,2019-10-12,호흡기세포융합바이러스,126.0,48.07692307692308,104,1
2019,42,2019-10-13,2019-10-19,리노바이러스,731.0,94.23076923076923,104,3
2019,42,2019-10-13,2019-10-19,마이코플라즈마균,543.0,100.0,104,4
2019,42,2019-10-13,2019-10-19,사람메타뉴모바이러스,45.0,58.65384615384615,104,1
2019,42,2019-10-13,2019-10-19,사람보카바이러스,80.0,61.53846153846154,104,2
2019,42,2019-10-13,2019-10-19,사람코로나바이러스,57.0,45.19230769230769,104,1
2019,42,2019-10-13,2019-10-19,아데노바이러스,387.0,89.42307692307693,104,2
2019,42,2019-10-13,2019-10-19,인플루엔자바이러스,75.0,50.96153846153846,104,1
2019,42,2019-10-13,2019-10-19,코로나19,,,,
2019,42,2019-10-13,2019-10-19,클라미디아균,14.0,100.0,104,4
2019,42,2019-10-13,2019-10-19,파라인플루엔자바이러스,236.0,75.96153846153845,104,2
2019,42,2019-10-13,2019-10-19,호흡기세포융합바이러스,167.0,59.61538461538461,104,1
2019,43,2019-10-20,2019-10-26,리노바이러스,859.0,98.07692307692307,104,4
2019,43,2019-10-20,2019-10-26,마이코플라즈마균,670.0,100.0,104,4
2019,43,2019-10-20,2019-10-26,사람메타뉴모바이러스,45.0,58.65384615384615,104,1
2019,43,2019-10-20,2019-10-26,사람보카바이러스,109.0,73.07692307692307,104,2
2019,43,2019-10-20,2019-10-26,사람코로나바이러스,74.0,52.88461538461539,104,1
2019,43,2019-10-20,2019-10-26,아데노바이러스,439.0,97.11538461538461,104,4
2019,43,2019-10-20,2019-10-26,인플루엔자바이러스,83.0,51.92307692307693,104,1
2019,43,2019-10-20,2019-10-26,코로나19,,,,
2019,43,2019-10-20,2019-10-26,클라미디아균,7.0,81.73076923076923,104,2
2019,43,2019-10-20,2019-10-26,파라인플루엔자바이러스,229.0,75.96153846153845,104,2
2019,43,2019-10-20,2019-10-26,호흡기세포융합바이러스,235.0,66.34615384615384,104,2
2019,44,2019-10-27,2019-11-02,리노바이러스,749.0,95.1923076923077,104,4
2019,44,2019-10-27,2019-11-02,마이코플라즈마균,597.0,100.0,104,4
2019,44,2019-10-27,2019-11-02,사람메타뉴모바이러스,38.0,55.769230769230774,104,1
2019,44,2019-10-27,2019-11-02,사람보카바이러스,68.0,53.84615384615385,104,1
2019,44,2019-10-27,2019-11-02,사람코로나바이러스,90.0,60.57692307692307,104,2
2019,44,2019-10-27,2019-11-02,아데노바이러스,405.0,92.3076923076923,104,3
2019,44,2019-10-27,2019-11-02,인플루엔자바이러스,82.0,51.92307692307693,104,1
2019,44,2019-10-27,2019-11-02,코로나19,,,,
2019,44,2019-10-27,2019-11-02,클라미디아균,9.0,88.46153846153845,104,2
2019,44,2019-10-27,2019-11-02,파라인플루엔자바이러스,209.0,72.11538461538461,104,2
2019,44,2019-10-27,2019-11-02,호흡기세포융합바이러스,303.0,74.03846153846155,104,2
2019,45,2019-11-03,2019-11-09,리노바이러스,842.0,98.07692307692307,104,4
2019,45,2019-11-03,2019-11-09,마이코플라즈마균,523.0,100.0,104,4
2019,45,2019-11-03,2019-11-09,사람메타뉴모바이러스,36.0,53.84615384615385,104,1
2019,45,2019-11-03,2019-11-09,사람보카바이러스,68.0,53.84615384615385,104,1
2019,45,2019-11-03,2019-11-09,사람코로나바이러스,85.0,60.57692307692307,104,2
2019,45,2019-11-03,2019-11-09,아데노바이러스,403.0,92.3076923076923,104,3
2019,45,2019-11-03,2019-11-09,인플루엔자바이러스,92.0,55.769230769230774,104,1
2019,45,2019-11-03,2019-11-09,코로나19,,,,
2019,45,2019-11-03,2019-11-09,클라미디아균,6.0,76.92307692307693,104,2
2019,45,2019-11-03,2019-11-09,파라인플루엔자바이러스,173.0,58.65384615384615,104,1
2019,45,2019-11-03,2019-11-09,호흡기세포융합바이러스,388.0,77.88461538461539,104,2
2019,46,2019-11-10,2019-11-16,리노바이러스,771.0,95.1923076923077,104,4
2019,46,2019-11-10,2019-11-16,마이코플라즈마균,633.0,100.0,104,4
2019,46,2019-11-10,2019-11-16,사람메타뉴모바이러스,44.0,58.65384615384615,104,1
2019,46,2019-11-10,2019-11-16,사람보카바이러스,73.0,59.61538461538461,104,1
2019,46,2019-11-10,2019-11-16,사람코로나바이러스,137.0,74.03846153846155,104,2
2019,46,2019-11-10,2019-11-16,아데노바이러스,399.0,91.34615384615384,104,3
2019,46,2019-11-10,2019-11-16,인플루엔자바이러스,134.0,67.3076923076923,104,2
2019,46,2019-11-10,2019-11-16,코로나19,,,,
2019,46,2019-11-10,2019-11-16,클라미디아균,10.0,92.3076923076923,104,3
2019,46,2019-11-10,2019-11-16,파라인플루엔자바이러스,172.0,56.730769230769226,104,1
2019,46,2019-11-10,2019-11-16,호흡기세포융합바이러스,511.0,81.73076923076923,104,2
2019,47,2019-11-17,2019-11-23,리노바이러스,817.0,96.15384615384616,104,4
2019,47,2019-11-17,2019-11-23,마이코플라즈마균,544.0,100.0,104,4
2019,47,2019-11-17,2019-11-23,사람메타뉴모바이러스,51.0,61.53846153846154,104,2
2019,47,2019-11-17,2019-11-23,사람보카바이러스,90.0,69.23076923076923,104,2
2019,47,2019-11-17,2019-11-23,사람코로나바이러스,199.0,81.73076923076923,104,2
2019,47,2019-11-17,2019-11-23,아데노바이러스,452.0,97.11538461538461,104,4
2019,47,2019-11-17,2019-11-23,인플루엔자바이러스,147.0,68.26923076923077,104,2
2019,47,2019-11-17,2019-11-23,코로나19,,,,
2019,47,2019-11-17,2019-11-23,클라미디아균,8.0,85.57692307692307,104,2
2019,47,2019-11-17,2019-11-23,파라인플루엔자바이러스,182.0,62.5,104,2
2019,47,2019-11-17,2019-11-23,호흡기세포융합바이러스,695.0,84.61538461538461,104,2
2019,48,2019-11-24,2019-11-30,리노바이러스,812.0,96.15384615384616,104,4
2019,48,2019-11-24,2019-11-30,마이코플라즈마균,597.0,100.0,104,4
2019,48,2019-11-24,2019-11-30,사람메타뉴모바이러스,44.0,58.65384615384615,104,1
2019,48,2019-11-24,2019-11-30,사람보카바이러스,87.0,65.38461538461539,104,2
2019,48,2019-11-24,2019-11-30,사람코로나바이러스,186.0,80.76923076923077,104,2
2019,48,2019-11-24,2019-11-30,아데노바이러스,457.0,97.11538461538461,104,4
2019,48,2019-11-24,2019-11-30,인플루엔자바이러스,213.0,76.92307692307693,104,2
2019,48,2019-11-24,2019-11-30,코로나19,,,,
2019,48,2019-11-24,2019-11-30,클라미디아균,5.0,67.3076923076923,104,2
2019,48,2019-11-24,2019-11-30,파라인플루엔자바이러스,181.0,62.5,104,2
2019,48,2019-11-24,2019-11-30,호흡기세포융합바이러스,833.0,87.5,104,2
2019,49,2019-12-01,2019-12-07,리노바이러스,687.0,90.38461538461539,104,3
2019,49,2019-12-01,2019-12-07,마이코플라즈마균,596.0,100.0,104,4
2019,49,2019-12-01,2019-12-07,사람메타뉴모바이러스,63.0,65.38461538461539,104,2
2019,49,2019-12-01,2019-12-07,사람보카바이러스,79.0,60.57692307692307,104,2
2019,49,2019-12-01,2019-12-07,사람코로나바이러스,228.0,84.61538461538461,104,2
2019,49,2019-12-01,2019-12-07,아데노바이러스,490.0,100.0,104,4
2019,49,2019-12-01,2019-12-07,인플루엔자바이러스,353.0,80.76923076923077,104,2
2019,49,2019-12-01,2019-12-07,코로나19,,,,
2019,49,2019-12-01,2019-12-07,클라미디아균,13.0,99.03846153846155,104,4
2019,49,2019-12-01,2019-12-07,파라인플루엔자바이러스,145.0,50.0,104,1
2019,49,2019-12-01,2019-12-07,호흡기세포융합바이러스,951.0,89.42307692307693,104,2
2019,50,2019-12-08,2019-12-14,리노바이러스,634.0,84.61538461538461,104,2
2019,50,2019-12-08,2019-12-14,마이코플라즈마균,510.0,100.0,104,4
2019,50,2019-12-08,2019-12-14,사람메타뉴모바이러스,58.0,64.42307692307693,104,2
2019,50,2019-12-08,2019-12-14,사람보카바이러스,81.0,61.53846153846154,104,2
2019,50,2019-12-08,2019-12-14,사람코로나바이러스,318.0,90.38461538461539,104,3
2019,50,2019-12-08,2019-12-14,아데노바이러스,397.0,90.38461538461539,104,3
2019,50,2019-12-08,2019-12-14,인플루엔자바이러스,674.0,86.53846153846155,104,2
2019,50,2019-12-08,2019-12-14,코로나19,,,,
2019,50,2019-12-08,2019-12-14,클라미디아균,17.0,100.0,104,4
2019,50,2019-12-08,2019-12-14,파라인플루엔자바이러스,124.0,41.34615384615385,104,1
2019,50,2019-12-08,2019-12-14,호흡기세포융합바이러스,1078.0,92.3076923076923,104,3
2019,51,2019-12-15,2019-12-21,리노바이러스,563.0,70.1923076923077,104,2
2019,51,2019-12-15,2019-12-21,마이코플라즈마균,498.0,100.0,104,4
2019,51,2019-12-15,2019-12-21,사람메타뉴모바이러스,71.0,65.38461538461539,104,2
2019,51,2019-12-15,2019-12-21,사람보카바이러스,64.0,50.96153846153846,104,1
2019,51,2019-12-15,2019-12-21,사람코로나바이러스,351.0,94.23076923076923,104,3
2019,51,2019-12-15,2019-12-21,아데노바이러스,332.0,85.57692307692307,104,2
2019,51,2019-12-15,2019-12-21,인플루엔자바이러스,978.0,89.42307692307693,104,2
2019,51,2019-12-15,2019-12-21,코로나19,,,,
2019,51,2019-12-15,2019-12-21,클라미디아균,2.0,10.576923076923077,104,1
2019,51,2019-12-15,2019-12-21,파라인플루엔자바이러스,112.0,35.57692307692308,104,1
2019,51,2019-12-15,2019-12-21,호흡기세포융합바이러스,1035.0,90.38461538461539,104,3
2019,52,2019-12-22,2019-12-28,리노바이러스,425.0,44.230769230769226,104,1
2019,52,2019-12-22,2019-12-28,마이코플라즈마균,396.0,100.0,104,4
2019,52,2019-12-22,2019-12-28,사람메타뉴모바이러스,65.0,65.38461538461539,104,2
2019,52,2019-12-22,2019-12-28,사람보카바이러스,56.0,47.11538461538461,104,1
2019,52,2019-12-22,2019-12-28,사람코로나바이러스,382.0,97.11538461538461,104,4
2019,52,2019-12-22,2019-12-28,아데노바이러스,314.0,80.76923076923077,104,2
2019,52,2019-12-22,2019-12-28,인플루엔자바이러스,1331.0,93.26923076923077,104,3
2019,52,2019-12-22,2019-12-28,코로나19,,,,
2019,52,2019-12-22,2019-12-28,클라미디아균,10.0,92.3076923076923,104,3
2019,52,2019-12-22,2019-12-28,파라인플루엔자바이러스,93.0,26.923076923076923,104,1
2019,52,2019-12-22,2019-12-28,호흡기세포융합바이러스,910.0,88.46153846153845,104,2
2020,1,2019-12-29,2020-01-04,리노바이러스,426.0,31.73076923076923,104,1
2020,1,2019-12-29,2020-01-04,마이코플라즈마균,427.0,86.53846153846155,104,2
2020,1,2019-12-29,2020-01-04,사람메타뉴모바이러스,76.0,62.5,104,2
2020,1,2019-12-29,2020-01-04,사람보카바이러스,55.0,26.923076923076923,104,1
2020,1,2019-12-29,2020-01-04,사람코로나바이러스,422.0,99.03846153846155,104,4
2020,1,2019-12-29,2020-01-04,아데노바이러스,257.0,44.230769230769226,104,1
2020,1,2019-12-29,2020-01-04,인플루엔자바이러스,1616.0,95.1923076923077,104,4
2020,1,2019-12-29,2020-01-04,코로나19,,,,
2020,1,2019-12-29,2020-01-04,클라미디아균,9.0,78.84615384615384,104,2
2020,1,2019-12-29,2020-01-04,파라인플루엔자바이러스,137.0,37.5,104,1
2020,1,2019-12-29,2020-01-04,호흡기세포융합바이러스,909.0,90.38461538461539,104,3
2020,2,2020-01-05,2020-01-11,리노바이러스,394.0,25.961538461538463,104,1
2020,2,2020-01-05,2020-01-11,마이코플라즈마균,395.0,85.57692307692307,104,2
2020,2,2020-01-05,2020-01-11,사람메타뉴모바이러스,80.0,64.42307692307693,104,2
2020,2,2020-01-05,2020-01-11,사람보카바이러스,60.0,29.807692307692307,104,1
2020,2,2020-01-05,2020-01-11,사람코로나바이러스,411.0,97.11538461538461,104,4
2020,2,2020-01-05,2020-01-11,아데노바이러스,212.0,32.69230769230769,104,1
2020,2,2020-01-05,2020-01-11,인플루엔자바이러스,1956.0,96.15384615384616,104,4
2020,2,2020-01-05,2020-01-11,코로나19,,,,
2020,2,2020-01-05,2020-01-11,클라미디아균,8.0,70.1923076923077,104,2
2020,2,2020-01-05,2020-01-11,파라인플루엔자바이러스,76.0,24.03846153846154,104,1
2020,2,2020-01-05,2020-01-11,호흡기세포융합바이러스,763.0,86.53846153846155,104,2
2020,3,2020-01-12,2020-01-18,리노바이러스,291.0,13.461538461538462,104,1
2020,3,2020-01-12,2020-01-18,마이코플라즈마균,324.0,85.57692307692307,104,2
2020,3,2020-01-12,2020-01-18,사람메타뉴모바이러스,72.0,62.5,104,2
2020,3,2020-01-12,2020-01-18,사람보카바이러스,40.0,17.307692307692307,104,1
2020,3,2020-01-12,2020-01-18,사람코로나바이러스,389.0,97.11538461538461,104,4
2020,3,2020-01-12,2020-01-18,아데노바이러스,186.0,25.961538461538463,104,1
2020,3,2020-01-12,2020-01-18,인플루엔자바이러스,1434.0,95.1923076923077,104,4
2020,3,2020-01-12,2020-01-18,코로나19,,,,
2020,3,2020-01-12,2020-01-18,클라미디아균,13.0,96.15384615384616,104,4
2020,3,2020-01-12,2020-01-18,파라인플루엔자바이러스,65.0,22.115384615384613,104,1
2020,3,2020-01-12,2020-01-18,호흡기세포융합바이러스,540.0,82.6923076923077,104,2
2020,4,2020-01-19,2020-01-25,리노바이러스,265.0,7.6923076923076925,104,1
2020,4,2020-01-19,2020-01-25,마이코플라즈마균,289.0,84.61538461538461,104,2
2020,4,2020-01-19,2020-01-25,사람메타뉴모바이러스,75.0,62.5,104,2
2020,4,2020-01-19,2020-01-25,사람보카바이러스,36.0,16.346153846153847,104,1
2020,4,2020-01-19,2020-01-25,사람코로나바이러스,365.0,96.15384615384616,104,4
2020,4,2020-01-19,2020-01-25,아데노바이러스,138.0,17.307692307692307,104,1
2020,4,2020-01-19,2020-01-25,인플루엔자바이러스,1154.0,90.38461538461539,104,3
2020,4,2020-01-19,2020-01-25,코로나19,,,,
2020,4,2020-01-19,2020-01-25,클라미디아균,6.0,56.730769230769226,104,1
2020,4,2020-01-19,2020-01-25,파라인플루엔자바이러스,55.0,17.307692307692307,104,1
2020,4,2020-01-19,2020-01-25,호흡기세포융합바이러스,420.0,78.84615384615384,104,2
2020,5,2020-01-26,2020-02-01,리노바이러스,289.0,13.461538461538462,104,1
2020,5,2020-01-26,2020-02-01,마이코플라즈마균,360.0,85.57692307692307,104,2
2020,5,2020-01-26,2020-02-01,사람메타뉴모바이러스,107.0,70.1923076923077,104,2
2020,5,2020-01-26,2020-02-01,사람보카바이러스,33.0,14.423076923076922,104,1
2020,5,2020-01-26,2020-02-01,사람코로나바이러스,385.0,97.11538461538461,104,4
2020,5,2020-01-26,2020-02-01,아데노바이러스,128.0,13.461538461538462,104,1
2020,5,2020-01-26,2020-02-01,인플루엔자바이러스,1133.0,90.38461538461539,104,3
2020,5,2020-01-26,2020-02-01,코로나19,,,,
2020,5,2020-01-26,2020-02-01,클라미디아균,6.0,56.730769230769226,104,1
2020,5,2020-01-26,2020-02-01,파라인플루엔자바이러스,59.0,18.269230769230766,104,1
2020,5,2020-01-26,2020-02-01,호흡기세포융합바이러스,451.0,78.84615384615384,104,2
2020,6,2020-02-02,2020-02-08,리노바이러스,250.0,5.769230769230769,104,1
2020,6,2020-02-02,2020-02-08,마이코플라즈마균,267.0,82.6923076923077,104,2
2020,6,2020-02-02,2020-02-08,사람메타뉴모바이러스,101.0,69.23076923076923,104,2
2020,6,2020-02-02,2020-02-08,사람보카바이러스,33.0,14.423076923076922,104,1
2020,6,2020-02-02,2020-02-08,사람코로나바이러스,345.0,92.3076923076923,104,3
2020,6,2020-02-02,2020-02-08,아데노바이러스,110.0,8.653846153846153,104,1
2020,6,2020-02-02,2020-02-08,인플루엔자바이러스,471.0,76.92307692307693,104,2
2020,6,2020-02-02,2020-02-08,코로나19,,,,
2020,6,2020-02-02,2020-02-08,클라미디아균,6.0,56.730769230769226,104,1
2020,6,2020-02-02,2020-02-08,파라인플루엔자바이러스,63.0,22.115384615384613,104,1
2020,6,2020-02-02,2020-02-08,호흡기세포융합바이러스,401.0,78.84615384615384,104,2
2020,7,2020-02-09,2020-02-15,리노바이러스,206.0,2.8846153846153846,104,1
2020,7,2020-02-09,2020-02-15,마이코플라즈마균,229.0,76.92307692307693,104,2
2020,7,2020-02-09,2020-02-15,사람메타뉴모바이러스,90.0,67.3076923076923,104,2
2020,7,2020-02-09,2020-02-15,사람보카바이러스,27.0,9.615384615384617,104,1
2020,7,2020-02-09,2020-02-15,사람코로나바이러스,239.0,85.57692307692307,104,2
2020,7,2020-02-09,2020-02-15,아데노바이러스,87.0,1.9230769230769231,104,1
2020,7,2020-02-09,2020-02-15,인플루엔자바이러스,221.0,67.3076923076923,104,2
2020,7,2020-02-09,2020-02-15,코로나19,,,,
2020,7,2020-02-09,2020-02-15,클라미디아균,5.0,50.96153846153846,104,1
2020,7,2020-02-09,2020-02-15,파라인플루엔자바이러스,33.0,4.807692307692308,104,1
2020,7,2020-02-09,2020-02-15,호흡기세포융합바이러스,280.0,68.26923076923077,104,2
2020,8,2020-02-16,2020-02-22,리노바이러스,151.0,0.0,104,1
2020,8,2020-02-16,2020-02-22,마이코플라즈마균,170.0,61.53846153846154,104,2
2020,8,2020-02-16,2020-02-22,사람메타뉴모바이러스,72.0,62.5,104,2
2020,8,2020-02-16,2020-02-22,사람보카바이러스,17.0,1.9230769230769231,104,1
2020,8,2020-02-16,2020-02-22,사람코로나바이러스,201.0,79.8076923076923,104,2
2020,8,2020-02-16,2020-02-22,아데노바이러스,74.0,0.0,104,1
2020,8,2020-02-16,2020-02-22,인플루엔자바이러스,105.0,52.88461538461539,104,1
2020,8,2020-02-16,2020-02-22,코로나19,,,,
2020,8,2020-02-16,2020-02-22,클라미디아균,5.0,50.96153846153846,104,1
2020,8,2020-02-16,2020-02-22,파라인플루엔자바이러스,33.0,4.807692307692308,104,1
2020,8,2020-02-16,2020-02-22,호흡기세포융합바이러스,196.0,61.53846153846154,104,2
2020,9,2020-02-23,2020-02-29,리노바이러스,135.0,0.0,104,1
2020,9,2020-02-23,2020-02-29,마이코플라즈마균,92.0,13.461538461538462,104,1
2020,9,2020-02-23,2020-02-29,사람메타뉴모바이러스,43.0,43.269230769230774,104,1
2020,9,2020-02-23,2020-02-29,사람보카바이러스,22.0,4.807692307692308,104,1
2020,9,2020-02-23,2020-02-29,사람코로나바이러스,148.0,75.0,104,2
2020,9,2020-02-23,2020-02-29,아데노바이러스,53.0,0.0,104,1
2020,9,2020-02-23,2020-02-29,인플루엔자바이러스,57.0,38.46153846153847,104,1
2020,9,2020-02-23,2020-02-29,코로나19,,,,
2020,9,2020-02-23,2020-02-29,클라미디아균,6.0,56.730769230769226,104,1
2020,9,2020-02-23,2020-02-29,파라인플루엔자바이러스,12.0,0.0,104,1
2020,9,2020-02-23,2020-02-29,호흡기세포융합바이러스,128.0,54.807692307692314,104,1
2020,10,2020-03-01,2020-03-07,리노바이러스,87.0,0.0,104,1
2020,10,2020-03-01,2020-03-07,마이코플라즈마균,82.0,4.807692307692308,104,1
2020,10,2020-03-01,2020-03-07,사람메타뉴모바이러스,20.0,20.192307692307693,104,1
2020,10,2020-03-01,2020-03-07,사람보카바이러스,14.0,0.0,104,1
2020,10,2020-03-01,2020-03-07,사람코로나바이러스,78.0,59.61538461538461,104,1
2020,10,2020-03-01,2020-03-07,아데노바이러스,39.0,0.0,104,1
2020,10,2020-03-01,2020-03-07,인플루엔자바이러스,19.0,16.346153846153847,104,1
2020,10,2020-03-01,2020-03-07,코로나19,,,,
2020,10,2020-03-01,2020-03-07,클라미디아균,3.0,13.461538461538462,104,1
2020,10,2020-03-01,2020-03-07,파라인플루엔자바이러스,12.0,0.0,104,1
2020,10,2020-03-01,2020-03-07,호흡기세포융합바이러스,73.0,41.34615384615385,104,1
2020,11,2020-03-08,2020-03-14,리노바이러스,65.0,0.0,104,1
2020,11,2020-03-08,2020-03-14,마이코플라즈마균,74.0,3.8461538461538463,104,1
2020,11,2020-03-08,2020-03-14,사람메타뉴모바이러스,13.0,13.461538461538462,104,1
2020,11,2020-03-08,2020-03-14,사람보카바이러스,7.0,0.0,104,1
2020,11,2020-03-08,2020-03-14,사람코로나바이러스,58.0,45.19230769230769,104,1
2020,11,2020-03-08,2020-03-14,아데노바이러스,30.0,0.0,104,1
2020,11,2020-03-08,2020-03-14,인플루엔자바이러스,20.0,18.269230769230766,104,1
2020,11,2020-03-08,2020-03-14,코로나19,,,,
2020,11,2020-03-08,2020-03-14,클라미디아균,3.0,13.461538461538462,104,1
2020,11,2020-03-08,2020-03-14,파라인플루엔자바이러스,8.0,0.0,104,1
2020,11,2020-03-08,2020-03-14,호흡기세포융합바이러스,50.0,33.65384615384615,104,1
2020,12,2020-03-15,2020-03-21,리노바이러스,38.0,0.0,104,1
2020,12,2020-03-15,2020-03-21,마이코플라즈마균,49.0,0.0,104,1
2020,12,2020-03-15,2020-03-21,사람메타뉴모바이러스,8.0,3.8461538461538463,104,1
2020,12,2020-03-15,2020-03-21,사람보카바이러스,13.0,0.0,104,1
2020,12,2020-03-15,2020-03-21,사람코로나바이러스,39.0,34.61538461538461,104,1
2020,12,2020-03-15,2020-03-21,아데노바이러스,34.0,0.0,104,1
2020,12,2020-03-15,2020-03-21,인플루엔자바이러스,19.0,16.346153846153847,104,1
2020,12,2020-03-15,2020-03-21,코로나19,,,,
2020,12,2020-03-15,2020-03-21,클라미디아균,0.0,0.0,104,1
2020,12,2020-03-15,2020-03-21,파라인플루엔자바이러스,8.0,0.0,104,1
2020,12,2020-03-15,2020-03-21,호흡기세포융합바이러스,29.0,26.923076923076923,104,1
2020,13,2020-03-22,2020-03-28,리노바이러스,39.0,0.0,104,1
2020,13,2020-03-22,2020-03-28,마이코플라즈마균,52.0,0.9615384615384616,104,1
2020,13,2020-03-22,2020-03-28,사람메타뉴모바이러스,4.0,0.0,104,1
2020,13,2020-03-22,2020-03-28,사람보카바이러스,9.0,0.0,104,1
2020,13,2020-03-22,2020-03-28,사람코로나바이러스,43.0,34.61538461538461,104,1
2020,13,2020-03-22,2020-03-28,아데노바이러스,25.0,0.0,104,1
2020,13,2020-03-22,2020-03-28,인플루엔자바이러스,10.0,4.807692307692308,104,1
2020,13,2020-03-22,2020-03-28,코로나19,,,,
2020,13,2020-03-22,2020-03-28,클라미디아균,1.0,0.0,104,1
2020,13,2020-03-22,2020-03-28,파라인플루엔자바이러스,4.0,0.0,104,1
2020,13,2020-03-22,2020-03-28,호흡기세포융합바이러스,17.0,11.538461538461538,104,1
2020,14,2020-03-29,2020-04-04,리노바이러스,38.0,0.0,104,1
2020,14,2020-03-29,2020-04-04,마이코플라즈마균,45.0,0.0,104,1
2020,14,2020-03-29,2020-04-04,사람메타뉴모바이러스,2.0,0.0,104,1
2020,14,2020-03-29,2020-04-04,사람보카바이러스,8.0,0.0,104,1
2020,14,2020-03-29,2020-04-04,사람코로나바이러스,23.0,22.115384615384613,104,1
2020,14,2020-03-29,2020-04-04,아데노바이러스,20.0,0.0,104,1
2020,14,2020-03-29,2020-04-04,인플루엔자바이러스,7.0,1.9230769230769231,104,1
2020,14,2020-03-29,2020-04-04,코로나19,,,,
2020,14,2020-03-29,2020-04-04,클라미디아균,2.0,3.8461538461538463,104,1
2020,14,2020-03-29,2020-04-04,파라인플루엔자바이러스,6.0,0.0,104,1
2020,14,2020-03-29,2020-04-04,호흡기세포융합바이러스,18.0,12.5,104,1
2020,15,2020-04-05,2020-04-11,리노바이러스,39.0,0.0,104,1
2020,15,2020-04-05,2020-04-11,마이코플라즈마균,36.0,0.0,104,1
2020,15,2020-04-05,2020-04-11,사람메타뉴모바이러스,0.0,0.0,104,1
2020,15,2020-04-05,2020-04-11,사람보카바이러스,8.0,0.0,104,1
2020,15,2020-04-05,2020-04-11,사람코로나바이러스,16.0,12.5,104,1
2020,15,2020-04-05,2020-04-11,아데노바이러스,20.0,0.0,104,1
2020,15,2020-04-05,2020-04-11,인플루엔자바이러스,9.0,2.8846153846153846,104,1
2020,15,2020-04-05,2020-04-11,코로나19,,,,
2020,15,2020-04-05,2020-04-11,클라미디아균,4.0,28.846153846153843,104,1
2020,15,2020-04-05,2020-04-11,파라인플루엔자바이러스,7.0,0.0,104,1
2020,15,2020-04-05,2020-04-11,호흡기세포융합바이러스,21.0,16.346153846153847,104,1
2020,16,2020-04-12,2020-04-18,리노바이러스,38.0,0.0,104,1
2020,16,2020-04-12,2020-04-18,마이코플라즈마균,31.0,0.0,104,1
2020,16,2020-04-12,2020-04-18,사람메타뉴모바이러스,0.0,0.0,104,1
2020,16,2020-04-12,2020-04-18,사람보카바이러스,8.0,0.0,104,1
2020,16,2020-04-12,2020-04-18,사람코로나바이러스,10.0,0.9615384615384616,104,1
2020,16,2020-04-12,2020-04-18,아데노바이러스,14.0,0.0,104,1
2020,16,2020-04-12,2020-04-18,인플루엔자바이러스,9.0,2.8846153846153846,104,1
2020,16,2020-04-12,2020-04-18,코로나19,,,,
2020,16,2020-04-12,2020-04-18,클라미디아균,1.0,0.0,104,1
2020,16,2020-04-12,2020-04-18,파라인플루엔자바이러스,3.0,0.0,104,1
2020,16,2020-04-12,2020-04-18,호흡기세포융합바이러스,8.0,2.8846153846153846,104,1
2020,17,2020-04-19,2020-04-25,리노바이러스,41.0,0.0,104,1
2020,17,2020-04-19,2020-04-25,마이코플라즈마균,42.0,0.0,104,1
2020,17,2020-04-19,2020-04-25,사람메타뉴모바이러스,2.0,0.0,104,1
2020,17,2020-04-19,2020-04-25,사람보카바이러스,7.0,0.0,104,1
2020,17,2020-04-19,2020-04-25,사람코로나바이러스,11.0,3.8461538461538463,104,1
2020,17,2020-04-19,2020-04-25,아데노바이러스,20.0,0.0,104,1
2020,17,2020-04-19,2020-04-25,인플루엔자바이러스,12.0,7.6923076923076925,104,1
2020,17,2020-04-19,2020-04-25,코로나19,,,,
2020,17,2020-04-19,2020-04-25,클라미디아균,2.0,3.8461538461538463,104,1
2020,17,2020-04-19,2020-04-25,파라인플루엔자바이러스,3.0,0.0,104,1
2020,17,2020-04-19,2020-04-25,호흡기세포융합바이러스,11.0,6.730769230769231,104,1
2020,18,2020-04-26,2020-05-02,리노바이러스,49.0,0.0,104,1
2020,18,2020-04-26,2020-05-02,마이코플라즈마균,24.0,0.0,104,1
2020,18,2020-04-26,2020-05-02,사람메타뉴모바이러스,0.0,0.0,104,1
2020,18,2020-04-26,2020-05-02,사람보카바이러스,8.0,0.0,104,1
2020,18,2020-04-26,2020-05-02,사람코로나바이러스,8.0,0.9615384615384616,104,1
2020,18,2020-04-26,2020-05-02,아데노바이러스,16.0,0.0,104,1
2020,18,2020-04-26,2020-05-02,인플루엔자바이러스,8.0,2.8846153846153846,104,1
2020,18,2020-04-26,2020-05-02,코로나19,,,,
2020,18,2020-04-26,2020-05-02,클라미디아균,2.0,3.8461538461538463,104,1
2020,18,2020-04-26,2020-05-02,파라인플루엔자바이러스,3.0,0.0,104,1
2020,18,2020-04-26,2020-05-02,호흡기세포융합바이러스,2.0,0.0,104,1
2020,19,2020-05-03,2020-05-09,리노바이러스,68.0,0.0,104,1
2020,19,2020-05-03,2020-05-09,마이코플라즈마균,24.0,0.0,104,1
2020,19,2020-05-03,2020-05-09,사람메타뉴모바이러스,2.0,0.0,104,1
2020,19,2020-05-03,2020-05-09,사람보카바이러스,9.0,0.0,104,1
2020,19,2020-05-03,2020-05-09,사람코로나바이러스,9.0,0.9615384615384616,104,1
2020,19,2020-05-03,2020-05-09,아데노바이러스,21.0,0.0,104,1
2020,19,2020-05-03,2020-05-09,인플루엔자바이러스,7.0,1.9230769230769231,104,1
2020,19,2020-05-03,2020-05-09,코로나19,,,,
2020,19,2020-05-03,2020-05-09,클라미디아균,2.0,3.8461538461538463,104,1
2020,19,2020-05-03,2020-05-09,파라인플루엔자바이러스,5.0,0.0,104,1
2020,19,2020-05-03,2020-05-09,호흡기세포융합바이러스,1.0,0.0,104,1
2020,20,2020-05-10,2020-05-16,리노바이러스,82.0,0.0,104,1
2020,20,2020-05-10,2020-05-16,마이코플라즈마균,34.0,0.0,104,1
2020,20,2020-05-10,2020-05-16,사람메타뉴모바이러스,1.0,0.0,104,1
2020,20,2020-05-10,2020-05-16,사람보카바이러스,10.0,0.0,104,1
2020,20,2020-05-10,2020-05-16,사람코로나바이러스,11.0,3.8461538461538463,104,1
2020,20,2020-05-10,2020-05-16,아데노바이러스,28.0,0.0,104,1
2020,20,2020-05-10,2020-05-16,인플루엔자바이러스,9.0,2.8846153846153846,104,1
2020,20,2020-05-10,2020-05-16,코로나19,,,,
2020,20,2020-05-10,2020-05-16,클라미디아균,5.0,50.96153846153846,104,1
2020,20,2020-05-10,2020-05-16,파라인플루엔자바이러스,7.0,0.0,104,1
2020,20,2020-05-10,2020-05-16,호흡기세포융합바이러스,10.0,4.807692307692308,104,1
2020,21,2020-05-17,2020-05-23,리노바이러스,141.0,0.0,104,1
2020,21,2020-05-17,2020-05-23,마이코플라즈마균,26.0,0.0,104,1
2020,21,2020-05-17,2020-05-23,사람메타뉴모바이러스,1.0,0.0,104,1
2020,21,2020-05-17,2020-05-23,사람보카바이러스,9.0,0.0,104,1
2020,21,2020-05-17,2020-05-23,사람코로나바이러스,5.0,0.0,104,1
2020,21,2020-05-17,2020-05-23,아데노바이러스,20.0,0.0,104,1
2020,21,2020-05-17,2020-05-23,인플루엔자바이러스,6.0,0.0,104,1
2020,21,2020-05-17,2020-05-23,코로나19,,,,
2020,21,2020-05-17,2020-05-23,클라미디아균,3.0,13.461538461538462,104,1
2020,21,2020-05-17,2020-05-23,파라인플루엔자바이러스,6.0,0.0,104,1
2020,21,2020-05-17,2020-05-23,호흡기세포융합바이러스,8.0,2.8846153846153846,104,1
2020,22,2020-05-24,2020-05-30,리노바이러스,164.0,0.0,104,1
2020,22,2020-05-24,2020-05-30,마이코플라즈마균,34.0,0.0,104,1
2020,22,2020-05-24,2020-05-30,사람메타뉴모바이러스,0.0,0.0,104,1
2020,22,2020-05-24,2020-05-30,사람보카바이러스,9.0,0.0,104,1
2020,22,2020-05-24,2020-05-30,사람코로나바이러스,7.0,0.0,104,1
2020,22,2020-05-24,2020-05-30,아데노바이러스,19.0,0.0,104,1
2020,22,2020-05-24,2020-05-30,인플루엔자바이러스,3.0,0.0,104,1
2020,22,2020-05-24,2020-05-30,코로나19,,,,
2020,22,2020-05-24,2020-05-30,클라미디아균,4.0,28.846153846153843,104,1
2020,22,2020-05-24,2020-05-30,파라인플루엔자바이러스,6.0,0.0,104,1
2020,22,2020-05-24,2020-05-30,호흡기세포융합바이러스,2.0,0.0,104,1
2020,23,2020-05-31,2020-06-06,리노바이러스,190.0,1.9230769230769231,104,1
2020,23,2020-05-31,2020-06-06,마이코플라즈마균,24.0,0.0,104,1
2020,23,2020-05-31,2020-06-06,사람메타뉴모바이러스,0.0,0.0,104,1
2020,23,2020-05-31,2020-06-06,사람보카바이러스,14.0,0.0,104,1
2020,23,2020-05-31,2020-06-06,사람코로나바이러스,6.0,0.0,104,1
2020,23,2020-05-31,2020-06-06,아데노바이러스,19.0,0.0,104,1
2020,23,2020-05-31,2020-06-06,인플루엔자바이러스,7.0,1.9230769230769231,104,1
2020,23,2020-05-31,2020-06-06,코로나19,,,,
2020,23,2020-05-31,2020-06-06,클라미디아균,4.0,28.846153846153843,104,1
2020,23,2020-05-31,2020-06-06,파라인플루엔자바이러스,10.0,0.0,104,1
2020,23,2020-05-31,2020-06-06,호흡기세포융합바이러스,3.0,0.0,104,1
2020,24,2020-06-07,2020-06-13,리노바이러스,188.0,0.9615384615384616,104,1
2020,24,2020-06-07,2020-06-13,마이코플라즈마균,28.0,0.0,104,1
2020,24,2020-06-07,2020-06-13,사람메타뉴모바이러스,0.0,0.0,104,1
2020,24,2020-06-07,2020-06-13,사람보카바이러스,15.0,0.9615384615384616,104,1
2020,24,2020-06-07,2020-06-13,사람코로나바이러스,6.0,0.0,104,1
2020,24,2020-06-07,2020-06-13,아데노바이러스,24.0,0.0,104,1
2020,24,2020-06-07,2020-06-13,인플루엔자바이러스,4.0,0.0,104,1
2020,24,2020-06-07,2020-06-13,코로나19,,,,
2020,24,2020-06-07,2020-06-13,클라미디아균,3.0,13.461538461538462,104,1
2020,24,2020-06-07,2020-06-13,파라인플루엔자바이러스,3.0,0.0,104,1
2020,24,2020-06-07,2020-06-13,호흡기세포융합바이러스,1.0,0.0,104,1
2020,25,2020-06-14,2020-06-20,리노바이러스,187.0,0.9615384615384616,104,1
2020,25,2020-06-14,2020-06-20,마이코플라즈마균,45.0,0.0,104,1
2020,25,2020-06-14,2020-06-20,사람메타뉴모바이러스,1.0,0.0,104,1
2020,25,2020-06-14,2020-06-20,사람보카바이러스,15.0,0.9615384615384616,104,1
2020,25,2020-06-14,2020-06-20,사람코로나바이러스,7.0,0.0,104,1
2020,25,2020-06-14,2020-06-20,아데노바이러스,22.0,0.0,104,1
2020,25,2020-06-14,2020-06-20,인플루엔자바이러스,3.0,0.0,104,1
2020,25,2020-06-14,2020-06-20,코로나19,,,,
2020,25,2020-06-14,2020-06-20,클라미디아균,3.0,13.461538461538462,104,1
2020,25,2020-06-14,2020-06-20,파라인플루엔자바이러스,7.0,0.0,104,1
2020,25,2020-06-14,2020-06-20,호흡기세포융합바이러스,4.0,0.0,104,1
2020,26,2020-06-21,2020-06-27,리노바이러스,181.0,0.9615384615384616,104,1
2020,26,2020-06-21,2020-06-27,마이코플라즈마균,41.0,0.0,104,1
2020,26,2020-06-21,2020-06-27,사람메타뉴모바이러스,2.0,0.0,104,1
2020,26,2020-06-21,2020-06-27,사람보카바이러스,13.0,0.0,104,1
2020,26,2020-06-21,2020-06-27,사람코로나바이러스,1.0,0.0,104,1
2020,26,2020-06-21,2020-06-27,아데노바이러스,29.0,0.0,104,1
2020,26,2020-06-21,2020-06-27,인플루엔자바이러스,3.0,0.0,104,1
2020,26,2020-06-21,2020-06-27,코로나19,,,,
2020,26,2020-06-21,2020-06-27,클라미디아균,5.0,50.96153846153846,104,1
2020,26,2020-06-21,2020-06-27,파라인플루엔자바이러스,7.0,0.0,104,1
2020,26,2020-06-21,2020-06-27,호흡기세포융합바이러스,1.0,0.0,104,1
2020,27,2020-06-28,2020-07-04,리노바이러스,168.0,0.0,104,1
2020,27,2020-06-28,2020-07-04,마이코플라즈마균,44.0,0.0,104,1
2020,27,2020-06-28,2020-07-04,사람메타뉴모바이러스,1.0,0.0,104,1
2020,27,2020-06-28,2020-07-04,사람보카바이러스,16.0,1.9230769230769231,104,1
2020,27,2020-06-28,2020-07-04,사람코로나바이러스,7.0,0.0,104,1
2020,27,2020-06-28,2020-07-04,아데노바이러스,29.0,0.0,104,1
2020,27,2020-06-28,2020-07-04,인플루엔자바이러스,7.0,1.9230769230769231,104,1
2020,27,2020-06-28,2020-07-04,코로나19,,,,
2020,27,2020-06-28,2020-07-04,클라미디아균,1.0,0.0,104,1
2020,27,2020-06-28,2020-07-04,파라인플루엔자바이러스,3.0,0.0,104,1
2020,27,2020-06-28,2020-07-04,호흡기세포융합바이러스,1.0,0.0,104,1
2020,28,2020-07-05,2020-07-11,리노바이러스,169.0,0.0,104,1
2020,28,2020-07-05,2020-07-11,마이코플라즈마균,45.0,0.0,104,1
2020,28,2020-07-05,2020-07-11,사람메타뉴모바이러스,0.0,0.0,104,1
2020,28,2020-07-05,2020-07-11,사람보카바이러스,12.0,0.0,104,1
2020,28,2020-07-05,2020-07-11,사람코로나바이러스,3.0,0.0,104,1
2020,28,2020-07-05,2020-07-11,아데노바이러스,41.0,0.0,104,1
2020,28,2020-07-05,2020-07-11,인플루엔자바이러스,2.0,0.0,104,1
2020,28,2020-07-05,2020-07-11,코로나19,,,,
2020,28,2020-07-05,2020-07-11,클라미디아균,1.0,0.0,104,1
2020,28,2020-07-05,2020-07-11,파라인플루엔자바이러스,9.0,0.0,104,1
2020,28,2020-07-05,2020-07-11,호흡기세포융합바이러스,3.0,0.0,104,1
2020,29,2020-07-12,2020-07-18,리노바이러스,150.0,0.0,104,1
2020,29,2020-07-12,2020-07-18,마이코플라즈마균,34.0,0.0,104,1
2020,29,2020-07-12,2020-07-18,사람메타뉴모바이러스,0.0,0.0,104,1
2020,29,2020-07-12,2020-07-18,사람보카바이러스,14.0,0.0,104,1
2020,29,2020-07-12,2020-07-18,사람코로나바이러스,2.0,0.0,104,1
2020,29,2020-07-12,2020-07-18,아데노바이러스,30.0,0.0,104,1
2020,29,2020-07-12,2020-07-18,인플루엔자바이러스,5.0,0.0,104,1
2020,29,2020-07-12,2020-07-18,코로나19,,,,
2020,29,2020-07-12,2020-07-18,클라미디아균,3.0,13.461538461538462,104,1
2020,29,2020-07-12,2020-07-18,파라인플루엔자바이러스,4.0,0.0,104,1
2020,29,2020-07-12,2020-07-18,호흡기세포융합바이러스,4.0,0.0,104,1
2020,30,2020-07-19,2020-07-25,리노바이러스,186.0,0.9615384615384616,104,1
2020,30,2020-07-19,2020-07-25,마이코플라즈마균,39.0,0.0,104,1
2020,30,2020-07-19,2020-07-25,사람메타뉴모바이러스,2.0,0.0,104,1
2020,30,2020-07-19,2020-07-25,사람보카바이러스,16.0,1.9230769230769231,104,1
2020,30,2020-07-19,2020-07-25,사람코로나바이러스,7.0,0.0,104,1
2020,30,2020-07-19,2020-07-25,아데노바이러스,38.0,0.0,104,1
2020,30,2020-07-19,2020-07-25,인플루엔자바이러스,4.0,0.0,104,1
2020,30,2020-07-19,2020-07-25,코로나19,,,,
2020,30,2020-07-19,2020-07-25,클라미디아균,3.0,13.461538461538462,104,1
2020,30,2020-07-19,2020-07-25,파라인플루엔자바이러스,2.0,0.0,104,1
2020,30,2020-07-19,2020-07-25,호흡기세포융합바이러스,1.0,0.0,104,1
2020,31,2020-07-26,2020-08-01,리노바이러스,164.0,0.0,104,1
2020,31,2020-07-26,2020-08-01,마이코플라즈마균,34.0,0.0,104,1
2020,31,2020-07-26,2020-08-01,사람메타뉴모바이러스,1.0,0.0,104,1
2020,31,2020-07-26,2020-08-01,사람보카바이러스,5.0,0.0,104,1
2020,31,2020-07-26,2020-08-01,사람코로나바이러스,5.0,0.0,104,1
2020,31,2020-07-26,2020-08-01,아데노바이러스,33.0,0.0,104,1
2020,31,2020-07-26,2020-08-01,인플루엔자바이러스,6.0,0.0,104,1
2020,31,2020-07-26,2020-08-01,코로나19,,,,
2020,31,2020-07-26,2020-08-01,클라미디아균,2.0,3.8461538461538463,104,1
2020,31,2020-07-26,2020-08-01,파라인플루엔자바이러스,3.0,0.0,104,1
2020,31,2020-07-26,2020-08-01,호흡기세포융합바이러스,1.0,0.0,104,1
2020,32,2020-08-02,2020-08-08,리노바이러스,149.0,0.0,104,1
2020,32,2020-08-02,2020-08-08,마이코플라즈마균,21.0,0.0,104,1
2020,32,2020-08-02,2020-08-08,사람메타뉴모바이러스,0.0,0.0,104,1
2020,32,2020-08-02,2020-08-08,사람보카바이러스,11.0,0.0,104,1
2020,32,2020-08-02,2020-08-08,사람코로나바이러스,1.0,0.0,104,1
2020,32,2020-08-02,2020-08-08,아데노바이러스,22.0,0.0,104,1
2020,32,2020-08-02,2020-08-08,인플루엔자바이러스,7.0,1.9230769230769231,104,1
2020,32,2020-08-02,2020-08-08,코로나19,,,,
2020,32,2020-08-02,2020-08-08,클라미디아균,4.0,28.846153846153843,104,1
2020,32,2020-08-02,2020-08-08,파라인플루엔자바이러스,2.0,0.0,104,1
2020,32,2020-08-02,2020-08-08,호흡기세포융합바이러스,0.0,0.0,104,1
2020,33,2020-08-09,2020-08-15,리노바이러스,127.0,0.0,104,1
2020,33,2020-08-09,2020-08-15,마이코플라즈마균,25.0,0.0,104,1
2020,33,2020-08-09,2020-08-15,사람메타뉴모바이러스,1.0,0.0,104,1
2020,33,2020-08-09,2020-08-15,사람보카바이러스,16.0,1.9230769230769231,104,1
2020,33,2020-08-09,2020-08-15,사람코로나바이러스,1.0,0.0,104,1
2020,33,2020-08-09,2020-08-15,아데노바이러스,29.0,0.0,104,1
2020,33,2020-08-09,2020-08-15,인플루엔자바이러스,5.0,0.0,104,1
2020,33,2020-08-09,2020-08-15,코로나19,,,,
2020,33,2020-08-09,2020-08-15,클라미디아균,0.0,0.0,104,1
2020,33,2020-08-09,2020-08-15,파라인플루엔자바이러스,2.0,0.0,104,1
2020,33,2020-08-09,2020-08-15,호흡기세포융합바이러스,0.0,0.0,104,1
2020,34,2020-08-16,2020-08-22,리노바이러스,110.0,0.0,104,1
2020,34,2020-08-16,2020-08-22,마이코플라즈마균,29.0,0.0,104,1
2020,34,2020-08-16,2020-08-22,사람메타뉴모바이러스,0.0,0.0,104,1
2020,34,2020-08-16,2020-08-22,사람보카바이러스,16.0,1.9230769230769231,104,1
2020,34,2020-08-16,2020-08-22,사람코로나바이러스,2.0,0.0,104,1
2020,34,2020-08-16,2020-08-22,아데노바이러스,11.0,0.0,104,1
2020,34,2020-08-16,2020-08-22,인플루엔자바이러스,2.0,0.0,104,1
2020,34,2020-08-16,2020-08-22,코로나19,,,,
2020,34,2020-08-16,2020-08-22,클라미디아균,1.0,0.0,104,1
2020,34,2020-08-16,2020-08-22,파라인플루엔자바이러스,2.0,0.0,104,1
2020,34,2020-08-16,2020-08-22,호흡기세포융합바이러스,1.0,0.0,104,1
2020,35,2020-08-23,2020-08-29,리노바이러스,76.0,0.0,104,1
2020,35,2020-08-23,2020-08-29,마이코플라즈마균,20.0,0.0,104,1
2020,35,2020-08-23,2020-08-29,사람메타뉴모바이러스,0.0,0.0,104,1
2020,35,2020-08-23,2020-08-29,사람보카바이러스,11.0,0.0,104,1
2020,35,2020-08-23,2020-08-29,사람코로나바이러스,3.0,0.0,104,1
2020,35,2020-08-23,2020-08-29,아데노바이러스,17.0,0.0,104,1
2020,35,2020-08-23,2020-08-29,인플루엔자바이러스,4.0,0.0,104,1
2020,35,2020-08-23,2020-08-29,코로나19,,,,
2020,35,2020-08-23,2020-08-29,클라미디아균,1.0,0.0,104,1
2020,35,2020-08-23,2020-08-29,파라인플루엔자바이러스,3.0,0.0,104,1
2020,35,2020-08-23,2020-08-29,호흡기세포융합바이러스,1.0,0.0,104,1
2020,36,2020-08-30,2020-09-05,리노바이러스,56.0,0.0,104,1
2020,36,2020-08-30,2020-09-05,마이코플라즈마균,18.0,0.0,104,1
2020,36,2020-08-30,2020-09-05,사람메타뉴모바이러스,0.0,0.0,104,1
2020,36,2020-08-30,2020-09-05,사람보카바이러스,28.0,12.5,104,1
2020,36,2020-08-30,2020-09-05,사람코로나바이러스,0.0,0.0,104,1
2020,36,2020-08-30,2020-09-05,아데노바이러스,10.0,0.0,104,1
2020,36,2020-08-30,2020-09-05,인플루엔자바이러스,1.0,0.0,104,1
2020,36,2020-08-30,2020-09-05,코로나19,,,,
2020,36,2020-08-30,2020-09-05,클라미디아균,2.0,3.8461538461538463,104,1
2020,36,2020-08-30,2020-09-05,파라인플루엔자바이러스,3.0,0.0,104,1
2020,36,2020-08-30,2020-09-05,호흡기세포융합바이러스,0.0,0.0,104,1
2020,37,2020-09-06,2020-09-12,리노바이러스,35.0,0.0,104,1
2020,37,2020-09-06,2020-09-12,마이코플라즈마균,19.0,0.0,104,1
2020,37,2020-09-06,2020-09-12,사람메타뉴모바이러스,0.0,0.0,104,1
2020,37,2020-09-06,2020-09-12,사람보카바이러스,31.0,14.423076923076922,104,1
2020,37,2020-09-06,2020-09-12,사람코로나바이러스,0.0,0.0,104,1
2020,37,2020-09-06,2020-09-12,아데노바이러스,13.0,0.0,104,1
2020,37,2020-09-06,2020-09-12,인플루엔자바이러스,1.0,0.0,104,1
2020,37,2020-09-06,2020-09-12,코로나19,,,,
2020,37,2020-09-06,2020-09-12,클라미디아균,1.0,0.0,104,1
2020,37,2020-09-06,2020-09-12,파라인플루엔자바이러스,0.0,0.0,104,1
2020,37,2020-09-06,2020-09-12,호흡기세포융합바이러스,3.0,0.0,104,1
2020,38,2020-09-13,2020-09-19,리노바이러스,44.0,0.0,104,1
2020,38,2020-09-13,2020-09-19,마이코플라즈마균,22.0,0.0,104,1
2020,38,2020-09-13,2020-09-19,사람메타뉴모바이러스,0.0,0.0,104,1
2020,38,2020-09-13,2020-09-19,사람보카바이러스,16.0,1.9230769230769231,104,1
2020,38,2020-09-13,2020-09-19,사람코로나바이러스,0.0,0.0,104,1
2020,38,2020-09-13,2020-09-19,아데노바이러스,18.0,0.0,104,1
2020,38,2020-09-13,2020-09-19,인플루엔자바이러스,2.0,0.0,104,1
2020,38,2020-09-13,2020-09-19,코로나19,,,,
2020,38,2020-09-13,2020-09-19,클라미디아균,2.0,3.8461538461538463,104,1
2020,38,2020-09-13,2020-09-19,파라인플루엔자바이러스,2.0,0.0,104,1
2020,38,2020-09-13,2020-09-19,호흡기세포융합바이러스,8.0,2.8846153846153846,104,1
2020,39,2020-09-20,2020-09-26,리노바이러스,57.0,0.0,104,1
2020,39,2020-09-20,2020-09-26,마이코플라즈마균,19.0,0.0,104,1
2020,39,2020-09-20,2020-09-26,사람메타뉴모바이러스,0.0,0.0,104,1
2020,39,2020-09-20,2020-09-26,사람보카바이러스,20.0,3.8461538461538463,104,1
2020,39,2020-09-20,2020-09-26,사람코로나바이러스,1.0,0.0,104,1
2020,39,2020-09-20,2020-09-26,아데노바이러스,19.0,0.0,104,1
2020,39,2020-09-20,2020-09-26,인플루엔자바이러스,1.0,0.0,104,1
2020,39,2020-09-20,2020-09-26,코로나19,,,,
2020,39,2020-09-20,2020-09-26,클라미디아균,2.0,3.8461538461538463,104,1
2020,39,2020-09-20,2020-09-26,파라인플루엔자바이러스,3.0,0.0,104,1
2020,39,2020-09-20,2020-09-26,호흡기세포융합바이러스,3.0,0.0,104,1
2020,40,2020-09-27,2020-10-03,리노바이러스,47.0,0.0,104,1
2020,40,2020-09-27,2020-10-03,마이코플라즈마균,13.0,0.0,104,1
2020,40,2020-09-27,2020-10-03,사람메타뉴모바이러스,2.0,0.0,104,1
2020,40,2020-09-27,2020-10-03,사람보카바이러스,21.0,3.8461538461538463,104,1
2020,40,2020-09-27,2020-10-03,사람코로나바이러스,1.0,0.0,104,1
2020,40,2020-09-27,2020-10-03,아데노바이러스,17.0,0.0,104,1
2020,40,2020-09-27,2020-10-03,인플루엔자바이러스,2.0,0.0,104,1
2020,40,2020-09-27,2020-10-03,코로나19,,,,
2020,40,2020-09-27,2020-10-03,클라미디아균,2.0,3.8461538461538463,104,1
2020,40,2020-09-27,2020-10-03,파라인플루엔자바이러스,1.0,0.0,104,1
2020,40,2020-09-27,2020-10-03,호흡기세포융합바이러스,1.0,0.0,104,1
2020,41,2020-10-04,2020-10-10,리노바이러스,59.0,0.0,104,1
2020,41,2020-10-04,2020-10-10,마이코플라즈마균,22.0,0.0,104,1
2020,41,2020-10-04,2020-10-10,사람메타뉴모바이러스,0.0,0.0,104,1
2020,41,2020-10-04,2020-10-10,사람보카바이러스,16.0,1.9230769230769231,104,1
2020,41,2020-10-04,2020-10-10,사람코로나바이러스,0.0,0.0,104,1
2020,41,2020-10-04,2020-10-10,아데노바이러스,19.0,0.0,104,1
2020,41,2020-10-04,2020-10-10,인플루엔자바이러스,6.0,0.0,104,1
2020,41,2020-10-04,2020-10-10,코로나19,,,,
2020,41,2020-10-04,2020-10-10,클라미디아균,2.0,3.8461538461538463,104,1
2020,41,2020-10-04,2020-10-10,파라인플루엔자바이러스,0.0,0.0,104,1
2020,41,2020-10-04,2020-10-10,호흡기세포융합바이러스,1.0,0.0,104,1
2020,42,2020-10-11,2020-10-17,리노바이러스,71.0,0.0,104,1
2020,42,2020-10-11,2020-10-17,마이코플라즈마균,22.0,0.0,104,1
2020,42,2020-10-11,2020-10-17,사람메타뉴모바이러스,0.0,0.0,104,1
2020,42,2020-10-11,2020-10-17,사람보카바이러스,23.0,5.769230769230769,104,1
2020,42,2020-10-11,2020-10-17,사람코로나바이러스,1.0,0.0,104,1
2020,42,2020-10-11,2020-10-17,아데노바이러스,19.0,0.0,104,1
2020,42,2020-10-11,2020-10-17,인플루엔자바이러스,7.0,1.9230769230769231,104,1
2020,42,2020-10-11,2020-10-17,코로나19,,,,
2020,42,2020-10-11,2020-10-17,클라미디아균,4.0,28.846153846153843,104,1
2020,42,2020-10-11,2020-10-17,파라인플루엔자바이러스,4.0,0.0,104,1
2020,42,2020-10-11,2020-10-17,호흡기세포융합바이러스,0.0,0.0,104,1
2020,43,2020-10-18,2020-10-24,리노바이러스,89.0,0.0,104,1
2020,43,2020-10-18,2020-10-24,마이코플라즈마균,21.0,0.0,104,1
2020,43,2020-10-18,2020-10-24,사람메타뉴모바이러스,0.0,0.0,104,1
2020,43,2020-10-18,2020-10-24,사람보카바이러스,31.0,14.423076923076922,104,1
2020,43,2020-10-18,2020-10-24,사람코로나바이러스,1.0,0.0,104,1
2020,43,2020-10-18,2020-10-24,아데노바이러스,18.0,0.0,104,1
2020,43,2020-10-18,2020-10-24,인플루엔자바이러스,3.0,0.0,104,1
2020,43,2020-10-18,2020-10-24,코로나19,,,,
2020,43,2020-10-18,2020-10-24,클라미디아균,4.0,28.846153846153843,104,1
2020,43,2020-10-18,2020-10-24,파라인플루엔자바이러스,1.0,0.0,104,1
2020,43,2020-10-18,2020-10-24,호흡기세포융합바이러스,1.0,0.0,104,1
2020,44,2020-10-25,2020-10-31,리노바이러스,163.0,0.0,104,1
2020,44,2020-10-25,2020-10-31,마이코플라즈마균,44.0,0.0,104,1
2020,44,2020-10-25,2020-10-31,사람메타뉴모바이러스,0.0,0.0,104,1
2020,44,2020-10-25,2020-10-31,사람보카바이러스,34.0,14.423076923076922,104,1
2020,44,2020-10-25,2020-10-31,사람코로나바이러스,0.0,0.0,104,1
2020,44,2020-10-25,2020-10-31,아데노바이러스,18.0,0.0,104,1
2020,44,2020-10-25,2020-10-31,인플루엔자바이러스,3.0,0.0,104,1
2020,44,2020-10-25,2020-10-31,코로나19,,,,
2020,44,2020-10-25,2020-10-31,클라미디아균,2.0,3.8461538461538463,104,1
2020,44,2020-10-25,2020-10-31,파라인플루엔자바이러스,4.0,0.0,104,1
2020,44,2020-10-25,2020-10-31,호흡기세포융합바이러스,1.0,0.0,104,1
2020,45,2020-11-01,2020-11-07,리노바이러스,243.0,5.769230769230769,104,1
2020,45,2020-11-01,2020-11-07,마이코플라즈마균,42.0,0.0,104,1
2020,45,2020-11-01,2020-11-07,사람메타뉴모바이러스,0.0,0.0,104,1
2020,45,2020-11-01,2020-11-07,사람보카바이러스,37.0,16.346153846153847,104,1
2020,45,2020-11-01,2020-11-07,사람코로나바이러스,5.0,0.0,104,1
2020,45,2020-11-01,2020-11-07,아데노바이러스,7.0,0.0,104,1
2020,45,2020-11-01,2020-11-07,인플루엔자바이러스,7.0,1.9230769230769231,104,1
2020,45,2020-11-01,2020-11-07,코로나19,,,,
2020,45,2020-11-01,2020-11-07,클라미디아균,5.0,50.96153846153846,104,1
2020,45,2020-11-01,2020-11-07,파라인플루엔자바이러스,1.0,0.0,104,1
2020,45,2020-11-01,2020-11-07,호흡기세포융합바이러스,4.0,0.0,104,1
2020,46,2020-11-08,2020-11-14,리노바이러스,272.0,9.615384615384617,104,1
2020,46,2020-11-08,2020-11-14,마이코플라즈마균,44.0,0.0,104,1
2020,46,2020-11-08,2020-11-14,사람메타뉴모바이러스,1.0,0.0,104,1
2020,46,2020-11-08,2020-11-14,사람보카바이러스,46.0,20.192307692307693,104,1
2020,46,2020-11-08,2020-11-14,사람코로나바이러스,3.0,0.0,104,1
2020,46,2020-11-08,2020-11-14,아데노바이러스,23.0,0.0,104,1
2020,46,2020-11-08,2020-11-14,인플루엔자바이러스,10.0,4.807692307692308,104,1
2020,46,2020-11-08,2020-11-14,코로나19,,,,
2020,46,2020-11-08,2020-11-14,클라미디아균,3.0,13.461538461538462,104,1
2020,46,2020-11-08,2020-11-14,파라인플루엔자바이러스,1.0,0.0,104,1
2020,46,2020-11-08,2020-11-14,호흡기세포융합바이러스,1.0,0.0,104,1
2020,47,2020-11-15,2020-11-21,리노바이러스,198.0,1.9230769230769231,104,1
2020,47,2020-11-15,2020-11-21,마이코플라즈마균,44.0,0.0,104,1
2020,47,2020-11-15,2020-11-21,사람메타뉴모바이러스,0.0,0.0,104,1
2020,47,2020-11-15,2020-11-21,사람보카바이러스,47.0,21.153846153846153,104,1
2020,47,2020-11-15,2020-11-21,사람코로나바이러스,6.0,0.0,104,1
2020,47,2020-11-15,2020-11-21,아데노바이러스,30.0,0.0,104,1
2020,47,2020-11-15,2020-11-21,인플루엔자바이러스,7.0,1.9230769230769231,104,1
2020,47,2020-11-15,2020-11-21,코로나19,,,,
2020,47,2020-11-15,2020-11-21,클라미디아균,7.0,63.46153846153846,104,2
2020,47,2020-11-15,2020-11-21,파라인플루엔자바이러스,4.0,0.0,104,1
2020,47,2020-11-15,2020-11-21,호흡기세포융합바이러스,3.0,0.0,104,1
2020,48,2020-11-22,2020-11-28,리노바이러스,189.0,1.9230769230769231,104,1
2020,48,2020-11-22,2020-11-28,마이코플라즈마균,28.0,0.0,104,1
2020,48,2020-11-22,2020-11-28,사람메타뉴모바이러스,1.0,0.0,104,1
2020,48,2020-11-22,2020-11-28,사람보카바이러스,49.0,24.03846153846154,104,1
2020,48,2020-11-22,2020-11-28,사람코로나바이러스,2.0,0.0,104,1
2020,48,2020-11-22,2020-11-28,아데노바이러스,30.0,0.0,104,1
2020,48,2020-11-22,2020-11-28,인플루엔자바이러스,2.0,0.0,104,1
2020,48,2020-11-22,2020-11-28,코로나19,,,,
2020,48,2020-11-22,2020-11-28,클라미디아균,5.0,50.96153846153846,104,1
2020,48,2020-11-22,2020-11-28,파라인플루엔자바이러스,4.0,0.0,104,1
2020,48,2020-11-22,2020-11-28,호흡기세포융합바이러스,0.0,0.0,104,1
2020,49,2020-11-29,2020-12-05,리노바이러스,171.0,0.0,104,1
2020,49,2020-11-29,2020-12-05,마이코플라즈마균,34.0,0.0,104,1
2020,49,2020-11-29,2020-12-05,사람메타뉴모바이러스,0.0,0.0,104,1
2020,49,2020-11-29,2020-12-05,사람보카바이러스,79.0,46.15384615384615,104,1
2020,49,2020-11-29,2020-12-05,사람코로나바이러스,4.0,0.0,104,1
2020,49,2020-11-29,2020-12-05,아데노바이러스,30.0,0.0,104,1
2020,49,2020-11-29,2020-12-05,인플루엔자바이러스,20.0,18.269230769230766,104,1
2020,49,2020-11-29,2020-12-05,코로나19,,,,
2020,49,2020-11-29,2020-12-05,클라미디아균,4.0,28.846153846153843,104,1
2020,49,2020-11-29,2020-12-05,파라인플루엔자바이러스,5.0,0.0,104,1
2020,49,2020-11-29,2020-12-05,호흡기세포융합바이러스,2.0,0.0,104,1
2020,50,2020-12-06,2020-12-12,리노바이러스,130.0,0.0,104,1
2020,50,2020-12-06,2020-12-12,마이코플라즈마균,30.0,0.0,104,1
2020,50,2020-12-06,2020-12-12,사람메타뉴모바이러스,1.0,0.0,104,1
2020,50,2020-12-06,2020-12-12,사람보카바이러스,78.0,44.230769230769226,104,1
2020,50,2020-12-06,2020-12-12,사람코로나바이러스,2.0,0.0,104,1
2020,50,2020-12-06,2020-12-12,아데노바이러스,40.0,0.0,104,1
2020,50,2020-12-06,2020-12-12,인플루엔자바이러스,4.0,0.0,104,1
2020,50,2020-12-06,2020-12-12,코로나19,,,,
2020,50,2020-12-06,2020-12-12,클라미디아균,1.0,0.0,104,1
2020,50,2020-12-06,2020-12-12,파라인플루엔자바이러스,0.0,0.0,104,1
2020,50,2020-12-06,2020-12-12,호흡기세포융합바이러스,1.0,0.0,104,1
2020,51,2020-12-13,2020-12-19,리노바이러스,77.0,0.0,104,1
2020,51,2020-12-13,2020-12-19,마이코플라즈마균,26.0,0.0,104,1
2020,51,2020-12-13,2020-12-19,사람메타뉴모바이러스,0.0,0.0,104,1
2020,51,2020-12-13,2020-12-19,사람보카바이러스,56.0,26.923076923076923,104,1
2020,51,2020-12-13,2020-12-19,사람코로나바이러스,1.0,0.0,104,1
2020,51,2020-12-13,2020-12-19,아데노바이러스,44.0,0.0,104,1
2020,51,2020-12-13,2020-12-19,인플루엔자바이러스,8.0,2.8846153846153846,104,1
2020,51,2020-12-13,2020-12-19,코로나19,,,,
2020,51,2020-12-13,2020-12-19,클라미디아균,0.0,0.0,104,1
2020,51,2020-12-13,2020-12-19,파라인플루엔자바이러스,3.0,0.0,104,1
2020,51,2020-12-13,2020-12-19,호흡기세포융합바이러스,2.0,0.0,104,1
2020,52,2020-12-20,2020-12-26,리노바이러스,65.0,0.0,104,1
2020,52,2020-12-20,2020-12-26,마이코플라즈마균,21.0,0.0,104,1
2020,52,2020-12-20,2020-12-26,사람메타뉴모바이러스,0.0,0.0,104,1
2020,52,2020-12-20,2020-12-26,사람보카바이러스,81.0,50.96153846153846,104,1
2020,52,2020-12-20,2020-12-26,사람코로나바이러스,2.0,0.0,104,1
2020,52,2020-12-20,2020-12-26,아데노바이러스,33.0,0.0,104,1
2020,52,2020-12-20,2020-12-26,인플루엔자바이러스,7.0,1.9230769230769231,104,1
2020,52,2020-12-20,2020-12-26,코로나19,,,,
2020,52,2020-12-20,2020-12-26,클라미디아균,2.0,3.8461538461538463,104,1
2020,52,2020-12-20,2020-12-26,파라인플루엔자바이러스,3.0,0.0,104,1
2020,52,2020-12-20,2020-12-26,호흡기세포융합바이러스,0.0,0.0,104,1
2021,1,2020-12-27,2021-01-02,리노바이러스,50.0,9.615384615384617,104,1
2021,1,2020-12-27,2021-01-02,마이코플라즈마균,9.0,0.0,104,1
2021,1,2020-12-27,2021-01-02,사람메타뉴모바이러스,1.0,23.076923076923077,104,1
2021,1,2020-12-27,2021-01-02,사람보카바이러스,61.0,59.61538461538461,104,1
2021,1,2020-12-27,2021-01-02,사람코로나바이러스,1.0,4.807692307692308,104,1
2021,1,2020-12-27,2021-01-02,아데노바이러스,26.0,25.0,104,1
2021,1,2020-12-27,2021-01-02,인플루엔자바이러스,8.0,32.69230769230769,104,1
2021,1,2020-12-27,2021-01-02,코로나19,,,,
2021,1,2020-12-27,2021-01-02,클라미디아균,1.0,2.8846153846153846,104,1
2021,1,2020-12-27,2021-01-02,파라인플루엔자바이러스,3.0,11.538461538461538,104,1
2021,1,2020-12-27,2021-01-02,호흡기세포융합바이러스,0.0,0.0,104,1
2021,2,2021-01-03,2021-01-09,리노바이러스,55.0,9.615384615384617,104,1
2021,2,2021-01-03,2021-01-09,마이코플라즈마균,23.0,10.576923076923077,104,1
2021,2,2021-01-03,2021-01-09,사람메타뉴모바이러스,0.0,0.0,104,1
2021,2,2021-01-03,2021-01-09,사람보카바이러스,66.0,62.5,104,2
2021,2,2021-01-03,2021-01-09,사람코로나바이러스,1.0,4.807692307692308,104,1
2021,2,2021-01-03,2021-01-09,아데노바이러스,29.0,25.961538461538463,104,1
2021,2,2021-01-03,2021-01-09,인플루엔자바이러스,16.0,47.11538461538461,104,1
2021,2,2021-01-03,2021-01-09,코로나19,,,,
2021,2,2021-01-03,2021-01-09,클라미디아균,4.0,40.38461538461539,104,1
2021,2,2021-01-03,2021-01-09,파라인플루엔자바이러스,2.0,6.730769230769231,104,1
2021,2,2021-01-03,2021-01-09,호흡기세포융합바이러스,2.0,19.230769230769234,104,1
2021,3,2021-01-10,2021-01-16,리노바이러스,35.0,0.0,104,1
2021,3,2021-01-10,2021-01-16,마이코플라즈마균,21.0,4.807692307692308,104,1
2021,3,2021-01-10,2021-01-16,사람메타뉴모바이러스,0.0,0.0,104,1
2021,3,2021-01-10,2021-01-16,사람보카바이러스,56.0,55.769230769230774,104,1
2021,3,2021-01-10,2021-01-16,사람코로나바이러스,1.0,4.807692307692308,104,1
2021,3,2021-01-10,2021-01-16,아데노바이러스,22.0,20.192307692307693,104,1
2021,3,2021-01-10,2021-01-16,인플루엔자바이러스,6.0,18.269230769230766,104,1
2021,3,2021-01-10,2021-01-16,코로나19,,,,
2021,3,2021-01-10,2021-01-16,클라미디아균,1.0,2.8846153846153846,104,1
2021,3,2021-01-10,2021-01-16,파라인플루엔자바이러스,3.0,11.538461538461538,104,1
2021,3,2021-01-10,2021-01-16,호흡기세포융합바이러스,3.0,23.076923076923077,104,1
2021,4,2021-01-17,2021-01-23,리노바이러스,26.0,0.0,104,1
2021,4,2021-01-17,2021-01-23,마이코플라즈마균,26.0,14.423076923076922,104,1
2021,4,2021-01-17,2021-01-23,사람메타뉴모바이러스,0.0,0.0,104,1
2021,4,2021-01-17,2021-01-23,사람보카바이러스,43.0,48.07692307692308,104,1
2021,4,2021-01-17,2021-01-23,사람코로나바이러스,2.0,12.5,104,1
2021,4,2021-01-17,2021-01-23,아데노바이러스,22.0,20.192307692307693,104,1
2021,4,2021-01-17,2021-01-23,인플루엔자바이러스,3.0,7.6923076923076925,104,1
2021,4,2021-01-17,2021-01-23,코로나19,,,,
2021,4,2021-01-17,2021-01-23,클라미디아균,3.0,28.846153846153843,104,1
2021,4,2021-01-17,2021-01-23,파라인플루엔자바이러스,3.0,11.538461538461538,104,1
2021,4,2021-01-17,2021-01-23,호흡기세포융합바이러스,1.0,5.769230769230769,104,1
2021,5,2021-01-24,2021-01-30,리노바이러스,44.0,6.730769230769231,104,1
2021,5,2021-01-24,2021-01-30,마이코플라즈마균,22.0,7.6923076923076925,104,1
2021,5,2021-01-24,2021-01-30,사람메타뉴모바이러스,0.0,0.0,104,1
2021,5,2021-01-24,2021-01-30,사람보카바이러스,53.0,54.807692307692314,104,1
2021,5,2021-01-24,2021-01-30,사람코로나바이러스,1.0,4.807692307692308,104,1
2021,5,2021-01-24,2021-01-30,아데노바이러스,22.0,20.192307692307693,104,1
2021,5,2021-01-24,2021-01-30,인플루엔자바이러스,17.0,48.07692307692308,104,1
2021,5,2021-01-24,2021-01-30,코로나19,,,,
2021,5,2021-01-24,2021-01-30,클라미디아균,1.0,2.8846153846153846,104,1
2021,5,2021-01-24,2021-01-30,파라인플루엔자바이러스,0.0,0.0,104,1
2021,5,2021-01-24,2021-01-30,호흡기세포융합바이러스,0.0,0.0,104,1
2021,6,2021-01-31,2021-02-06,리노바이러스,33.0,0.0,104,1
2021,6,2021-01-31,2021-02-06,마이코플라즈마균,16.0,0.9615384615384616,104,1
2021,6,2021-01-31,2021-02-06,사람메타뉴모바이러스,0.0,0.0,104,1
2021,6,2021-01-31,2021-02-06,사람보카바이러스,39.0,47.11538461538461,104,1
2021,6,2021-01-31,2021-02-06,사람코로나바이러스,2.0,12.5,104,1
2021,6,2021-01-31,2021-02-06,아데노바이러스,15.0,4.807692307692308,104,1
2021,6,2021-01-31,2021-02-06,인플루엔자바이러스,4.0,12.5,104,1
2021,6,2021-01-31,2021-02-06,코로나19,,,,
2021,6,2021-01-31,2021-02-06,클라미디아균,5.0,54.807692307692314,104,1
2021,6,2021-01-31,2021-02-06,파라인플루엔자바이러스,2.0,6.730769230769231,104,1
2021,6,2021-01-31,2021-02-06,호흡기세포융합바이러스,0.0,0.0,104,1
2021,7,2021-02-07,2021-02-13,리노바이러스,40.0,5.769230769230769,104,1
2021,7,2021-02-07,2021-02-13,마이코플라즈마균,11.0,0.0,104,1
2021,7,2021-02-07,2021-02-13,사람메타뉴모바이러스,0.0,0.0,104,1
2021,7,2021-02-07,2021-02-13,사람보카바이러스,24.0,33.65384615384615,104,1
2021,7,2021-02-07,2021-02-13,사람코로나바이러스,0.0,0.0,104,1
2021,7,2021-02-07,2021-02-13,아데노바이러스,10.0,0.9615384615384616,104,1
2021,7,2021-02-07,2021-02-13,인플루엔자바이러스,3.0,7.6923076923076925,104,1
2021,7,2021-02-07,2021-02-13,코로나19,,,,
2021,7,2021-02-07,2021-02-13,클라미디아균,4.0,40.38461538461539,104,1
2021,7,2021-02-07,2021-02-13,파라인플루엔자바이러스,5.0,27.884615384615387,104,1
2021,7,2021-02-07,2021-02-13,호흡기세포융합바이러스,0.0,0.0,104,1
2021,8,2021-02-14,2021-02-20,리노바이러스,47.0,7.6923076923076925,104,1
2021,8,2021-02-14,2021-02-20,마이코플라즈마균,29.0,18.269230769230766,104,1
2021,8,2021-02-14,2021-02-20,사람메타뉴모바이러스,0.0,0.0,104,1
2021,8,2021-02-14,2021-02-20,사람보카바이러스,31.0,39.42307692307692,104,1
2021,8,2021-02-14,2021-02-20,사람코로나바이러스,2.0,12.5,104,1
2021,8,2021-02-14,2021-02-20,아데노바이러스,16.0,4.807692307692308,104,1
2021,8,2021-02-14,2021-02-20,인플루엔자바이러스,8.0,32.69230769230769,104,1
2021,8,2021-02-14,2021-02-20,코로나19,,,,
2021,8,2021-02-14,2021-02-20,클라미디아균,3.0,28.846153846153843,104,1
2021,8,2021-02-14,2021-02-20,파라인플루엔자바이러스,1.0,2.8846153846153846,104,1
2021,8,2021-02-14,2021-02-20,호흡기세포융합바이러스,1.0,5.769230769230769,104,1
2021,9,2021-02-21,2021-02-27,리노바이러스,40.0,5.769230769230769,104,1
2021,9,2021-02-21,2021-02-27,마이코플라즈마균,21.0,4.807692307692308,104,1
2021,9,2021-02-21,2021-02-27,사람메타뉴모바이러스,1.0,23.076923076923077,104,1
2021,9,2021-02-21,2021-02-27,사람보카바이러스,29.0,38.46153846153847,104,1
2021,9,2021-02-21,2021-02-27,사람코로나바이러스,1.0,4.807692307692308,104,1
2021,9,2021-02-21,2021-02-27,아데노바이러스,10.0,0.9615384615384616,104,1
2021,9,2021-02-21,2021-02-27,인플루엔자바이러스,2.0,2.8846153846153846,104,1
2021,9,2021-02-21,2021-02-27,코로나19,,,,
2021,9,2021-02-21,2021-02-27,클라미디아균,4.0,40.38461538461539,104,1
2021,9,2021-02-21,2021-02-27,파라인플루엔자바이러스,1.0,2.8846153846153846,104,1
2021,9,2021-02-21,2021-02-27,호흡기세포융합바이러스,2.0,19.230769230769234,104,1
2021,10,2021-02-28,2021-03-06,리노바이러스,43.0,6.730769230769231,104,1
2021,10,2021-02-28,2021-03-06,마이코플라즈마균,10.0,0.0,104,1
2021,10,2021-02-28,2021-03-06,사람메타뉴모바이러스,1.0,23.076923076923077,104,1
2021,10,2021-02-28,2021-03-06,사람보카바이러스,20.0,29.807692307692307,104,1
2021,10,2021-02-28,2021-03-06,사람코로나바이러스,0.0,0.0,104,1
2021,10,2021-02-28,2021-03-06,아데노바이러스,14.0,3.8461538461538463,104,1
2021,10,2021-02-28,2021-03-06,인플루엔자바이러스,7.0,23.076923076923077,104,1
2021,10,2021-02-28,2021-03-06,코로나19,,,,
2021,10,2021-02-28,2021-03-06,클라미디아균,0.0,0.0,104,1
2021,10,2021-02-28,2021-03-06,파라인플루엔자바이러스,1.0,2.8846153846153846,104,1
2021,10,2021-02-28,2021-03-06,호흡기세포융합바이러스,1.0,5.769230769230769,104,1
2021,11,2021-03-07,2021-03-13,리노바이러스,95.0,21.153846153846153,104,1
2021,11,2021-03-07,2021-03-13,마이코플라즈마균,16.0,0.9615384615384616,104,1
2021,11,2021-03-07,2021-03-13,사람메타뉴모바이러스,0.0,0.0,104,1
2021,11,2021-03-07,2021-03-13,사람보카바이러스,31.0,39.42307692307692,104,1
2021,11,2021-03-07,2021-03-13,사람코로나바이러스,2.0,12.5,104,1
2021,11,2021-03-07,2021-03-13,아데노바이러스,19.0,10.576923076923077,104,1
2021,11,2021-03-07,2021-03-13,인플루엔자바이러스,1.0,0.0,104,1
2021,11,2021-03-07,2021-03-13,코로나19,,,,
2021,11,2021-03-07,2021-03-13,클라미디아균,4.0,40.38461538461539,104,1
2021,11,2021-03-07,2021-03-13,파라인플루엔자바이러스,0.0,0.0,104,1
2021,11,2021-03-07,2021-03-13,호흡기세포융합바이러스,0.0,0.0,104,1
2021,12,2021-03-14,2021-03-20,리노바이러스,170.0,33.65384615384615,104,1
2021,12,2021-03-14,2021-03-20,마이코플라즈마균,21.0,4.807692307692308,104,1
2021,12,2021-03-14,2021-03-20,사람메타뉴모바이러스,0.0,0.0,104,1
2021,12,2021-03-14,2021-03-20,사람보카바이러스,44.0,49.03846153846153,104,1
2021,12,2021-03-14,2021-03-20,사람코로나바이러스,5.0,21.153846153846153,104,1
2021,12,2021-03-14,2021-03-20,아데노바이러스,19.0,10.576923076923077,104,1
2021,12,2021-03-14,2021-03-20,인플루엔자바이러스,0.0,0.0,104,1
2021,12,2021-03-14,2021-03-20,코로나19,,,,
2021,12,2021-03-14,2021-03-20,클라미디아균,6.0,61.53846153846154,104,2
2021,12,2021-03-14,2021-03-20,파라인플루엔자바이러스,0.0,0.0,104,1
2021,12,2021-03-14,2021-03-20,호흡기세포융합바이러스,2.0,19.230769230769234,104,1
2021,13,2021-03-21,2021-03-27,리노바이러스,158.0,28.846153846153843,104,1
2021,13,2021-03-21,2021-03-27,마이코플라즈마균,9.0,0.0,104,1
2021,13,2021-03-21,2021-03-27,사람메타뉴모바이러스,4.0,37.5,104,1
2021,13,2021-03-21,2021-03-27,사람보카바이러스,31.0,39.42307692307692,104,1
2021,13,2021-03-21,2021-03-27,사람코로나바이러스,4.0,20.192307692307693,104,1
2021,13,2021-03-21,2021-03-27,아데노바이러스,15.0,4.807692307692308,104,1
2021,13,2021-03-21,2021-03-27,인플루엔자바이러스,2.0,2.8846153846153846,104,1
2021,13,2021-03-21,2021-03-27,코로나19,,,,
2021,13,2021-03-21,2021-03-27,클라미디아균,1.0,2.8846153846153846,104,1
2021,13,2021-03-21,2021-03-27,파라인플루엔자바이러스,0.0,0.0,104,1
2021,13,2021-03-21,2021-03-27,호흡기세포융합바이러스,19.0,49.03846153846153,104,1
2021,14,2021-03-28,2021-04-03,리노바이러스,182.0,35.57692307692308,104,1
2021,14,2021-03-28,2021-04-03,마이코플라즈마균,23.0,10.576923076923077,104,1
2021,14,2021-03-28,2021-04-03,사람메타뉴모바이러스,0.0,0.0,104,1
2021,14,2021-03-28,2021-04-03,사람보카바이러스,38.0,47.11538461538461,104,1
2021,14,2021-03-28,2021-04-03,사람코로나바이러스,4.0,20.192307692307693,104,1
2021,14,2021-03-28,2021-04-03,아데노바이러스,30.0,28.846153846153843,104,1
2021,14,2021-03-28,2021-04-03,인플루엔자바이러스,4.0,12.5,104,1
2021,14,2021-03-28,2021-04-03,코로나19,,,,
2021,14,2021-03-28,2021-04-03,클라미디아균,0.0,0.0,104,1
2021,14,2021-03-28,2021-04-03,파라인플루엔자바이러스,3.0,11.538461538461538,104,1
2021,14,2021-03-28,2021-04-03,호흡기세포융합바이러스,3.0,23.076923076923077,104,1
2021,15,2021-04-04,2021-04-10,리노바이러스,205.0,41.34615384615385,104,1
2021,15,2021-04-04,2021-04-10,마이코플라즈마균,22.0,7.6923076923076925,104,1
2021,15,2021-04-04,2021-04-10,사람메타뉴모바이러스,2.0,31.73076923076923,104,1
2021,15,2021-04-04,2021-04-10,사람보카바이러스,77.0,67.3076923076923,104,2
2021,15,2021-04-04,2021-04-10,사람코로나바이러스,1.0,4.807692307692308,104,1
2021,15,2021-04-04,2021-04-10,아데노바이러스,25.0,24.03846153846154,104,1
2021,15,2021-04-04,2021-04-10,인플루엔자바이러스,0.0,0.0,104,1
2021,15,2021-04-04,2021-04-10,코로나19,,,,
2021,15,2021-04-04,2021-04-10,클라미디아균,4.0,40.38461538461539,104,1
2021,15,2021-04-04,2021-04-10,파라인플루엔자바이러스,0.0,0.0,104,1
2021,15,2021-04-04,2021-04-10,호흡기세포융합바이러스,0.0,0.0,104,1
2021,16,2021-04-11,2021-04-17,리노바이러스,207.0,42.30769230769231,104,1
2021,16,2021-04-11,2021-04-17,마이코플라즈마균,26.0,14.423076923076922,104,1
2021,16,2021-04-11,2021-04-17,사람메타뉴모바이러스,0.0,0.0,104,1
2021,16,2021-04-11,2021-04-17,사람보카바이러스,82.0,75.96153846153845,104,2
2021,16,2021-04-11,2021-04-17,사람코로나바이러스,4.0,20.192307692307693,104,1
2021,16,2021-04-11,2021-04-17,아데노바이러스,19.0,10.576923076923077,104,1
2021,16,2021-04-11,2021-04-17,인플루엔자바이러스,3.0,7.6923076923076925,104,1
2021,16,2021-04-11,2021-04-17,코로나19,,,,
2021,16,2021-04-11,2021-04-17,클라미디아균,1.0,2.8846153846153846,104,1
2021,16,2021-04-11,2021-04-17,파라인플루엔자바이러스,1.0,2.8846153846153846,104,1
2021,16,2021-04-11,2021-04-17,호흡기세포융합바이러스,1.0,5.769230769230769,104,1
2021,17,2021-04-18,2021-04-24,리노바이러스,234.0,42.30769230769231,104,1
2021,17,2021-04-18,2021-04-24,마이코플라즈마균,22.0,7.6923076923076925,104,1
2021,17,2021-04-18,2021-04-24,사람메타뉴모바이러스,0.0,0.0,104,1
2021,17,2021-04-18,2021-04-24,사람보카바이러스,83.0,75.96153846153845,104,2
2021,17,2021-04-18,2021-04-24,사람코로나바이러스,7.0,26.923076923076923,104,1
2021,17,2021-04-18,2021-04-24,아데노바이러스,28.0,25.0,104,1
2021,17,2021-04-18,2021-04-24,인플루엔자바이러스,2.0,2.8846153846153846,104,1
2021,17,2021-04-18,2021-04-24,코로나19,,,,
2021,17,2021-04-18,2021-04-24,클라미디아균,4.0,40.38461538461539,104,1
2021,17,2021-04-18,2021-04-24,파라인플루엔자바이러스,2.0,6.730769230769231,104,1
2021,17,2021-04-18,2021-04-24,호흡기세포융합바이러스,1.0,5.769230769230769,104,1
2021,18,2021-04-25,2021-05-01,리노바이러스,231.0,42.30769230769231,104,1
2021,18,2021-04-25,2021-05-01,마이코플라즈마균,34.0,21.153846153846153,104,1
2021,18,2021-04-25,2021-05-01,사람메타뉴모바이러스,0.0,0.0,104,1
2021,18,2021-04-25,2021-05-01,사람보카바이러스,134.0,86.53846153846155,104,2
2021,18,2021-04-25,2021-05-01,사람코로나바이러스,5.0,21.153846153846153,104,1
2021,18,2021-04-25,2021-05-01,아데노바이러스,26.0,25.0,104,1
2021,18,2021-04-25,2021-05-01,인플루엔자바이러스,4.0,12.5,104,1
2021,18,2021-04-25,2021-05-01,코로나19,,,,
2021,18,2021-04-25,2021-05-01,클라미디아균,6.0,61.53846153846154,104,2
2021,18,2021-04-25,2021-05-01,파라인플루엔자바이러스,0.0,0.0,104,1
2021,18,2021-04-25,2021-05-01,호흡기세포융합바이러스,1.0,5.769230769230769,104,1
2021,19,2021-05-02,2021-05-08,리노바이러스,193.0,40.38461538461539,104,1
2021,19,2021-05-02,2021-05-08,마이코플라즈마균,20.0,3.8461538461538463,104,1
2021,19,2021-05-02,2021-05-08,사람메타뉴모바이러스,1.0,23.076923076923077,104,1
2021,19,2021-05-02,2021-05-08,사람보카바이러스,135.0,86.53846153846155,104,2
2021,19,2021-05-02,2021-05-08,사람코로나바이러스,4.0,20.192307692307693,104,1
2021,19,2021-05-02,2021-05-08,아데노바이러스,37.0,36.53846153846153,104,1
2021,19,2021-05-02,2021-05-08,인플루엔자바이러스,3.0,7.6923076923076925,104,1
2021,19,2021-05-02,2021-05-08,코로나19,,,,
2021,19,2021-05-02,2021-05-08,클라미디아균,2.0,13.461538461538462,104,1
2021,19,2021-05-02,2021-05-08,파라인플루엔자바이러스,4.0,22.115384615384613,104,1
2021,19,2021-05-02,2021-05-08,호흡기세포융합바이러스,0.0,0.0,104,1
2021,20,2021-05-09,2021-05-15,리노바이러스,233.0,42.30769230769231,104,1
2021,20,2021-05-09,2021-05-15,마이코플라즈마균,24.0,10.576923076923077,104,1
2021,20,2021-05-09,2021-05-15,사람메타뉴모바이러스,1.0,23.076923076923077,104,1
2021,20,2021-05-09,2021-05-15,사람보카바이러스,203.0,90.38461538461539,104,3
2021,20,2021-05-09,2021-05-15,사람코로나바이러스,9.0,32.69230769230769,104,1
2021,20,2021-05-09,2021-05-15,아데노바이러스,41.0,39.42307692307692,104,1
2021,20,2021-05-09,2021-05-15,인플루엔자바이러스,0.0,0.0,104,1
2021,20,2021-05-09,2021-05-15,코로나19,,,,
2021,20,2021-05-09,2021-05-15,클라미디아균,3.0,28.846153846153843,104,1
2021,20,2021-05-09,2021-05-15,파라인플루엔자바이러스,1.0,2.8846153846153846,104,1
2021,20,2021-05-09,2021-05-15,호흡기세포융합바이러스,0.0,0.0,104,1
2021,21,2021-05-16,2021-05-22,리노바이러스,207.0,42.30769230769231,104,1
2021,21,2021-05-16,2021-05-22,마이코플라즈마균,22.0,7.6923076923076925,104,1
2021,21,2021-05-16,2021-05-22,사람메타뉴모바이러스,4.0,37.5,104,1
2021,21,2021-05-16,2021-05-22,사람보카바이러스,150.0,86.53846153846155,104,2
2021,21,2021-05-16,2021-05-22,사람코로나바이러스,13.0,38.46153846153847,104,1
2021,21,2021-05-16,2021-05-22,아데노바이러스,35.0,36.53846153846153,104,1
2021,21,2021-05-16,2021-05-22,인플루엔자바이러스,1.0,0.0,104,1
2021,21,2021-05-16,2021-05-22,코로나19,,,,
2021,21,2021-05-16,2021-05-22,클라미디아균,3.0,28.846153846153843,104,1
2021,21,2021-05-16,2021-05-22,파라인플루엔자바이러스,0.0,0.0,104,1
2021,21,2021-05-16,2021-05-22,호흡기세포융합바이러스,1.0,5.769230769230769,104,1
2021,22,2021-05-23,2021-05-29,리노바이러스,191.0,40.38461538461539,104,1
2021,22,2021-05-23,2021-05-29,마이코플라즈마균,34.0,21.153846153846153,104,1
2021,22,2021-05-23,2021-05-29,사람메타뉴모바이러스,2.0,31.73076923076923,104,1
2021,22,2021-05-23,2021-05-29,사람보카바이러스,173.0,88.46153846153845,104,2
2021,22,2021-05-23,2021-05-29,사람코로나바이러스,6.0,24.03846153846154,104,1
2021,22,2021-05-23,2021-05-29,아데노바이러스,34.0,35.57692307692308,104,1
2021,22,2021-05-23,2021-05-29,인플루엔자바이러스,3.0,7.6923076923076925,104,1
2021,22,2021-05-23,2021-05-29,코로나19,,,,
2021,22,2021-05-23,2021-05-29,클라미디아균,2.0,13.461538461538462,104,1
2021,22,2021-05-23,2021-05-29,파라인플루엔자바이러스,1.0,2.8846153846153846,104,1
2021,22,2021-05-23,2021-05-29,호흡기세포융합바이러스,0.0,0.0,104,1
2021,23,2021-05-30,2021-06-05,리노바이러스,207.0,42.30769230769231,104,1
2021,23,2021-05-30,2021-06-05,마이코플라즈마균,27.0,16.346153846153847,104,1
2021,23,2021-05-30,2021-06-05,사람메타뉴모바이러스,1.0,23.076923076923077,104,1
2021,23,2021-05-30,2021-06-05,사람보카바이러스,166.0,87.5,104,2
2021,23,2021-05-30,2021-06-05,사람코로나바이러스,7.0,26.923076923076923,104,1
2021,23,2021-05-30,2021-06-05,아데노바이러스,38.0,36.53846153846153,104,1
2021,23,2021-05-30,2021-06-05,인플루엔자바이러스,1.0,0.0,104,1
2021,23,2021-05-30,2021-06-05,코로나19,,,,
2021,23,2021-05-30,2021-06-05,클라미디아균,6.0,61.53846153846154,104,2
2021,23,2021-05-30,2021-06-05,파라인플루엔자바이러스,1.0,2.8846153846153846,104,1
2021,23,2021-05-30,2021-06-05,호흡기세포융합바이러스,0.0,0.0,104,1
2021,24,2021-06-06,2021-06-12,리노바이러스,205.0,41.34615384615385,104,1
2021,24,2021-06-06,2021-06-12,마이코플라즈마균,36.0,25.961538461538463,104,1
2021,24,2021-06-06,2021-06-12,사람메타뉴모바이러스,1.0,23.076923076923077,104,1
2021,24,2021-06-06,2021-06-12,사람보카바이러스,150.0,86.53846153846155,104,2
2021,24,2021-06-06,2021-06-12,사람코로나바이러스,2.0,12.5,104,1
2021,24,2021-06-06,2021-06-12,아데노바이러스,39.0,37.5,104,1
2021,24,2021-06-06,2021-06-12,인플루엔자바이러스,4.0,12.5,104,1
2021,24,2021-06-06,2021-06-12,코로나19,,,,
2021,24,2021-06-06,2021-06-12,클라미디아균,2.0,13.461538461538462,104,1
2021,24,2021-06-06,2021-06-12,파라인플루엔자바이러스,5.0,27.884615384615387,104,1
2021,24,2021-06-06,2021-06-12,호흡기세포융합바이러스,3.0,23.076923076923077,104,1
2021,25,2021-06-13,2021-06-19,리노바이러스,159.0,28.846153846153843,104,1
2021,25,2021-06-13,2021-06-19,마이코플라즈마균,27.0,16.346153846153847,104,1
2021,25,2021-06-13,2021-06-19,사람메타뉴모바이러스,1.0,23.076923076923077,104,1
2021,25,2021-06-13,2021-06-19,사람보카바이러스,124.0,85.57692307692307,104,2
2021,25,2021-06-13,2021-06-19,사람코로나바이러스,2.0,12.5,104,1
2021,25,2021-06-13,2021-06-19,아데노바이러스,45.0,41.34615384615385,104,1
2021,25,2021-06-13,2021-06-19,인플루엔자바이러스,0.0,0.0,104,1
2021,25,2021-06-13,2021-06-19,코로나19,,,,
2021,25,2021-06-13,2021-06-19,클라미디아균,2.0,13.461538461538462,104,1
2021,25,2021-06-13,2021-06-19,파라인플루엔자바이러스,0.0,0.0,104,1
2021,25,2021-06-13,2021-06-19,호흡기세포융합바이러스,0.0,0.0,104,1
2021,26,2021-06-20,2021-06-26,리노바이러스,173.0,34.61538461538461,104,1
2021,26,2021-06-20,2021-06-26,마이코플라즈마균,26.0,14.423076923076922,104,1
2021,26,2021-06-20,2021-06-26,사람메타뉴모바이러스,1.0,23.076923076923077,104,1
2021,26,2021-06-20,2021-06-26,사람보카바이러스,134.0,86.53846153846155,104,2
2021,26,2021-06-20,2021-06-26,사람코로나바이러스,7.0,26.923076923076923,104,1
2021,26,2021-06-20,2021-06-26,아데노바이러스,38.0,36.53846153846153,104,1
2021,26,2021-06-20,2021-06-26,인플루엔자바이러스,2.0,2.8846153846153846,104,1
2021,26,2021-06-20,2021-06-26,코로나19,,,,
2021,26,2021-06-20,2021-06-26,클라미디아균,0.0,0.0,104,1
2021,26,2021-06-20,2021-06-26,파라인플루엔자바이러스,2.0,6.730769230769231,104,1
2021,26,2021-06-20,2021-06-26,호흡기세포융합바이러스,1.0,5.769230769230769,104,1
2021,27,2021-06-27,2021-07-03,리노바이러스,128.0,23.076923076923077,104,1
2021,27,2021-06-27,2021-07-03,마이코플라즈마균,27.0,16.346153846153847,104,1
2021,27,2021-06-27,2021-07-03,사람메타뉴모바이러스,1.0,23.076923076923077,104,1
2021,27,2021-06-27,2021-07-03,사람보카바이러스,80.0,72.11538461538461,104,2
2021,27,2021-06-27,2021-07-03,사람코로나바이러스,2.0,12.5,104,1
2021,27,2021-06-27,2021-07-03,아데노바이러스,33.0,33.65384615384615,104,1
2021,27,2021-06-27,2021-07-03,인플루엔자바이러스,2.0,2.8846153846153846,104,1
2021,27,2021-06-27,2021-07-03,코로나19,,,,
2021,27,2021-06-27,2021-07-03,클라미디아균,5.0,54.807692307692314,104,1
2021,27,2021-06-27,2021-07-03,파라인플루엔자바이러스,3.0,11.538461538461538,104,1
2021,27,2021-06-27,2021-07-03,호흡기세포융합바이러스,0.0,0.0,104,1
2021,28,2021-07-04,2021-07-10,리노바이러스,142.0,25.961538461538463,104,1
2021,28,2021-07-04,2021-07-10,마이코플라즈마균,19.0,1.9230769230769231,104,1
2021,28,2021-07-04,2021-07-10,사람메타뉴모바이러스,0.0,0.0,104,1
2021,28,2021-07-04,2021-07-10,사람보카바이러스,78.0,67.3076923076923,104,2
2021,28,2021-07-04,2021-07-10,사람코로나바이러스,2.0,12.5,104,1
2021,28,2021-07-04,2021-07-10,아데노바이러스,29.0,25.961538461538463,104,1
2021,28,2021-07-04,2021-07-10,인플루엔자바이러스,0.0,0.0,104,1
2021,28,2021-07-04,2021-07-10,코로나19,,,,
2021,28,2021-07-04,2021-07-10,클라미디아균,2.0,13.461538461538462,104,1
2021,28,2021-07-04,2021-07-10,파라인플루엔자바이러스,1.0,2.8846153846153846,104,1
2021,28,2021-07-04,2021-07-10,호흡기세포융합바이러스,1.0,5.769230769230769,104,1
2021,29,2021-07-11,2021-07-17,리노바이러스,120.0,22.115384615384613,104,1
2021,29,2021-07-11,2021-07-17,마이코플라즈마균,35.0,25.961538461538463,104,1
2021,29,2021-07-11,2021-07-17,사람메타뉴모바이러스,3.0,37.5,104,1
2021,29,2021-07-11,2021-07-17,사람보카바이러스,71.0,66.34615384615384,104,2
2021,29,2021-07-11,2021-07-17,사람코로나바이러스,1.0,4.807692307692308,104,1
2021,29,2021-07-11,2021-07-17,아데노바이러스,29.0,25.961538461538463,104,1
2021,29,2021-07-11,2021-07-17,인플루엔자바이러스,2.0,2.8846153846153846,104,1
2021,29,2021-07-11,2021-07-17,코로나19,,,,
2021,29,2021-07-11,2021-07-17,클라미디아균,2.0,13.461538461538462,104,1
2021,29,2021-07-11,2021-07-17,파라인플루엔자바이러스,0.0,0.0,104,1
2021,29,2021-07-11,2021-07-17,호흡기세포융합바이러스,1.0,5.769230769230769,104,1
2021,30,2021-07-18,2021-07-24,리노바이러스,111.0,22.115384615384613,104,1
2021,30,2021-07-18,2021-07-24,마이코플라즈마균,27.0,16.346153846153847,104,1
2021,30,2021-07-18,2021-07-24,사람메타뉴모바이러스,0.0,0.0,104,1
2021,30,2021-07-18,2021-07-24,사람보카바이러스,64.0,60.57692307692307,104,2
2021,30,2021-07-18,2021-07-24,사람코로나바이러스,2.0,12.5,104,1
2021,30,2021-07-18,2021-07-24,아데노바이러스,28.0,25.0,104,1
2021,30,2021-07-18,2021-07-24,인플루엔자바이러스,6.0,18.269230769230766,104,1
2021,30,2021-07-18,2021-07-24,코로나19,,,,
2021,30,2021-07-18,2021-07-24,클라미디아균,2.0,13.461538461538462,104,1
2021,30,2021-07-18,2021-07-24,파라인플루엔자바이러스,1.0,2.8846153846153846,104,1
2021,30,2021-07-18,2021-07-24,호흡기세포융합바이러스,0.0,0.0,104,1
2021,31,2021-07-25,2021-07-31,리노바이러스,78.0,18.269230769230766,104,1
2021,31,2021-07-25,2021-07-31,마이코플라즈마균,16.0,0.9615384615384616,104,1
2021,31,2021-07-25,2021-07-31,사람메타뉴모바이러스,1.0,23.076923076923077,104,1
2021,31,2021-07-25,2021-07-31,사람보카바이러스,45.0,49.03846153846153,104,1
2021,31,2021-07-25,2021-07-31,사람코로나바이러스,0.0,0.0,104,1
2021,31,2021-07-25,2021-07-31,아데노바이러스,20.0,15.384615384615385,104,1
2021,31,2021-07-25,2021-07-31,인플루엔자바이러스,0.0,0.0,104,1
2021,31,2021-07-25,2021-07-31,코로나19,,,,
2021,31,2021-07-25,2021-07-31,클라미디아균,4.0,40.38461538461539,104,1
2021,31,2021-07-25,2021-07-31,파라인플루엔자바이러스,2.0,6.730769230769231,104,1
2021,31,2021-07-25,2021-07-31,호흡기세포융합바이러스,1.0,5.769230769230769,104,1
2021,32,2021-08-01,2021-08-07,리노바이러스,52.0,9.615384615384617,104,1
2021,32,2021-08-01,2021-08-07,마이코플라즈마균,20.0,3.8461538461538463,104,1
2021,32,2021-08-01,2021-08-07,사람메타뉴모바이러스,1.0,23.076923076923077,104,1
2021,32,2021-08-01,2021-08-07,사람보카바이러스,34.0,43.269230769230774,104,1
2021,32,2021-08-01,2021-08-07,사람코로나바이러스,0.0,0.0,104,1
2021,32,2021-08-01,2021-08-07,아데노바이러스,12.0,2.8846153846153846,104,1
2021,32,2021-08-01,2021-08-07,인플루엔자바이러스,1.0,0.0,104,1
2021,32,2021-08-01,2021-08-07,코로나19,,,,
2021,32,2021-08-01,2021-08-07,클라미디아균,8.0,77.88461538461539,104,2
2021,32,2021-08-01,2021-08-07,파라인플루엔자바이러스,1.0,2.8846153846153846,104,1
2021,32,2021-08-01,2021-08-07,호흡기세포융합바이러스,1.0,5.769230769230769,104,1
2021,33,2021-08-08,2021-08-14,리노바이러스,44.0,6.730769230769231,104,1
2021,33,2021-08-08,2021-08-14,마이코플라즈마균,30.0,19.230769230769234,104,1
2021,33,2021-08-08,2021-08-14,사람메타뉴모바이러스,0.0,0.0,104,1
2021,33,2021-08-08,2021-08-14,사람보카바이러스,20.0,29.807692307692307,104,1
2021,33,2021-08-08,2021-08-14,사람코로나바이러스,1.0,4.807692307692308,104,1
2021,33,2021-08-08,2021-08-14,아데노바이러스,17.0,5.769230769230769,104,1
2021,33,2021-08-08,2021-08-14,인플루엔자바이러스,2.0,2.8846153846153846,104,1
2021,33,2021-08-08,2021-08-14,코로나19,,,,
2021,33,2021-08-08,2021-08-14,클라미디아균,2.0,13.461538461538462,104,1
2021,33,2021-08-08,2021-08-14,파라인플루엔자바이러스,2.0,6.730769230769231,104,1
2021,33,2021-08-08,2021-08-14,호흡기세포융합바이러스,0.0,0.0,104,1
2021,34,2021-08-15,2021-08-21,리노바이러스,34.0,0.0,104,1
2021,34,2021-08-15,2021-08-21,마이코플라즈마균,22.0,7.6923076923076925,104,1
2021,34,2021-08-15,2021-08-21,사람메타뉴모바이러스,0.0,0.0,104,1
2021,34,2021-08-15,2021-08-21,사람보카바이러스,29.0,38.46153846153847,104,1
2021,34,2021-08-15,2021-08-21,사람코로나바이러스,0.0,0.0,104,1
2021,34,2021-08-15,2021-08-21,아데노바이러스,12.0,2.8846153846153846,104,1
2021,34,2021-08-15,2021-08-21,인플루엔자바이러스,1.0,0.0,104,1
2021,34,2021-08-15,2021-08-21,코로나19,,,,
2021,34,2021-08-15,2021-08-21,클라미디아균,1.0,2.8846153846153846,104,1
2021,34,2021-08-15,2021-08-21,파라인플루엔자바이러스,3.0,11.538461538461538,104,1
2021,34,2021-08-15,2021-08-21,호흡기세포융합바이러스,2.0,19.230769230769234,104,1
2021,35,2021-08-22,2021-08-28,리노바이러스,45.0,7.6923076923076925,104,1
2021,35,2021-08-22,2021-08-28,마이코플라즈마균,17.0,0.9615384615384616,104,1
2021,35,2021-08-22,2021-08-28,사람메타뉴모바이러스,0.0,0.0,104,1
2021,35,2021-08-22,2021-08-28,사람보카바이러스,23.0,32.69230769230769,104,1
2021,35,2021-08-22,2021-08-28,사람코로나바이러스,2.0,12.5,104,1
2021,35,2021-08-22,2021-08-28,아데노바이러스,12.0,2.8846153846153846,104,1
2021,35,2021-08-22,2021-08-28,인플루엔자바이러스,2.0,2.8846153846153846,104,1
2021,35,2021-08-22,2021-08-28,코로나19,,,,
2021,35,2021-08-22,2021-08-28,클라미디아균,8.0,77.88461538461539,104,2
2021,35,2021-08-22,2021-08-28,파라인플루엔자바이러스,4.0,22.115384615384613,104,1
2021,35,2021-08-22,2021-08-28,호흡기세포융합바이러스,1.0,5.769230769230769,104,1
2021,36,2021-08-29,2021-09-04,리노바이러스,38.0,0.9615384615384616,104,1
2021,36,2021-08-29,2021-09-04,마이코플라즈마균,16.0,0.9615384615384616,104,1
2021,36,2021-08-29,2021-09-04,사람메타뉴모바이러스,1.0,23.076923076923077,104,1
2021,36,2021-08-29,2021-09-04,사람보카바이러스,26.0,34.61538461538461,104,1
2021,36,2021-08-29,2021-09-04,사람코로나바이러스,0.0,0.0,104,1
2021,36,2021-08-29,2021-09-04,아데노바이러스,13.0,2.8846153846153846,104,1
2021,36,2021-08-29,2021-09-04,인플루엔자바이러스,1.0,0.0,104,1
2021,36,2021-08-29,2021-09-04,코로나19,,,,
2021,36,2021-08-29,2021-09-04,클라미디아균,5.0,54.807692307692314,104,1
2021,36,2021-08-29,2021-09-04,파라인플루엔자바이러스,16.0,42.30769230769231,104,1
2021,36,2021-08-29,2021-09-04,호흡기세포융합바이러스,0.0,0.0,104,1
2021,37,2021-09-05,2021-09-11,리노바이러스,71.0,15.384615384615385,104,1
2021,37,2021-09-05,2021-09-11,마이코플라즈마균,18.0,0.9615384615384616,104,1
2021,37,2021-09-05,2021-09-11,사람메타뉴모바이러스,0.0,0.0,104,1
2021,37,2021-09-05,2021-09-11,사람보카바이러스,25.0,34.61538461538461,104,1
2021,37,2021-09-05,2021-09-11,사람코로나바이러스,1.0,4.807692307692308,104,1
2021,37,2021-09-05,2021-09-11,아데노바이러스,5.0,0.0,104,1
2021,37,2021-09-05,2021-09-11,인플루엔자바이러스,4.0,12.5,104,1
2021,37,2021-09-05,2021-09-11,코로나19,,,,
2021,37,2021-09-05,2021-09-11,클라미디아균,4.0,40.38461538461539,104,1
2021,37,2021-09-05,2021-09-11,파라인플루엔자바이러스,37.0,50.0,104,1
2021,37,2021-09-05,2021-09-11,호흡기세포융합바이러스,1.0,5.769230769230769,104,1
2021,38,2021-09-12,2021-09-18,리노바이러스,105.0,21.153846153846153,104,1
2021,38,2021-09-12,2021-09-18,마이코플라즈마균,25.0,13.461538461538462,104,1
2021,38,2021-09-12,2021-09-18,사람메타뉴모바이러스,0.0,0.0,104,1
2021,38,2021-09-12,2021-09-18,사람보카바이러스,27.0,35.57692307692308,104,1
2021,38,2021-09-12,2021-09-18,사람코로나바이러스,0.0,0.0,104,1
2021,38,2021-09-12,2021-09-18,아데노바이러스,8.0,0.9615384615384616,104,1
2021,38,2021-09-12,2021-09-18,인플루엔자바이러스,4.0,12.5,104,1
2021,38,2021-09-12,2021-09-18,코로나19,,,,
2021,38,2021-09-12,2021-09-18,클라미디아균,4.0,40.38461538461539,104,1
2021,38,2021-09-12,2021-09-18,파라인플루엔자바이러스,59.0,55.769230769230774,104,1
2021,38,2021-09-12,2021-09-18,호흡기세포융합바이러스,1.0,5.769230769230769,104,1
2021,39,2021-09-19,2021-09-25,리노바이러스,117.0,22.115384615384613,104,1
2021,39,2021-09-19,2021-09-25,마이코플라즈마균,24.0,10.576923076923077,104,1
2021,39,2021-09-19,2021-09-25,사람메타뉴모바이러스,0.0,0.0,104,1
2021,39,2021-09-19,2021-09-25,사람보카바이러스,17.0,27.884615384615387,104,1
2021,39,2021-09-19,2021-09-25,사람코로나바이러스,0.0,0.0,104,1
2021,39,2021-09-19,2021-09-25,아데노바이러스,9.0,0.9615384615384616,104,1
2021,39,2021-09-19,2021-09-25,인플루엔자바이러스,2.0,2.8846153846153846,104,1
2021,39,2021-09-19,2021-09-25,코로나19,,,,
2021,39,2021-09-19,2021-09-25,클라미디아균,5.0,54.807692307692314,104,1
2021,39,2021-09-19,2021-09-25,파라인플루엔자바이러스,119.0,64.42307692307693,104,2
2021,39,2021-09-19,2021-09-25,호흡기세포융합바이러스,2.0,19.230769230769234,104,1
2021,40,2021-09-26,2021-10-02,리노바이러스,101.0,21.153846153846153,104,1
2021,40,2021-09-26,2021-10-02,마이코플라즈마균,16.0,0.9615384615384616,104,1
2021,40,2021-09-26,2021-10-02,사람메타뉴모바이러스,0.0,0.0,104,1
2021,40,2021-09-26,2021-10-02,사람보카바이러스,33.0,41.34615384615385,104,1
2021,40,2021-09-26,2021-10-02,사람코로나바이러스,2.0,12.5,104,1
2021,40,2021-09-26,2021-10-02,아데노바이러스,17.0,5.769230769230769,104,1
2021,40,2021-09-26,2021-10-02,인플루엔자바이러스,4.0,12.5,104,1
2021,40,2021-09-26,2021-10-02,코로나19,,,,
2021,40,2021-09-26,2021-10-02,클라미디아균,4.0,40.38461538461539,104,1
2021,40,2021-09-26,2021-10-02,파라인플루엔자바이러스,163.0,68.26923076923077,104,2
2021,40,2021-09-26,2021-10-02,호흡기세포융합바이러스,4.0,27.884615384615387,104,1
2021,41,2021-10-03,2021-10-09,리노바이러스,132.0,24.03846153846154,104,1
2021,41,2021-10-03,2021-10-09,마이코플라즈마균,26.0,14.423076923076922,104,1
2021,41,2021-10-03,2021-10-09,사람메타뉴모바이러스,0.0,0.0,104,1
2021,41,2021-10-03,2021-10-09,사람보카바이러스,39.0,47.11538461538461,104,1
2021,41,2021-10-03,2021-10-09,사람코로나바이러스,1.0,4.807692307692308,104,1
2021,41,2021-10-03,2021-10-09,아데노바이러스,12.0,2.8846153846153846,104,1
2021,41,2021-10-03,2021-10-09,인플루엔자바이러스,16.0,47.11538461538461,104,1
2021,41,2021-10-03,2021-10-09,코로나19,,,,
2021,41,2021-10-03,2021-10-09,클라미디아균,6.0,61.53846153846154,104,2
2021,41,2021-10-03,2021-10-09,파라인플루엔자바이러스,284.0,81.73076923076923,104,2
2021,41,2021-10-03,2021-10-09,호흡기세포융합바이러스,3.0,23.076923076923077,104,1
2021,42,2021-10-10,2021-10-16,리노바이러스,129.0,23.076923076923077,104,1
2021,42,2021-10-10,2021-10-16,마이코플라즈마균,33.0,21.153846153846153,104,1
2021,42,2021-10-10,2021-10-16,사람메타뉴모바이러스,1.0,23.076923076923077,104,1
2021,42,2021-10-10,2021-10-16,사람보카바이러스,42.0,48.07692307692308,104,1
2021,42,2021-10-10,2021-10-16,사람코로나바이러스,1.0,4.807692307692308,104,1
2021,42,2021-10-10,2021-10-16,아데노바이러스,12.0,2.8846153846153846,104,1
2021,42,2021-10-10,2021-10-16,인플루엔자바이러스,5.0,16.346153846153847,104,1
2021,42,2021-10-10,2021-10-16,코로나19,,,,
2021,42,2021-10-10,2021-10-16,클라미디아균,6.0,61.53846153846154,104,2
2021,42,2021-10-10,2021-10-16,파라인플루엔자바이러스,341.0,86.53846153846155,104,2
2021,42,2021-10-10,2021-10-16,호흡기세포융합바이러스,1.0,5.769230769230769,104,1
2021,43,2021-10-17,2021-10-23,리노바이러스,146.0,25.961538461538463,104,1
2021,43,2021-10-17,2021-10-23,마이코플라즈마균,32.0,21.153846153846153,104,1
2021,43,2021-10-17,2021-10-23,사람메타뉴모바이러스,1.0,23.076923076923077,104,1
2021,43,2021-10-17,2021-10-23,사람보카바이러스,55.0,54.807692307692314,104,1
2021,43,2021-10-17,2021-10-23,사람코로나바이러스,0.0,0.0,104,1
2021,43,2021-10-17,2021-10-23,아데노바이러스,17.0,5.769230769230769,104,1
2021,43,2021-10-17,2021-10-23,인플루엔자바이러스,3.0,7.6923076923076925,104,1
2021,43,2021-10-17,2021-10-23,코로나19,,,,
2021,43,2021-10-17,2021-10-23,클라미디아균,5.0,54.807692307692314,104,1
2021,43,2021-10-17,2021-10-23,파라인플루엔자바이러스,539.0,95.1923076923077,104,4
2021,43,2021-10-17,2021-10-23,호흡기세포융합바이러스,0.0,0.0,104,1
2021,44,2021-10-24,2021-10-30,리노바이러스,215.0,42.30769230769231,104,1
2021,44,2021-10-24,2021-10-30,마이코플라즈마균,53.0,39.42307692307692,104,1
2021,44,2021-10-24,2021-10-30,사람메타뉴모바이러스,1.0,23.076923076923077,104,1
2021,44,2021-10-24,2021-10-30,사람보카바이러스,63.0,59.61538461538461,104,1
2021,44,2021-10-24,2021-10-30,사람코로나바이러스,2.0,12.5,104,1
2021,44,2021-10-24,2021-10-30,아데노바이러스,15.0,4.807692307692308,104,1
2021,44,2021-10-24,2021-10-30,인플루엔자바이러스,8.0,32.69230769230769,104,1
2021,44,2021-10-24,2021-10-30,코로나19,,,,
2021,44,2021-10-24,2021-10-30,클라미디아균,3.0,28.846153846153843,104,1
2021,44,2021-10-24,2021-10-30,파라인플루엔자바이러스,634.0,99.03846153846155,104,4
2021,44,2021-10-24,2021-10-30,호흡기세포융합바이러스,6.0,31.73076923076923,104,1
2021,45,2021-10-31,2021-11-06,리노바이러스,261.0,45.19230769230769,104,1
2021,45,2021-10-31,2021-11-06,마이코플라즈마균,45.0,34.61538461538461,104,1
2021,45,2021-10-31,2021-11-06,사람메타뉴모바이러스,0.0,0.0,104,1
2021,45,2021-10-31,2021-11-06,사람보카바이러스,43.0,48.07692307692308,104,1
2021,45,2021-10-31,2021-11-06,사람코로나바이러스,0.0,0.0,104,1
2021,45,2021-10-31,2021-11-06,아데노바이러스,12.0,2.8846153846153846,104,1
2021,45,2021-10-31,2021-11-06,인플루엔자바이러스,5.0,16.346153846153847,104,1
2021,45,2021-10-31,2021-11-06,코로나19,,,,
2021,45,2021-10-31,2021-11-06,클라미디아균,5.0,54.807692307692314,104,1
2021,45,2021-10-31,2021-11-06,파라인플루엔자바이러스,605.0,97.11538461538461,104,4
2021,45,2021-10-31,2021-11-06,호흡기세포융합바이러스,20.0,49.03846153846153,104,1
2021,46,2021-11-07,2021-11-13,리노바이러스,269.0,47.11538461538461,104,1
2021,46,2021-11-07,2021-11-13,마이코플라즈마균,33.0,21.153846153846153,104,1
2021,46,2021-11-07,2021-11-13,사람메타뉴모바이러스,0.0,0.0,104,1
2021,46,2021-11-07,2021-11-13,사람보카바이러스,61.0,59.61538461538461,104,1
2021,46,2021-11-07,2021-11-13,사람코로나바이러스,0.0,0.0,104,1
2021,46,2021-11-07,2021-11-13,아데노바이러스,13.0,2.8846153846153846,104,1
2021,46,2021-11-07,2021-11-13,인플루엔자바이러스,4.0,12.5,104,1
2021,46,2021-11-07,2021-11-13,코로나19,,,,
2021,46,2021-11-07,2021-11-13,클라미디아균,6.0,61.53846153846154,104,2
2021,46,2021-11-07,2021-11-13,파라인플루엔자바이러스,525.0,94.23076923076923,104,3
2021,46,2021-11-07,2021-11-13,호흡기세포융합바이러스,41.0,57.692307692307686,104,1
2021,47,2021-11-14,2021-11-20,리노바이러스,263.0,46.15384615384615,104,1
2021,47,2021-11-14,2021-11-20,마이코플라즈마균,27.0,16.346153846153847,104,1
2021,47,2021-11-14,2021-11-20,사람메타뉴모바이러스,0.0,0.0,104,1
2021,47,2021-11-14,2021-11-20,사람보카바이러스,35.0,44.230769230769226,104,1
2021,47,2021-11-14,2021-11-20,사람코로나바이러스,1.0,4.807692307692308,104,1
2021,47,2021-11-14,2021-11-20,아데노바이러스,18.0,7.6923076923076925,104,1
2021,47,2021-11-14,2021-11-20,인플루엔자바이러스,3.0,7.6923076923076925,104,1
2021,47,2021-11-14,2021-11-20,코로나19,,,,
2021,47,2021-11-14,2021-11-20,클라미디아균,7.0,72.11538461538461,104,2
2021,47,2021-11-14,2021-11-20,파라인플루엔자바이러스,392.0,89.42307692307693,104,2
2021,47,2021-11-14,2021-11-20,호흡기세포융합바이러스,17.0,45.19230769230769,104,1
2021,48,2021-11-21,2021-11-27,리노바이러스,210.0,42.30769230769231,104,1
2021,48,2021-11-21,2021-11-27,마이코플라즈마균,33.0,21.153846153846153,104,1
2021,48,2021-11-21,2021-11-27,사람메타뉴모바이러스,1.0,23.076923076923077,104,1
2021,48,2021-11-21,2021-11-27,사람보카바이러스,25.0,34.61538461538461,104,1
2021,48,2021-11-21,2021-11-27,사람코로나바이러스,1.0,4.807692307692308,104,1
2021,48,2021-11-21,2021-11-27,아데노바이러스,13.0,2.8846153846153846,104,1
2021,48,2021-11-21,2021-11-27,인플루엔자바이러스,10.0,39.42307692307692,104,1
2021,48,2021-11-21,2021-11-27,코로나19,,,,
2021,48,2021-11-21,2021-11-27,클라미디아균,6.0,61.53846153846154,104,2
2021,48,2021-11-21,2021-11-27,파라인플루엔자바이러스,250.0,77.88461538461539,104,2
2021,48,2021-11-21,2021-11-27,호흡기세포융합바이러스,41.0,57.692307692307686,104,1
2021,49,2021-11-28,2021-12-04,리노바이러스,156.0,28.846153846153843,104,1
2021,49,2021-11-28,2021-12-04,마이코플라즈마균,29.0,18.269230769230766,104,1
2021,49,2021-11-28,2021-12-04,사람메타뉴모바이러스,0.0,0.0,104,1
2021,49,2021-11-28,2021-12-04,사람보카바이러스,19.0,28.846153846153843,104,1
2021,49,2021-11-28,2021-12-04,사람코로나바이러스,0.0,0.0,104,1
2021,49,2021-11-28,2021-12-04,아데노바이러스,12.0,2.8846153846153846,104,1
2021,49,2021-11-28,2021-12-04,인플루엔자바이러스,6.0,18.269230769230766,104,1
2021,49,2021-11-28,2021-12-04,코로나19,,,,
2021,49,2021-11-28,2021-12-04,클라미디아균,3.0,28.846153846153843,104,1
2021,49,2021-11-28,2021-12-04,파라인플루엔자바이러스,155.0,68.26923076923077,104,2
2021,49,2021-11-28,2021-12-04,호흡기세포융합바이러스,60.0,60.57692307692307,104,2
2021,50,2021-12-05,2021-12-11,리노바이러스,158.0,28.846153846153843,104,1
2021,50,2021-12-05,2021-12-11,마이코플라즈마균,18.0,0.9615384615384616,104,1
2021,50,2021-12-05,2021-12-11,사람메타뉴모바이러스,0.0,0.0,104,1
2021,50,2021-12-05,2021-12-11,사람보카바이러스,21.0,30.76923076923077,104,1
2021,50,2021-12-05,2021-12-11,사람코로나바이러스,1.0,4.807692307692308,104,1
2021,50,2021-12-05,2021-12-11,아데노바이러스,15.0,4.807692307692308,104,1
2021,50,2021-12-05,2021-12-11,인플루엔자바이러스,4.0,12.5,104,1
2021,50,2021-12-05,2021-12-11,코로나19,,,,
2021,50,2021-12-05,2021-12-11,클라미디아균,4.0,40.38461538461539,104,1
2021,50,2021-12-05,2021-12-11,파라인플루엔자바이러스,104.0,63.46153846153846,104,2
2021,50,2021-12-05,2021-12-11,호흡기세포융합바이러스,111.0,69.23076923076923,104,2
2021,51,2021-12-12,2021-12-18,리노바이러스,171.0,33.65384615384615,104,1
2021,51,2021-12-12,2021-12-18,마이코플라즈마균,23.0,10.576923076923077,104,1
2021,51,2021-12-12,2021-12-18,사람메타뉴모바이러스,2.0,31.73076923076923,104,1
2021,51,2021-12-12,2021-12-18,사람보카바이러스,31.0,39.42307692307692,104,1
2021,51,2021-12-12,2021-12-18,사람코로나바이러스,2.0,12.5,104,1
2021,51,2021-12-12,2021-12-18,아데노바이러스,22.0,20.192307692307693,104,1
2021,51,2021-12-12,2021-12-18,인플루엔자바이러스,6.0,18.269230769230766,104,1
2021,51,2021-12-12,2021-12-18,코로나19,,,,
2021,51,2021-12-12,2021-12-18,클라미디아균,5.0,54.807692307692314,104,1
2021,51,2021-12-12,2021-12-18,파라인플루엔자바이러스,81.0,61.53846153846154,104,2
2021,51,2021-12-12,2021-12-18,호흡기세포융합바이러스,168.0,75.0,104,2
2021,52,2021-12-19,2021-12-25,리노바이러스,170.0,33.65384615384615,104,1
2021,52,2021-12-19,2021-12-25,마이코플라즈마균,24.0,10.576923076923077,104,1
2021,52,2021-12-19,2021-12-25,사람메타뉴모바이러스,0.0,0.0,104,1
2021,52,2021-12-19,2021-12-25,사람보카바이러스,33.0,41.34615384615385,104,1
2021,52,2021-12-19,2021-12-25,사람코로나바이러스,11.0,35.57692307692308,104,1
2021,52,2021-12-19,2021-12-25,아데노바이러스,13.0,2.8846153846153846,104,1
2021,52,2021-12-19,2021-12-25,인플루엔자바이러스,1.0,0.0,104,1
2021,52,2021-12-19,2021-12-25,코로나19,,,,
2021,52,2021-12-19,2021-12-25,클라미디아균,0.0,0.0,104,1
2021,52,2021-12-19,2021-12-25,파라인플루엔자바이러스,53.0,54.807692307692314,104,1
2021,52,2021-12-19,2021-12-25,호흡기세포융합바이러스,218.0,76.92307692307693,104,2
2022,1,2021-12-26,2022-01-01,리노바이러스,183.0,71.15384615384616,104,2
2022,1,2021-12-26,2022-01-01,마이코플라즈마균,19.0,13.461538461538462,104,1
2022,1,2021-12-26,2022-01-01,사람메타뉴모바이러스,4.0,85.57692307692307,104,2
2022,1,2021-12-26,2022-01-01,사람보카바이러스,18.0,28.846153846153843,104,1
2022,1,2021-12-26,2022-01-01,사람코로나바이러스,7.0,71.15384615384616,104,2
2022,1,2021-12-26,2022-01-01,아데노바이러스,18.0,31.73076923076923,104,1
2022,1,2021-12-26,2022-01-01,인플루엔자바이러스,2.0,15.384615384615385,104,1
2022,1,2021-12-26,2022-01-01,코로나19,,,,
2022,1,2021-12-26,2022-01-01,클라미디아균,4.0,52.88461538461539,104,1
2022,1,2021-12-26,2022-01-01,파라인플루엔자바이러스,38.0,79.8076923076923,104,2
2022,1,2021-12-26,2022-01-01,호흡기세포융합바이러스,326.0,94.23076923076923,104,3
2022,2,2022-01-02,2022-01-08,리노바이러스,148.0,52.88461538461539,104,1
2022,2,2022-01-02,2022-01-08,마이코플라즈마균,30.0,58.65384615384615,104,1
2022,2,2022-01-02,2022-01-08,사람메타뉴모바이러스,0.0,0.0,104,1
2022,2,2022-01-02,2022-01-08,사람보카바이러스,23.0,35.57692307692308,104,1
2022,2,2022-01-02,2022-01-08,사람코로나바이러스,4.0,57.692307692307686,104,1
2022,2,2022-01-02,2022-01-08,아데노바이러스,19.0,35.57692307692308,104,1
2022,2,2022-01-02,2022-01-08,인플루엔자바이러스,9.0,77.88461538461539,104,2
2022,2,2022-01-02,2022-01-08,코로나19,,,,
2022,2,2022-01-02,2022-01-08,클라미디아균,6.0,82.6923076923077,104,2
2022,2,2022-01-02,2022-01-08,파라인플루엔자바이러스,33.0,76.92307692307693,104,2
2022,2,2022-01-02,2022-01-08,호흡기세포융합바이러스,400.0,94.23076923076923,104,3
2022,3,2022-01-09,2022-01-15,리노바이러스,124.0,44.230769230769226,104,1
2022,3,2022-01-09,2022-01-15,마이코플라즈마균,27.0,49.03846153846153,104,1
2022,3,2022-01-09,2022-01-15,사람메타뉴모바이러스,1.0,50.96153846153846,104,1
2022,3,2022-01-09,2022-01-15,사람보카바이러스,19.0,28.846153846153843,104,1
2022,3,2022-01-09,2022-01-15,사람코로나바이러스,10.0,80.76923076923077,104,2
2022,3,2022-01-09,2022-01-15,아데노바이러스,23.0,54.807692307692314,104,1
2022,3,2022-01-09,2022-01-15,인플루엔자바이러스,5.0,52.88461538461539,104,1
2022,3,2022-01-09,2022-01-15,코로나19,,,,
2022,3,2022-01-09,2022-01-15,클라미디아균,0.0,0.0,104,1
2022,3,2022-01-09,2022-01-15,파라인플루엔자바이러스,27.0,76.92307692307693,104,2
2022,3,2022-01-09,2022-01-15,호흡기세포융합바이러스,442.0,96.15384615384616,104,4
2022,4,2022-01-16,2022-01-22,리노바이러스,161.0,59.61538461538461,104,1
2022,4,2022-01-16,2022-01-22,마이코플라즈마균,30.0,58.65384615384615,104,1
2022,4,2022-01-16,2022-01-22,사람메타뉴모바이러스,0.0,0.0,104,1
2022,4,2022-01-16,2022-01-22,사람보카바이러스,35.0,57.692307692307686,104,1
2022,4,2022-01-16,2022-01-22,사람코로나바이러스,13.0,84.61538461538461,104,2
2022,4,2022-01-16,2022-01-22,아데노바이러스,23.0,54.807692307692314,104,1
2022,4,2022-01-16,2022-01-22,인플루엔자바이러스,3.0,28.846153846153843,104,1
2022,4,2022-01-16,2022-01-22,코로나19,,,,
2022,4,2022-01-16,2022-01-22,클라미디아균,1.0,6.730769230769231,104,1
2022,4,2022-01-16,2022-01-22,파라인플루엔자바이러스,32.0,76.92307692307693,104,2
2022,4,2022-01-16,2022-01-22,호흡기세포융합바이러스,552.0,98.07692307692307,104,4
2022,5,2022-01-23,2022-01-29,리노바이러스,154.0,55.769230769230774,104,1
2022,5,2022-01-23,2022-01-29,마이코플라즈마균,38.0,75.0,104,2
2022,5,2022-01-23,2022-01-29,사람메타뉴모바이러스,1.0,50.96153846153846,104,1
2022,5,2022-01-23,2022-01-29,사람보카바이러스,30.0,46.15384615384615,104,1
2022,5,2022-01-23,2022-01-29,사람코로나바이러스,23.0,86.53846153846155,104,2
2022,5,2022-01-23,2022-01-29,아데노바이러스,35.0,79.8076923076923,104,2
2022,5,2022-01-23,2022-01-29,인플루엔자바이러스,4.0,40.38461538461539,104,1
2022,5,2022-01-23,2022-01-29,코로나19,,,,
2022,5,2022-01-23,2022-01-29,클라미디아균,5.0,70.1923076923077,104,2
2022,5,2022-01-23,2022-01-29,파라인플루엔자바이러스,19.0,76.92307692307693,104,2
2022,5,2022-01-23,2022-01-29,호흡기세포융합바이러스,667.0,98.07692307692307,104,4
2022,6,2022-01-30,2022-02-05,리노바이러스,124.0,44.230769230769226,104,1
2022,6,2022-01-30,2022-02-05,마이코플라즈마균,33.0,62.5,104,2
2022,6,2022-01-30,2022-02-05,사람메타뉴모바이러스,0.0,0.0,104,1
2022,6,2022-01-30,2022-02-05,사람보카바이러스,21.0,32.69230769230769,104,1
2022,6,2022-01-30,2022-02-05,사람코로나바이러스,17.0,86.53846153846155,104,2
2022,6,2022-01-30,2022-02-05,아데노바이러스,28.0,60.57692307692307,104,2
2022,6,2022-01-30,2022-02-05,인플루엔자바이러스,3.0,28.846153846153843,104,1
2022,6,2022-01-30,2022-02-05,코로나19,,,,
2022,6,2022-01-30,2022-02-05,클라미디아균,1.0,6.730769230769231,104,1
2022,6,2022-01-30,2022-02-05,파라인플루엔자바이러스,17.0,76.92307692307693,104,2
2022,6,2022-01-30,2022-02-05,호흡기세포융합바이러스,476.0,97.11538461538461,104,4
2022,7,2022-02-06,2022-02-12,리노바이러스,68.0,28.846153846153843,104,1
2022,7,2022-02-06,2022-02-12,마이코플라즈마균,33.0,62.5,104,2
2022,7,2022-02-06,2022-02-12,사람메타뉴모바이러스,0.0,0.0,104,1
2022,7,2022-02-06,2022-02-12,사람보카바이러스,18.0,28.846153846153843,104,1
2022,7,2022-02-06,2022-02-12,사람코로나바이러스,20.0,86.53846153846155,104,2
2022,7,2022-02-06,2022-02-12,아데노바이러스,25.0,56.730769230769226,104,1
2022,7,2022-02-06,2022-02-12,인플루엔자바이러스,1.0,5.769230769230769,104,1
2022,7,2022-02-06,2022-02-12,코로나19,,,,
2022,7,2022-02-06,2022-02-12,클라미디아균,7.0,93.26923076923077,104,3
2022,7,2022-02-06,2022-02-12,파라인플루엔자바이러스,13.0,75.96153846153845,104,2
2022,7,2022-02-06,2022-02-12,호흡기세포융합바이러스,389.0,94.23076923076923,104,3
2022,8,2022-02-13,2022-02-19,리노바이러스,47.0,18.269230769230766,104,1
2022,8,2022-02-13,2022-02-19,마이코플라즈마균,32.0,61.53846153846154,104,2
2022,8,2022-02-13,2022-02-19,사람메타뉴모바이러스,1.0,50.96153846153846,104,1
2022,8,2022-02-13,2022-02-19,사람보카바이러스,11.0,11.538461538461538,104,1
2022,8,2022-02-13,2022-02-19,사람코로나바이러스,25.0,87.5,104,2
2022,8,2022-02-13,2022-02-19,아데노바이러스,15.0,21.153846153846153,104,1
2022,8,2022-02-13,2022-02-19,인플루엔자바이러스,6.0,56.730769230769226,104,1
2022,8,2022-02-13,2022-02-19,코로나19,,,,
2022,8,2022-02-13,2022-02-19,클라미디아균,7.0,93.26923076923077,104,3
2022,8,2022-02-13,2022-02-19,파라인플루엔자바이러스,7.0,66.34615384615384,104,2
2022,8,2022-02-13,2022-02-19,호흡기세포융합바이러스,268.0,93.26923076923077,104,3
2022,9,2022-02-20,2022-02-26,리노바이러스,49.0,20.192307692307693,104,1
2022,9,2022-02-20,2022-02-26,마이코플라즈마균,34.0,65.38461538461539,104,2
2022,9,2022-02-20,2022-02-26,사람메타뉴모바이러스,1.0,50.96153846153846,104,1
2022,9,2022-02-20,2022-02-26,사람보카바이러스,8.0,2.8846153846153846,104,1
2022,9,2022-02-20,2022-02-26,사람코로나바이러스,27.0,87.5,104,2
2022,9,2022-02-20,2022-02-26,아데노바이러스,10.0,3.8461538461538463,104,1
2022,9,2022-02-20,2022-02-26,인플루엔자바이러스,2.0,15.384615384615385,104,1
2022,9,2022-02-20,2022-02-26,코로나19,,,,
2022,9,2022-02-20,2022-02-26,클라미디아균,8.0,95.1923076923077,104,4
2022,9,2022-02-20,2022-02-26,파라인플루엔자바이러스,7.0,66.34615384615384,104,2
2022,9,2022-02-20,2022-02-26,호흡기세포융합바이러스,202.0,92.3076923076923,104,3
2022,10,2022-02-27,2022-03-05,리노바이러스,47.0,18.269230769230766,104,1
2022,10,2022-02-27,2022-03-05,마이코플라즈마균,24.0,35.57692307692308,104,1
2022,10,2022-02-27,2022-03-05,사람메타뉴모바이러스,0.0,0.0,104,1
2022,10,2022-02-27,2022-03-05,사람보카바이러스,5.0,0.0,104,1
2022,10,2022-02-27,2022-03-05,사람코로나바이러스,14.0,85.57692307692307,104,2
2022,10,2022-02-27,2022-03-05,아데노바이러스,16.0,25.0,104,1
2022,10,2022-02-27,2022-03-05,인플루엔자바이러스,4.0,40.38461538461539,104,1
2022,10,2022-02-27,2022-03-05,코로나19,,,,
2022,10,2022-02-27,2022-03-05,클라미디아균,16.0,100.0,104,4
2022,10,2022-02-27,2022-03-05,파라인플루엔자바이러스,9.0,72.11538461538461,104,2
2022,10,2022-02-27,2022-03-05,호흡기세포융합바이러스,158.0,90.38461538461539,104,3
2022,11,2022-03-06,2022-03-12,리노바이러스,33.0,0.9615384615384616,104,1
2022,11,2022-03-06,2022-03-12,마이코플라즈마균,20.0,16.346153846153847,104,1
2022,11,2022-03-06,2022-03-12,사람메타뉴모바이러스,0.0,0.0,104,1
2022,11,2022-03-06,2022-03-12,사람보카바이러스,3.0,0.0,104,1
2022,11,2022-03-06,2022-03-12,사람코로나바이러스,20.0,86.53846153846155,104,2
2022,11,2022-03-06,2022-03-12,아데노바이러스,8.0,1.9230769230769231,104,1
2022,11,2022-03-06,2022-03-12,인플루엔자바이러스,0.0,0.0,104,1
2022,11,2022-03-06,2022-03-12,코로나19,,,,
2022,11,2022-03-06,2022-03-12,클라미디아균,1.0,6.730769230769231,104,1
2022,11,2022-03-06,2022-03-12,파라인플루엔자바이러스,4.0,51.92307692307693,104,1
2022,11,2022-03-06,2022-03-12,호흡기세포융합바이러스,64.0,87.5,104,2
2022,12,2022-03-13,2022-03-19,리노바이러스,22.0,0.0,104,1
2022,12,2022-03-13,2022-03-19,마이코플라즈마균,22.0,25.0,104,1
2022,12,2022-03-13,2022-03-19,사람메타뉴모바이러스,0.0,0.0,104,1
2022,12,2022-03-13,2022-03-19,사람보카바이러스,11.0,11.538461538461538,104,1
2022,12,2022-03-13,2022-03-19,사람코로나바이러스,17.0,86.53846153846155,104,2
2022,12,2022-03-13,2022-03-19,아데노바이러스,10.0,3.8461538461538463,104,1
2022,12,2022-03-13,2022-03-19,인플루엔자바이러스,4.0,40.38461538461539,104,1
2022,12,2022-03-13,2022-03-19,코로나19,,,,
2022,12,2022-03-13,2022-03-19,클라미디아균,8.0,95.1923076923077,104,4
2022,12,2022-03-13,2022-03-19,파라인플루엔자바이러스,7.0,66.34615384615384,104,2
2022,12,2022-03-13,2022-03-19,호흡기세포융합바이러스,64.0,87.5,104,2
2022,13,2022-03-20,2022-03-26,리노바이러스,22.0,0.0,104,1
2022,13,2022-03-20,2022-03-26,마이코플라즈마균,20.0,16.346153846153847,104,1
2022,13,2022-03-20,2022-03-26,사람메타뉴모바이러스,0.0,0.0,104,1
2022,13,2022-03-20,2022-03-26,사람보카바이러스,6.0,0.9615384615384616,104,1
2022,13,2022-03-20,2022-03-26,사람코로나바이러스,19.0,86.53846153846155,104,2
2022,13,2022-03-20,2022-03-26,아데노바이러스,13.0,14.423076923076922,104,1
2022,13,2022-03-20,2022-03-26,인플루엔자바이러스,3.0,28.846153846153843,104,1
2022,13,2022-03-20,2022-03-26,코로나19,,,,
2022,13,2022-03-20,2022-03-26,클라미디아균,16.0,100.0,104,4
2022,13,2022-03-20,2022-03-26,파라인플루엔자바이러스,4.0,51.92307692307693,104,1
2022,13,2022-03-20,2022-03-26,호흡기세포융합바이러스,45.0,85.57692307692307,104,2
2022,14,2022-03-27,2022-04-02,리노바이러스,30.0,0.9615384615384616,104,1
2022,14,2022-03-27,2022-04-02,마이코플라즈마균,38.0,75.0,104,2
2022,14,2022-03-27,2022-04-02,사람메타뉴모바이러스,1.0,50.96153846153846,104,1
2022,14,2022-03-27,2022-04-02,사람보카바이러스,1.0,0.0,104,1
2022,14,2022-03-27,2022-04-02,사람코로나바이러스,14.0,85.57692307692307,104,2
2022,14,2022-03-27,2022-04-02,아데노바이러스,6.0,0.9615384615384616,104,1
2022,14,2022-03-27,2022-04-02,인플루엔자바이러스,6.0,56.730769230769226,104,1
2022,14,2022-03-27,2022-04-02,코로나19,,,,
2022,14,2022-03-27,2022-04-02,클라미디아균,30.0,100.0,104,4
2022,14,2022-03-27,2022-04-02,파라인플루엔자바이러스,3.0,35.57692307692308,104,1
2022,14,2022-03-27,2022-04-02,호흡기세포융합바이러스,30.0,83.65384615384616,104,2
2022,15,2022-04-03,2022-04-09,리노바이러스,65.0,26.923076923076923,104,1
2022,15,2022-04-03,2022-04-09,마이코플라즈마균,16.0,4.807692307692308,104,1
2022,15,2022-04-03,2022-04-09,사람메타뉴모바이러스,0.0,0.0,104,1
2022,15,2022-04-03,2022-04-09,사람보카바이러스,4.0,0.0,104,1
2022,15,2022-04-03,2022-04-09,사람코로나바이러스,8.0,77.88461538461539,104,2
2022,15,2022-04-03,2022-04-09,아데노바이러스,14.0,19.230769230769234,104,1
2022,15,2022-04-03,2022-04-09,인플루엔자바이러스,3.0,28.846153846153843,104,1
2022,15,2022-04-03,2022-04-09,코로나19,,,,
2022,15,2022-04-03,2022-04-09,클라미디아균,5.0,70.1923076923077,104,2
2022,15,2022-04-03,2022-04-09,파라인플루엔자바이러스,5.0,59.61538461538461,104,1
2022,15,2022-04-03,2022-04-09,호흡기세포융합바이러스,27.0,82.6923076923077,104,2
2022,16,2022-04-10,2022-04-16,리노바이러스,95.0,37.5,104,1
2022,16,2022-04-10,2022-04-16,마이코플라즈마균,25.0,41.34615384615385,104,1
2022,16,2022-04-10,2022-04-16,사람메타뉴모바이러스,0.0,0.0,104,1
2022,16,2022-04-10,2022-04-16,사람보카바이러스,7.0,0.9615384615384616,104,1
2022,16,2022-04-10,2022-04-16,사람코로나바이러스,11.0,81.73076923076923,104,2
2022,16,2022-04-10,2022-04-16,아데노바이러스,12.0,7.6923076923076925,104,1
2022,16,2022-04-10,2022-04-16,인플루엔자바이러스,3.0,28.846153846153843,104,1
2022,16,2022-04-10,2022-04-16,코로나19,,,,
2022,16,2022-04-10,2022-04-16,클라미디아균,17.0,100.0,104,4
2022,16,2022-04-10,2022-04-16,파라인플루엔자바이러스,4.0,51.92307692307693,104,1
2022,16,2022-04-10,2022-04-16,호흡기세포융합바이러스,21.0,81.73076923076923,104,2
2022,17,2022-04-17,2022-04-23,리노바이러스,111.0,41.34615384615385,104,1
2022,17,2022-04-17,2022-04-23,마이코플라즈마균,28.0,53.84615384615385,104,1
2022,17,2022-04-17,2022-04-23,사람메타뉴모바이러스,0.0,0.0,104,1
2022,17,2022-04-17,2022-04-23,사람보카바이러스,2.0,0.0,104,1
2022,17,2022-04-17,2022-04-23,사람코로나바이러스,10.0,80.76923076923077,104,2
2022,17,2022-04-17,2022-04-23,아데노바이러스,19.0,35.57692307692308,104,1
2022,17,2022-04-17,2022-04-23,인플루엔자바이러스,0.0,0.0,104,1
2022,17,2022-04-17,2022-04-23,코로나19,,,,
2022,17,2022-04-17,2022-04-23,클라미디아균,5.0,70.1923076923077,104,2
2022,17,2022-04-17,2022-04-23,파라인플루엔자바이러스,6.0,63.46153846153846,104,2
2022,17,2022-04-17,2022-04-23,호흡기세포융합바이러스,23.0,82.6923076923077,104,2
2022,18,2022-04-24,2022-04-30,리노바이러스,189.0,74.03846153846155,104,2
2022,18,2022-04-24,2022-04-30,마이코플라즈마균,14.0,4.807692307692308,104,1
2022,18,2022-04-24,2022-04-30,사람메타뉴모바이러스,0.0,0.0,104,1
2022,18,2022-04-24,2022-04-30,사람보카바이러스,8.0,2.8846153846153846,104,1
2022,18,2022-04-24,2022-04-30,사람코로나바이러스,22.0,86.53846153846155,104,2
2022,18,2022-04-24,2022-04-30,아데노바이러스,20.0,43.269230769230774,104,1
2022,18,2022-04-24,2022-04-30,인플루엔자바이러스,3.0,28.846153846153843,104,1
2022,18,2022-04-24,2022-04-30,코로나19,,,,
2022,18,2022-04-24,2022-04-30,클라미디아균,5.0,70.1923076923077,104,2
2022,18,2022-04-24,2022-04-30,파라인플루엔자바이러스,3.0,35.57692307692308,104,1
2022,18,2022-04-24,2022-04-30,호흡기세포융합바이러스,15.0,76.92307692307693,104,2
2022,19,2022-05-01,2022-05-07,리노바이러스,169.0,63.46153846153846,104,2
2022,19,2022-05-01,2022-05-07,마이코플라즈마균,14.0,4.807692307692308,104,1
2022,19,2022-05-01,2022-05-07,사람메타뉴모바이러스,0.0,0.0,104,1
2022,19,2022-05-01,2022-05-07,사람보카바이러스,7.0,0.9615384615384616,104,1
2022,19,2022-05-01,2022-05-07,사람코로나바이러스,17.0,86.53846153846155,104,2
2022,19,2022-05-01,2022-05-07,아데노바이러스,23.0,54.807692307692314,104,1
2022,19,2022-05-01,2022-05-07,인플루엔자바이러스,2.0,15.384615384615385,104,1
2022,19,2022-05-01,2022-05-07,코로나19,,,,
2022,19,2022-05-01,2022-05-07,클라미디아균,0.0,0.0,104,1
2022,19,2022-05-01,2022-05-07,파라인플루엔자바이러스,7.0,66.34615384615384,104,2
2022,19,2022-05-01,2022-05-07,호흡기세포융합바이러스,19.0,79.8076923076923,104,2
2022,20,2022-05-08,2022-05-14,리노바이러스,208.0,84.61538461538461,104,2
2022,20,2022-05-08,2022-05-14,마이코플라즈마균,21.0,19.230769230769234,104,1
2022,20,2022-05-08,2022-05-14,사람메타뉴모바이러스,0.0,0.0,104,1
2022,20,2022-05-08,2022-05-14,사람보카바이러스,14.0,16.346153846153847,104,1
2022,20,2022-05-08,2022-05-14,사람코로나바이러스,19.0,86.53846153846155,104,2
2022,20,2022-05-08,2022-05-14,아데노바이러스,32.0,75.0,104,2
2022,20,2022-05-08,2022-05-14,인플루엔자바이러스,2.0,15.384615384615385,104,1
2022,20,2022-05-08,2022-05-14,코로나19,,,,
2022,20,2022-05-08,2022-05-14,클라미디아균,8.0,95.1923076923077,104,4
2022,20,2022-05-08,2022-05-14,파라인플루엔자바이러스,13.0,75.96153846153845,104,2
2022,20,2022-05-08,2022-05-14,호흡기세포융합바이러스,25.0,82.6923076923077,104,2
2022,21,2022-05-15,2022-05-21,리노바이러스,218.0,86.53846153846155,104,2
2022,21,2022-05-15,2022-05-21,마이코플라즈마균,23.0,32.69230769230769,104,1
2022,21,2022-05-15,2022-05-21,사람메타뉴모바이러스,0.0,0.0,104,1
2022,21,2022-05-15,2022-05-21,사람보카바이러스,19.0,28.846153846153843,104,1
2022,21,2022-05-15,2022-05-21,사람코로나바이러스,38.0,87.5,104,2
2022,21,2022-05-15,2022-05-21,아데노바이러스,29.0,63.46153846153846,104,2
2022,21,2022-05-15,2022-05-21,인플루엔자바이러스,4.0,40.38461538461539,104,1
2022,21,2022-05-15,2022-05-21,코로나19,,,,
2022,21,2022-05-15,2022-05-21,클라미디아균,1.0,6.730769230769231,104,1
2022,21,2022-05-15,2022-05-21,파라인플루엔자바이러스,24.0,76.92307692307693,104,2
2022,21,2022-05-15,2022-05-21,호흡기세포융합바이러스,20.0,80.76923076923077,104,2
2022,22,2022-05-22,2022-05-28,리노바이러스,193.0,76.92307692307693,104,2
2022,22,2022-05-22,2022-05-28,마이코플라즈마균,18.0,10.576923076923077,104,1
2022,22,2022-05-22,2022-05-28,사람메타뉴모바이러스,0.0,0.0,104,1
2022,22,2022-05-22,2022-05-28,사람보카바이러스,24.0,37.5,104,1
2022,22,2022-05-22,2022-05-28,사람코로나바이러스,22.0,86.53846153846155,104,2
2022,22,2022-05-22,2022-05-28,아데노바이러스,51.0,91.34615384615384,104,3
2022,22,2022-05-22,2022-05-28,인플루엔자바이러스,1.0,5.769230769230769,104,1
2022,22,2022-05-22,2022-05-28,코로나19,,,,
2022,22,2022-05-22,2022-05-28,클라미디아균,2.0,20.192307692307693,104,1
2022,22,2022-05-22,2022-05-28,파라인플루엔자바이러스,33.0,76.92307692307693,104,2
2022,22,2022-05-22,2022-05-28,호흡기세포융합바이러스,17.0,76.92307692307693,104,2
2022,23,2022-05-29,2022-06-04,리노바이러스,171.0,66.34615384615384,104,2
2022,23,2022-05-29,2022-06-04,마이코플라즈마균,27.0,49.03846153846153,104,1
2022,23,2022-05-29,2022-06-04,사람메타뉴모바이러스,2.0,75.96153846153845,104,2
2022,23,2022-05-29,2022-06-04,사람보카바이러스,22.0,34.61538461538461,104,1
2022,23,2022-05-29,2022-06-04,사람코로나바이러스,31.0,87.5,104,2
2022,23,2022-05-29,2022-06-04,아데노바이러스,39.0,84.61538461538461,104,2
2022,23,2022-05-29,2022-06-04,인플루엔자바이러스,0.0,0.0,104,1
2022,23,2022-05-29,2022-06-04,코로나19,,,,
2022,23,2022-05-29,2022-06-04,클라미디아균,2.0,20.192307692307693,104,1
2022,23,2022-05-29,2022-06-04,파라인플루엔자바이러스,44.0,79.8076923076923,104,2
2022,23,2022-05-29,2022-06-04,호흡기세포융합바이러스,5.0,71.15384615384616,104,2
2022,24,2022-06-05,2022-06-11,리노바이러스,135.0,49.03846153846153,104,1
2022,24,2022-06-05,2022-06-11,마이코플라즈마균,24.0,35.57692307692308,104,1
2022,24,2022-06-05,2022-06-11,사람메타뉴모바이러스,2.0,75.96153846153845,104,2
2022,24,2022-06-05,2022-06-11,사람보카바이러스,19.0,28.846153846153843,104,1
2022,24,2022-06-05,2022-06-11,사람코로나바이러스,27.0,87.5,104,2
2022,24,2022-06-05,2022-06-11,아데노바이러스,42.0,89.42307692307693,104,2
2022,24,2022-06-05,2022-06-11,인플루엔자바이러스,2.0,15.384615384615385,104,1
2022,24,2022-06-05,2022-06-11,코로나19,,,,
2022,24,2022-06-05,2022-06-11,클라미디아균,3.0,39.42307692307692,104,1
2022,24,2022-06-05,2022-06-11,파라인플루엔자바이러스,54.0,80.76923076923077,104,2
2022,24,2022-06-05,2022-06-11,호흡기세포융합바이러스,6.0,71.15384615384616,104,2
2022,25,2022-06-12,2022-06-18,리노바이러스,171.0,66.34615384615384,104,2
2022,25,2022-06-12,2022-06-18,마이코플라즈마균,13.0,3.8461538461538463,104,1
2022,25,2022-06-12,2022-06-18,사람메타뉴모바이러스,1.0,50.96153846153846,104,1
2022,25,2022-06-12,2022-06-18,사람보카바이러스,36.0,58.65384615384615,104,1
2022,25,2022-06-12,2022-06-18,사람코로나바이러스,34.0,87.5,104,2
2022,25,2022-06-12,2022-06-18,아데노바이러스,52.0,91.34615384615384,104,3
2022,25,2022-06-12,2022-06-18,인플루엔자바이러스,1.0,5.769230769230769,104,1
2022,25,2022-06-12,2022-06-18,코로나19,,,,
2022,25,2022-06-12,2022-06-18,클라미디아균,4.0,52.88461538461539,104,1
2022,25,2022-06-12,2022-06-18,파라인플루엔자바이러스,85.0,87.5,104,2
2022,25,2022-06-12,2022-06-18,호흡기세포융합바이러스,11.0,75.96153846153845,104,2
2022,26,2022-06-19,2022-06-25,리노바이러스,136.0,50.0,104,1
2022,26,2022-06-19,2022-06-25,마이코플라즈마균,19.0,13.461538461538462,104,1
2022,26,2022-06-19,2022-06-25,사람메타뉴모바이러스,1.0,50.96153846153846,104,1
2022,26,2022-06-19,2022-06-25,사람보카바이러스,45.0,68.26923076923077,104,2
2022,26,2022-06-19,2022-06-25,사람코로나바이러스,25.0,87.5,104,2
2022,26,2022-06-19,2022-06-25,아데노바이러스,48.0,91.34615384615384,104,3
2022,26,2022-06-19,2022-06-25,인플루엔자바이러스,2.0,15.384615384615385,104,1
2022,26,2022-06-19,2022-06-25,코로나19,,,,
2022,26,2022-06-19,2022-06-25,클라미디아균,3.0,39.42307692307692,104,1
2022,26,2022-06-19,2022-06-25,파라인플루엔자바이러스,130.0,89.42307692307693,104,2
2022,26,2022-06-19,2022-06-25,호흡기세포융합바이러스,8.0,72.11538461538461,104,2
2022,27,2022-06-26,2022-07-02,리노바이러스,164.0,60.57692307692307,104,2
2022,27,2022-06-26,2022-07-02,마이코플라즈마균,19.0,13.461538461538462,104,1
2022,27,2022-06-26,2022-07-02,사람메타뉴모바이러스,1.0,50.96153846153846,104,1
2022,27,2022-06-26,2022-07-02,사람보카바이러스,76.0,83.65384615384616,104,2
2022,27,2022-06-26,2022-07-02,사람코로나바이러스,37.0,87.5,104,2
2022,27,2022-06-26,2022-07-02,아데노바이러스,51.0,91.34615384615384,104,3
2022,27,2022-06-26,2022-07-02,인플루엔자바이러스,2.0,15.384615384615385,104,1
2022,27,2022-06-26,2022-07-02,코로나19,,,,
2022,27,2022-06-26,2022-07-02,클라미디아균,3.0,39.42307692307692,104,1
2022,27,2022-06-26,2022-07-02,파라인플루엔자바이러스,152.0,90.38461538461539,104,3
2022,27,2022-06-26,2022-07-02,호흡기세포융합바이러스,16.0,76.92307692307693,104,2
2022,28,2022-07-03,2022-07-09,리노바이러스,185.0,71.15384615384616,104,2
2022,28,2022-07-03,2022-07-09,마이코플라즈마균,16.0,4.807692307692308,104,1
2022,28,2022-07-03,2022-07-09,사람메타뉴모바이러스,7.0,88.46153846153845,104,2
2022,28,2022-07-03,2022-07-09,사람보카바이러스,115.0,91.34615384615384,104,3
2022,28,2022-07-03,2022-07-09,사람코로나바이러스,26.0,87.5,104,2
2022,28,2022-07-03,2022-07-09,아데노바이러스,44.0,89.42307692307693,104,2
2022,28,2022-07-03,2022-07-09,인플루엔자바이러스,3.0,28.846153846153843,104,1
2022,28,2022-07-03,2022-07-09,코로나19,,,,
2022,28,2022-07-03,2022-07-09,클라미디아균,0.0,0.0,104,1
2022,28,2022-07-03,2022-07-09,파라인플루엔자바이러스,133.0,89.42307692307693,104,2
2022,28,2022-07-03,2022-07-09,호흡기세포융합바이러스,12.0,76.92307692307693,104,2
2022,29,2022-07-10,2022-07-16,리노바이러스,227.0,86.53846153846155,104,2
2022,29,2022-07-10,2022-07-16,마이코플라즈마균,18.0,10.576923076923077,104,1
2022,29,2022-07-10,2022-07-16,사람메타뉴모바이러스,7.0,88.46153846153845,104,2
2022,29,2022-07-10,2022-07-16,사람보카바이러스,130.0,92.3076923076923,104,3
2022,29,2022-07-10,2022-07-16,사람코로나바이러스,39.0,87.5,104,2
2022,29,2022-07-10,2022-07-16,아데노바이러스,50.0,91.34615384615384,104,3
2022,29,2022-07-10,2022-07-16,인플루엔자바이러스,11.0,83.65384615384616,104,2
2022,29,2022-07-10,2022-07-16,코로나19,,,,
2022,29,2022-07-10,2022-07-16,클라미디아균,0.0,0.0,104,1
2022,29,2022-07-10,2022-07-16,파라인플루엔자바이러스,127.0,89.42307692307693,104,2
2022,29,2022-07-10,2022-07-16,호흡기세포융합바이러스,16.0,76.92307692307693,104,2
2022,30,2022-07-17,2022-07-23,리노바이러스,249.0,90.38461538461539,104,3
2022,30,2022-07-17,2022-07-23,마이코플라즈마균,21.0,19.230769230769234,104,1
2022,30,2022-07-17,2022-07-23,사람메타뉴모바이러스,13.0,89.42307692307693,104,2
2022,30,2022-07-17,2022-07-23,사람보카바이러스,156.0,97.11538461538461,104,4
2022,30,2022-07-17,2022-07-23,사람코로나바이러스,58.0,89.42307692307693,104,2
2022,30,2022-07-17,2022-07-23,아데노바이러스,64.0,92.3076923076923,104,3
2022,30,2022-07-17,2022-07-23,인플루엔자바이러스,23.0,91.34615384615384,104,3
2022,30,2022-07-17,2022-07-23,코로나19,,,,
2022,30,2022-07-17,2022-07-23,클라미디아균,1.0,6.730769230769231,104,1
2022,30,2022-07-17,2022-07-23,파라인플루엔자바이러스,101.0,87.5,104,2
2022,30,2022-07-17,2022-07-23,호흡기세포융합바이러스,29.0,82.6923076923077,104,2
2022,31,2022-07-24,2022-07-30,리노바이러스,241.0,89.42307692307693,104,2
2022,31,2022-07-24,2022-07-30,마이코플라즈마균,17.0,9.615384615384617,104,1
2022,31,2022-07-24,2022-07-30,사람메타뉴모바이러스,18.0,90.38461538461539,104,3
2022,31,2022-07-24,2022-07-30,사람보카바이러스,140.0,95.1923076923077,104,4
2022,31,2022-07-24,2022-07-30,사람코로나바이러스,39.0,87.5,104,2
2022,31,2022-07-24,2022-07-30,아데노바이러스,48.0,91.34615384615384,104,3
2022,31,2022-07-24,2022-07-30,인플루엔자바이러스,22.0,91.34615384615384,104,3
2022,31,2022-07-24,2022-07-30,코로나19,,,,
2022,31,2022-07-24,2022-07-30,클라미디아균,2.0,20.192307692307693,104,1
2022,31,2022-07-24,2022-07-30,파라인플루엔자바이러스,38.0,79.8076923076923,104,2
2022,31,2022-07-24,2022-07-30,호흡기세포융합바이러스,49.0,85.57692307692307,104,2
2022,32,2022-07-31,2022-08-06,리노바이러스,235.0,89.42307692307693,104,2
2022,32,2022-07-31,2022-08-06,마이코플라즈마균,47.0,86.53846153846155,104,2
2022,32,2022-07-31,2022-08-06,사람메타뉴모바이러스,29.0,91.34615384615384,104,3
2022,32,2022-07-31,2022-08-06,사람보카바이러스,182.0,99.03846153846155,104,4
2022,32,2022-07-31,2022-08-06,사람코로나바이러스,20.0,86.53846153846155,104,2
2022,32,2022-07-31,2022-08-06,아데노바이러스,62.0,92.3076923076923,104,3
2022,32,2022-07-31,2022-08-06,인플루엔자바이러스,14.0,84.61538461538461,104,2
2022,32,2022-07-31,2022-08-06,코로나19,,,,
2022,32,2022-07-31,2022-08-06,클라미디아균,0.0,0.0,104,1
2022,32,2022-07-31,2022-08-06,파라인플루엔자바이러스,34.0,78.84615384615384,104,2
2022,32,2022-07-31,2022-08-06,호흡기세포융합바이러스,46.0,85.57692307692307,104,2
2022,33,2022-08-07,2022-08-13,리노바이러스,149.0,52.88461538461539,104,1
2022,33,2022-08-07,2022-08-13,마이코플라즈마균,35.0,72.11538461538461,104,2
2022,33,2022-08-07,2022-08-13,사람메타뉴모바이러스,24.0,91.34615384615384,104,3
2022,33,2022-08-07,2022-08-13,사람보카바이러스,145.0,95.1923076923077,104,4
2022,33,2022-08-07,2022-08-13,사람코로나바이러스,18.0,86.53846153846155,104,2
2022,33,2022-08-07,2022-08-13,아데노바이러스,45.0,90.38461538461539,104,3
2022,33,2022-08-07,2022-08-13,인플루엔자바이러스,30.0,91.34615384615384,104,3
2022,33,2022-08-07,2022-08-13,코로나19,,,,
2022,33,2022-08-07,2022-08-13,클라미디아균,4.0,52.88461538461539,104,1
2022,33,2022-08-07,2022-08-13,파라인플루엔자바이러스,18.0,76.92307692307693,104,2
2022,33,2022-08-07,2022-08-13,호흡기세포융합바이러스,52.0,86.53846153846155,104,2
2022,34,2022-08-14,2022-08-20,리노바이러스,163.0,59.61538461538461,104,1
2022,34,2022-08-14,2022-08-20,마이코플라즈마균,28.0,53.84615384615385,104,1
2022,34,2022-08-14,2022-08-20,사람메타뉴모바이러스,45.0,92.3076923076923,104,3
2022,34,2022-08-14,2022-08-20,사람보카바이러스,150.0,95.1923076923077,104,4
2022,34,2022-08-14,2022-08-20,사람코로나바이러스,17.0,86.53846153846155,104,2
2022,34,2022-08-14,2022-08-20,아데노바이러스,45.0,90.38461538461539,104,3
2022,34,2022-08-14,2022-08-20,인플루엔자바이러스,15.0,84.61538461538461,104,2
2022,34,2022-08-14,2022-08-20,코로나19,,,,
2022,34,2022-08-14,2022-08-20,클라미디아균,1.0,6.730769230769231,104,1
2022,34,2022-08-14,2022-08-20,파라인플루엔자바이러스,19.0,76.92307692307693,104,2
2022,34,2022-08-14,2022-08-20,호흡기세포융합바이러스,62.0,87.5,104,2
2022,35,2022-08-21,2022-08-27,리노바이러스,179.0,69.23076923076923,104,2
2022,35,2022-08-21,2022-08-27,마이코플라즈마균,36.0,73.07692307692307,104,2
2022,35,2022-08-21,2022-08-27,사람메타뉴모바이러스,67.0,92.3076923076923,104,3
2022,35,2022-08-21,2022-08-27,사람보카바이러스,161.0,97.11538461538461,104,4
2022,35,2022-08-21,2022-08-27,사람코로나바이러스,20.0,86.53846153846155,104,2
2022,35,2022-08-21,2022-08-27,아데노바이러스,37.0,80.76923076923077,104,2
2022,35,2022-08-21,2022-08-27,인플루엔자바이러스,11.0,83.65384615384616,104,2
2022,35,2022-08-21,2022-08-27,코로나19,,,,
2022,35,2022-08-21,2022-08-27,클라미디아균,3.0,39.42307692307692,104,1
2022,35,2022-08-21,2022-08-27,파라인플루엔자바이러스,31.0,76.92307692307693,104,2
2022,35,2022-08-21,2022-08-27,호흡기세포융합바이러스,119.0,89.42307692307693,104,2
2022,36,2022-08-28,2022-09-03,리노바이러스,170.0,64.42307692307693,104,2
2022,36,2022-08-28,2022-09-03,마이코플라즈마균,33.0,62.5,104,2
2022,36,2022-08-28,2022-09-03,사람메타뉴모바이러스,128.0,100.0,104,4
2022,36,2022-08-28,2022-09-03,사람보카바이러스,142.0,95.1923076923077,104,4
2022,36,2022-08-28,2022-09-03,사람코로나바이러스,18.0,86.53846153846155,104,2
2022,36,2022-08-28,2022-09-03,아데노바이러스,47.0,91.34615384615384,104,3
2022,36,2022-08-28,2022-09-03,인플루엔자바이러스,20.0,89.42307692307693,104,2
2022,36,2022-08-28,2022-09-03,코로나19,,,,
2022,36,2022-08-28,2022-09-03,클라미디아균,6.0,82.6923076923077,104,2
2022,36,2022-08-28,2022-09-03,파라인플루엔자바이러스,28.0,76.92307692307693,104,2
2022,36,2022-08-28,2022-09-03,호흡기세포융합바이러스,161.0,90.38461538461539,104,3
2022,37,2022-09-04,2022-09-10,리노바이러스,164.0,60.57692307692307,104,2
2022,37,2022-09-04,2022-09-10,마이코플라즈마균,27.0,49.03846153846153,104,1
2022,37,2022-09-04,2022-09-10,사람메타뉴모바이러스,131.0,100.0,104,4
2022,37,2022-09-04,2022-09-10,사람보카바이러스,132.0,92.3076923076923,104,3
2022,37,2022-09-04,2022-09-10,사람코로나바이러스,10.0,80.76923076923077,104,2
2022,37,2022-09-04,2022-09-10,아데노바이러스,33.0,75.0,104,2
2022,37,2022-09-04,2022-09-10,인플루엔자바이러스,8.0,73.07692307692307,104,2
2022,37,2022-09-04,2022-09-10,코로나19,,,,
2022,37,2022-09-04,2022-09-10,클라미디아균,5.0,70.1923076923077,104,2
2022,37,2022-09-04,2022-09-10,파라인플루엔자바이러스,16.0,75.96153846153845,104,2
2022,37,2022-09-04,2022-09-10,호흡기세포융합바이러스,165.0,90.38461538461539,104,3
2022,38,2022-09-11,2022-09-17,리노바이러스,177.0,69.23076923076923,104,2
2022,38,2022-09-11,2022-09-17,마이코플라즈마균,40.0,75.96153846153845,104,2
2022,38,2022-09-11,2022-09-17,사람메타뉴모바이러스,214.0,100.0,104,4
2022,38,2022-09-11,2022-09-17,사람보카바이러스,120.0,91.34615384615384,104,3
2022,38,2022-09-11,2022-09-17,사람코로나바이러스,20.0,86.53846153846155,104,2
2022,38,2022-09-11,2022-09-17,아데노바이러스,38.0,81.73076923076923,104,2
2022,38,2022-09-11,2022-09-17,인플루엔자바이러스,13.0,84.61538461538461,104,2
2022,38,2022-09-11,2022-09-17,코로나19,,,,
2022,38,2022-09-11,2022-09-17,클라미디아균,9.0,98.07692307692307,104,4
2022,38,2022-09-11,2022-09-17,파라인플루엔자바이러스,33.0,76.92307692307693,104,2
2022,38,2022-09-11,2022-09-17,호흡기세포융합바이러스,245.0,93.26923076923077,104,3
2022,39,2022-09-18,2022-09-24,리노바이러스,165.0,62.5,104,2
2022,39,2022-09-18,2022-09-24,마이코플라즈마균,25.0,41.34615384615385,104,1
2022,39,2022-09-18,2022-09-24,사람메타뉴모바이러스,286.0,100.0,104,4
2022,39,2022-09-18,2022-09-24,사람보카바이러스,110.0,91.34615384615384,104,3
2022,39,2022-09-18,2022-09-24,사람코로나바이러스,8.0,77.88461538461539,104,2
2022,39,2022-09-18,2022-09-24,아데노바이러스,24.0,55.769230769230774,104,1
2022,39,2022-09-18,2022-09-24,인플루엔자바이러스,6.0,56.730769230769226,104,1
2022,39,2022-09-18,2022-09-24,코로나19,,,,
2022,39,2022-09-18,2022-09-24,클라미디아균,2.0,20.192307692307693,104,1
2022,39,2022-09-18,2022-09-24,파라인플루엔자바이러스,36.0,78.84615384615384,104,2
2022,39,2022-09-18,2022-09-24,호흡기세포융합바이러스,267.0,93.26923076923077,104,3
2022,40,2022-09-25,2022-10-01,리노바이러스,179.0,69.23076923076923,104,2
2022,40,2022-09-25,2022-10-01,마이코플라즈마균,30.0,58.65384615384615,104,1
2022,40,2022-09-25,2022-10-01,사람메타뉴모바이러스,318.0,100.0,104,4
2022,40,2022-09-25,2022-10-01,사람보카바이러스,101.0,91.34615384615384,104,3
2022,40,2022-09-25,2022-10-01,사람코로나바이러스,18.0,86.53846153846155,104,2
2022,40,2022-09-25,2022-10-01,아데노바이러스,27.0,60.57692307692307,104,2
2022,40,2022-09-25,2022-10-01,인플루엔자바이러스,12.0,83.65384615384616,104,2
2022,40,2022-09-25,2022-10-01,코로나19,,,,
2022,40,2022-09-25,2022-10-01,클라미디아균,4.0,52.88461538461539,104,1
2022,40,2022-09-25,2022-10-01,파라인플루엔자바이러스,46.0,79.8076923076923,104,2
2022,40,2022-09-25,2022-10-01,호흡기세포융합바이러스,303.0,94.23076923076923,104,3
2022,41,2022-10-02,2022-10-08,리노바이러스,181.0,69.23076923076923,104,2
2022,41,2022-10-02,2022-10-08,마이코플라즈마균,27.0,49.03846153846153,104,1
2022,41,2022-10-02,2022-10-08,사람메타뉴모바이러스,360.0,100.0,104,4
2022,41,2022-10-02,2022-10-08,사람보카바이러스,92.0,91.34615384615384,104,3
2022,41,2022-10-02,2022-10-08,사람코로나바이러스,19.0,86.53846153846155,104,2
2022,41,2022-10-02,2022-10-08,아데노바이러스,18.0,31.73076923076923,104,1
2022,41,2022-10-02,2022-10-08,인플루엔자바이러스,18.0,87.5,104,2
2022,41,2022-10-02,2022-10-08,코로나19,,,,
2022,41,2022-10-02,2022-10-08,클라미디아균,1.0,6.730769230769231,104,1
2022,41,2022-10-02,2022-10-08,파라인플루엔자바이러스,40.0,79.8076923076923,104,2
2022,41,2022-10-02,2022-10-08,호흡기세포융합바이러스,328.0,94.23076923076923,104,3
2022,42,2022-10-09,2022-10-15,리노바이러스,199.0,78.84615384615384,104,2
2022,42,2022-10-09,2022-10-15,마이코플라즈마균,44.0,78.84615384615384,104,2
2022,42,2022-10-09,2022-10-15,사람메타뉴모바이러스,339.0,100.0,104,4
2022,42,2022-10-09,2022-10-15,사람보카바이러스,76.0,83.65384615384616,104,2
2022,42,2022-10-09,2022-10-15,사람코로나바이러스,14.0,85.57692307692307,104,2
2022,42,2022-10-09,2022-10-15,아데노바이러스,29.0,63.46153846153846,104,2
2022,42,2022-10-09,2022-10-15,인플루엔자바이러스,17.0,86.53846153846155,104,2
2022,42,2022-10-09,2022-10-15,코로나19,,,,
2022,42,2022-10-09,2022-10-15,클라미디아균,2.0,20.192307692307693,104,1
2022,42,2022-10-09,2022-10-15,파라인플루엔자바이러스,51.0,79.8076923076923,104,2
2022,42,2022-10-09,2022-10-15,호흡기세포융합바이러스,278.0,93.26923076923077,104,3
2022,43,2022-10-16,2022-10-22,리노바이러스,214.0,85.57692307692307,104,2
2022,43,2022-10-16,2022-10-22,마이코플라즈마균,45.0,82.6923076923077,104,2
2022,43,2022-10-16,2022-10-22,사람메타뉴모바이러스,277.0,100.0,104,4
2022,43,2022-10-16,2022-10-22,사람보카바이러스,64.0,80.76923076923077,104,2
2022,43,2022-10-16,2022-10-22,사람코로나바이러스,15.0,85.57692307692307,104,2
2022,43,2022-10-16,2022-10-22,아데노바이러스,25.0,56.730769230769226,104,1
2022,43,2022-10-16,2022-10-22,인플루엔자바이러스,28.0,91.34615384615384,104,3
2022,43,2022-10-16,2022-10-22,코로나19,,,,
2022,43,2022-10-16,2022-10-22,클라미디아균,2.0,20.192307692307693,104,1
2022,43,2022-10-16,2022-10-22,파라인플루엔자바이러스,81.0,86.53846153846155,104,2
2022,43,2022-10-16,2022-10-22,호흡기세포융합바이러스,254.0,93.26923076923077,104,3
2022,44,2022-10-23,2022-10-29,리노바이러스,274.0,96.15384615384616,104,4
2022,44,2022-10-23,2022-10-29,마이코플라즈마균,55.0,89.42307692307693,104,2
2022,44,2022-10-23,2022-10-29,사람메타뉴모바이러스,300.0,100.0,104,4
2022,44,2022-10-23,2022-10-29,사람보카바이러스,80.0,87.5,104,2
2022,44,2022-10-23,2022-10-29,사람코로나바이러스,20.0,86.53846153846155,104,2
2022,44,2022-10-23,2022-10-29,아데노바이러스,17.0,26.923076923076923,104,1
2022,44,2022-10-23,2022-10-29,인플루엔자바이러스,40.0,91.34615384615384,104,3
2022,44,2022-10-23,2022-10-29,코로나19,,,,
2022,44,2022-10-23,2022-10-29,클라미디아균,0.0,0.0,104,1
2022,44,2022-10-23,2022-10-29,파라인플루엔자바이러스,117.0,88.46153846153845,104,2
2022,44,2022-10-23,2022-10-29,호흡기세포융합바이러스,298.0,94.23076923076923,104,3
2022,45,2022-10-30,2022-11-05,리노바이러스,287.0,96.15384615384616,104,4
2022,45,2022-10-30,2022-11-05,마이코플라즈마균,52.0,87.5,104,2
2022,45,2022-10-30,2022-11-05,사람메타뉴모바이러스,243.0,100.0,104,4
2022,45,2022-10-30,2022-11-05,사람보카바이러스,67.0,82.6923076923077,104,2
2022,45,2022-10-30,2022-11-05,사람코로나바이러스,20.0,86.53846153846155,104,2
2022,45,2022-10-30,2022-11-05,아데노바이러스,26.0,58.65384615384615,104,1
2022,45,2022-10-30,2022-11-05,인플루엔자바이러스,94.0,92.3076923076923,104,3
2022,45,2022-10-30,2022-11-05,코로나19,,,,
2022,45,2022-10-30,2022-11-05,클라미디아균,0.0,0.0,104,1
2022,45,2022-10-30,2022-11-05,파라인플루엔자바이러스,124.0,89.42307692307693,104,2
2022,45,2022-10-30,2022-11-05,호흡기세포융합바이러스,278.0,93.26923076923077,104,3
2022,46,2022-11-06,2022-11-12,리노바이러스,281.0,96.15384615384616,104,4
2022,46,2022-11-06,2022-11-12,마이코플라즈마균,52.0,87.5,104,2
2022,46,2022-11-06,2022-11-12,사람메타뉴모바이러스,187.0,100.0,104,4
2022,46,2022-11-06,2022-11-12,사람보카바이러스,70.0,82.6923076923077,104,2
2022,46,2022-11-06,2022-11-12,사람코로나바이러스,32.0,87.5,104,2
2022,46,2022-11-06,2022-11-12,아데노바이러스,27.0,60.57692307692307,104,2
2022,46,2022-11-06,2022-11-12,인플루엔자바이러스,64.0,92.3076923076923,104,3
2022,46,2022-11-06,2022-11-12,코로나19,,,,
2022,46,2022-11-06,2022-11-12,클라미디아균,5.0,70.1923076923077,104,2
2022,46,2022-11-06,2022-11-12,파라인플루엔자바이러스,175.0,92.3076923076923,104,3
2022,46,2022-11-06,2022-11-12,호흡기세포융합바이러스,246.0,93.26923076923077,104,3
2022,47,2022-11-13,2022-11-19,리노바이러스,277.0,96.15384615384616,104,4
2022,47,2022-11-13,2022-11-19,마이코플라즈마균,50.0,87.5,104,2
2022,47,2022-11-13,2022-11-19,사람메타뉴모바이러스,121.0,100.0,104,4
2022,47,2022-11-13,2022-11-19,사람보카바이러스,39.0,61.53846153846154,104,2
2022,47,2022-11-13,2022-11-19,사람코로나바이러스,42.0,88.46153846153845,104,2
2022,47,2022-11-13,2022-11-19,아데노바이러스,41.0,87.5,104,2
2022,47,2022-11-13,2022-11-19,인플루엔자바이러스,135.0,93.26923076923077,104,3
2022,47,2022-11-13,2022-11-19,코로나19,,,,
2022,47,2022-11-13,2022-11-19,클라미디아균,6.0,82.6923076923077,104,2
2022,47,2022-11-13,2022-11-19,파라인플루엔자바이러스,211.0,92.3076923076923,104,3
2022,47,2022-11-13,2022-11-19,호흡기세포융합바이러스,193.0,91.34615384615384,104,3
2022,48,2022-11-20,2022-11-26,리노바이러스,246.0,90.38461538461539,104,3
2022,48,2022-11-20,2022-11-26,마이코플라즈마균,38.0,75.0,104,2
2022,48,2022-11-20,2022-11-26,사람메타뉴모바이러스,103.0,99.03846153846155,104,4
2022,48,2022-11-20,2022-11-26,사람보카바이러스,52.0,72.11538461538461,104,2
2022,48,2022-11-20,2022-11-26,사람코로나바이러스,47.0,89.42307692307693,104,2
2022,48,2022-11-20,2022-11-26,아데노바이러스,28.0,60.57692307692307,104,2
2022,48,2022-11-20,2022-11-26,인플루엔자바이러스,109.0,93.26923076923077,104,3
2022,48,2022-11-20,2022-11-26,코로나19,,,,
2022,48,2022-11-20,2022-11-26,클라미디아균,7.0,93.26923076923077,104,3
2022,48,2022-11-20,2022-11-26,파라인플루엔자바이러스,274.0,93.26923076923077,104,3
2022,48,2022-11-20,2022-11-26,호흡기세포융합바이러스,140.0,90.38461538461539,104,3
2022,49,2022-11-27,2022-12-03,리노바이러스,224.0,86.53846153846155,104,2
2022,49,2022-11-27,2022-12-03,마이코플라즈마균,47.0,86.53846153846155,104,2
2022,49,2022-11-27,2022-12-03,사람메타뉴모바이러스,68.0,92.3076923076923,104,3
2022,49,2022-11-27,2022-12-03,사람보카바이러스,41.0,64.42307692307693,104,2
2022,49,2022-11-27,2022-12-03,사람코로나바이러스,65.0,90.38461538461539,104,3
2022,49,2022-11-27,2022-12-03,아데노바이러스,38.0,81.73076923076923,104,2
2022,49,2022-11-27,2022-12-03,인플루엔자바이러스,128.0,93.26923076923077,104,3
2022,49,2022-11-27,2022-12-03,코로나19,,,,
2022,49,2022-11-27,2022-12-03,클라미디아균,6.0,82.6923076923077,104,2
2022,49,2022-11-27,2022-12-03,파라인플루엔자바이러스,306.0,94.23076923076923,104,3
2022,49,2022-11-27,2022-12-03,호흡기세포융합바이러스,142.0,90.38461538461539,104,3
2022,50,2022-12-04,2022-12-10,리노바이러스,198.0,77.88461538461539,104,2
2022,50,2022-12-04,2022-12-10,마이코플라즈마균,32.0,61.53846153846154,104,2
2022,50,2022-12-04,2022-12-10,사람메타뉴모바이러스,41.0,91.34615384615384,104,3
2022,50,2022-12-04,2022-12-10,사람보카바이러스,37.0,59.61538461538461,104,1
2022,50,2022-12-04,2022-12-10,사람코로나바이러스,105.0,91.34615384615384,104,3
2022,50,2022-12-04,2022-12-10,아데노바이러스,41.0,87.5,104,2
2022,50,2022-12-04,2022-12-10,인플루엔자바이러스,279.0,94.23076923076923,104,3
2022,50,2022-12-04,2022-12-10,코로나19,,,,
2022,50,2022-12-04,2022-12-10,클라미디아균,2.0,20.192307692307693,104,1
2022,50,2022-12-04,2022-12-10,파라인플루엔자바이러스,278.0,93.26923076923077,104,3
2022,50,2022-12-04,2022-12-10,호흡기세포융합바이러스,108.0,88.46153846153845,104,2
2022,51,2022-12-11,2022-12-17,리노바이러스,262.0,92.3076923076923,104,3
2022,51,2022-12-11,2022-12-17,마이코플라즈마균,41.0,75.96153846153845,104,2
2022,51,2022-12-11,2022-12-17,사람메타뉴모바이러스,37.0,91.34615384615384,104,3
2022,51,2022-12-11,2022-12-17,사람보카바이러스,45.0,68.26923076923077,104,2
2022,51,2022-12-11,2022-12-17,사람코로나바이러스,134.0,91.34615384615384,104,3
2022,51,2022-12-11,2022-12-17,아데노바이러스,40.0,86.53846153846155,104,2
2022,51,2022-12-11,2022-12-17,인플루엔자바이러스,365.0,94.23076923076923,104,3
2022,51,2022-12-11,2022-12-17,코로나19,,,,
2022,51,2022-12-11,2022-12-17,클라미디아균,1.0,6.730769230769231,104,1
2022,51,2022-12-11,2022-12-17,파라인플루엔자바이러스,280.0,93.26923076923077,104,3
2022,51,2022-12-11,2022-12-17,호흡기세포융합바이러스,123.0,89.42307692307693,104,2
2022,52,2022-12-18,2022-12-24,리노바이러스,168.0,62.5,104,2
2022,52,2022-12-18,2022-12-24,마이코플라즈마균,30.0,58.65384615384615,104,1
2022,52,2022-12-18,2022-12-24,사람메타뉴모바이러스,41.0,91.34615384615384,104,3
2022,52,2022-12-18,2022-12-24,사람보카바이러스,36.0,58.65384615384615,104,1
2022,52,2022-12-18,2022-12-24,사람코로나바이러스,151.0,92.3076923076923,104,3
2022,52,2022-12-18,2022-12-24,아데노바이러스,30.0,69.23076923076923,104,2
2022,52,2022-12-18,2022-12-24,인플루엔자바이러스,477.0,95.1923076923077,104,4
2022,52,2022-12-18,2022-12-24,코로나19,,,,
2022,52,2022-12-18,2022-12-24,클라미디아균,2.0,20.192307692307693,104,1
2022,52,2022-12-18,2022-12-24,파라인플루엔자바이러스,216.0,92.3076923076923,104,3
2022,52,2022-12-18,2022-12-24,호흡기세포융합바이러스,112.0,89.42307692307693,104,2
2022,53,2022-12-25,2022-12-31,리노바이러스,115.0,42.30769230769231,104,1
2022,53,2022-12-25,2022-12-31,마이코플라즈마균,44.0,78.84615384615384,104,2
2022,53,2022-12-25,2022-12-31,사람메타뉴모바이러스,41.0,91.34615384615384,104,3
2022,53,2022-12-25,2022-12-31,사람보카바이러스,29.0,44.230769230769226,104,1
2022,53,2022-12-25,2022-12-31,사람코로나바이러스,167.0,92.3076923076923,104,3
2022,53,2022-12-25,2022-12-31,아데노바이러스,51.0,91.34615384615384,104,3
2022,53,2022-12-25,2022-12-31,인플루엔자바이러스,694.0,95.1923076923077,104,4
2022,53,2022-12-25,2022-12-31,코로나19,,,,
2022,53,2022-12-25,2022-12-31,클라미디아균,1.0,6.730769230769231,104,1
2022,53,2022-12-25,2022-12-31,파라인플루엔자바이러스,170.0,92.3076923076923,104,3
2022,53,2022-12-25,2022-12-31,호흡기세포융합바이러스,83.0,88.46153846153845,104,2
2023,1,2023-01-01,2023-01-07,리노바이러스,112.0,30.476190476190478,105,1
2023,1,2023-01-01,2023-01-07,마이코플라즈마균,42.0,89.52380952380953,105,2
2023,1,2023-01-01,2023-01-07,사람메타뉴모바이러스,31.0,80.95238095238095,105,2
2023,1,2023-01-01,2023-01-07,사람보카바이러스,22.0,22.857142857142858,105,1
2023,1,2023-01-01,2023-01-07,사람코로나바이러스,198.0,100.0,105,4
2023,1,2023-01-01,2023-01-07,아데노바이러스,33.0,69.52380952380952,105,2
2023,1,2023-01-01,2023-01-07,인플루엔자바이러스,435.0,98.09523809523809,105,4
2023,1,2023-01-01,2023-01-07,코로나19,,,,
2023,1,2023-01-01,2023-01-07,클라미디아균,1.0,10.476190476190476,105,1
2023,1,2023-01-01,2023-01-07,파라인플루엔자바이러스,146.0,81.9047619047619,105,2
2023,1,2023-01-01,2023-01-07,호흡기세포융합바이러스,89.0,70.47619047619048,105,2
2023,2,2023-01-08,2023-01-14,리노바이러스,63.0,20.952380952380953,105,1
2023,2,2023-01-08,2023-01-14,마이코플라즈마균,24.0,40.95238095238095,105,1
2023,2,2023-01-08,2023-01-14,사람메타뉴모바이러스,27.0,80.0,105,2
2023,2,2023-01-08,2023-01-14,사람보카바이러스,22.0,22.857142857142858,105,1
2023,2,2023-01-08,2023-01-14,사람코로나바이러스,177.0,100.0,105,4
2023,2,2023-01-08,2023-01-14,아데노바이러스,36.0,74.28571428571429,105,2
2023,2,2023-01-08,2023-01-14,인플루엔자바이러스,273.0,96.19047619047619,105,4
2023,2,2023-01-08,2023-01-14,코로나19,,,,
2023,2,2023-01-08,2023-01-14,클라미디아균,4.0,49.523809523809526,105,1
2023,2,2023-01-08,2023-01-14,파라인플루엔자바이러스,128.0,80.0,105,2
2023,2,2023-01-08,2023-01-14,호흡기세포융합바이러스,86.0,70.47619047619048,105,2
2023,3,2023-01-15,2023-01-21,리노바이러스,89.0,24.761904761904763,105,1
2023,3,2023-01-15,2023-01-21,마이코플라즈마균,20.0,22.857142857142858,105,1
2023,3,2023-01-15,2023-01-21,사람메타뉴모바이러스,28.0,80.0,105,2
2023,3,2023-01-15,2023-01-21,사람보카바이러스,20.0,19.047619047619047,105,1
2023,3,2023-01-15,2023-01-21,사람코로나바이러스,184.0,100.0,105,4
2023,3,2023-01-15,2023-01-21,아데노바이러스,49.0,93.33333333333333,105,3
2023,3,2023-01-15,2023-01-21,인플루엔자바이러스,182.0,96.19047619047619,105,4
2023,3,2023-01-15,2023-01-21,코로나19,,,,
2023,3,2023-01-15,2023-01-21,클라미디아균,2.0,24.761904761904763,105,1
2023,3,2023-01-15,2023-01-21,파라인플루엔자바이러스,109.0,76.19047619047619,105,2
2023,3,2023-01-15,2023-01-21,호흡기세포융합바이러스,77.0,69.52380952380952,105,2
2023,4,2023-01-22,2023-01-28,리노바이러스,72.0,23.809523809523807,105,1
2023,4,2023-01-22,2023-01-28,마이코플라즈마균,21.0,26.666666666666668,105,1
2023,4,2023-01-22,2023-01-28,사람메타뉴모바이러스,19.0,79.04761904761905,105,2
2023,4,2023-01-22,2023-01-28,사람보카바이러스,24.0,25.71428571428571,105,1
2023,4,2023-01-22,2023-01-28,사람코로나바이러스,181.0,100.0,105,4
2023,4,2023-01-22,2023-01-28,아데노바이러스,34.0,71.42857142857143,105,2
2023,4,2023-01-22,2023-01-28,인플루엔자바이러스,143.0,96.19047619047619,105,4
2023,4,2023-01-22,2023-01-28,코로나19,,,,
2023,4,2023-01-22,2023-01-28,클라미디아균,2.0,24.761904761904763,105,1
2023,4,2023-01-22,2023-01-28,파라인플루엔자바이러스,102.0,75.23809523809524,105,2
2023,4,2023-01-22,2023-01-28,호흡기세포융합바이러스,64.0,67.61904761904762,105,2
2023,5,2023-01-29,2023-02-04,리노바이러스,77.0,23.809523809523807,105,1
2023,5,2023-01-29,2023-02-04,마이코플라즈마균,14.0,4.761904761904762,105,1
2023,5,2023-01-29,2023-02-04,사람메타뉴모바이러스,35.0,80.95238095238095,105,2
2023,5,2023-01-29,2023-02-04,사람보카바이러스,12.0,11.428571428571429,105,1
2023,5,2023-01-29,2023-02-04,사람코로나바이러스,156.0,99.04761904761905,105,4
2023,5,2023-01-29,2023-02-04,아데노바이러스,53.0,98.09523809523809,105,4
2023,5,2023-01-29,2023-02-04,인플루엔자바이러스,73.0,92.38095238095238,105,3
2023,5,2023-01-29,2023-02-04,코로나19,,,,
2023,5,2023-01-29,2023-02-04,클라미디아균,0.0,0.0,105,1
2023,5,2023-01-29,2023-02-04,파라인플루엔자바이러스,118.0,77.14285714285715,105,2
2023,5,2023-01-29,2023-02-04,호흡기세포융합바이러스,99.0,70.47619047619048,105,2
2023,6,2023-02-05,2023-02-11,리노바이러스,123.0,33.33333333333333,105,1
2023,6,2023-02-05,2023-02-11,마이코플라즈마균,18.0,15.238095238095239,105,1
2023,6,2023-02-05,2023-02-11,사람메타뉴모바이러스,20.0,79.04761904761905,105,2
2023,6,2023-02-05,2023-02-11,사람보카바이러스,22.0,22.857142857142858,105,1
2023,6,2023-02-05,2023-02-11,사람코로나바이러스,209.0,100.0,105,4
2023,6,2023-02-05,2023-02-11,아데노바이러스,37.0,74.28571428571429,105,2
2023,6,2023-02-05,2023-02-11,인플루엔자바이러스,87.0,92.38095238095238,105,3
2023,6,2023-02-05,2023-02-11,코로나19,,,,
2023,6,2023-02-05,2023-02-11,클라미디아균,4.0,49.523809523809526,105,1
2023,6,2023-02-05,2023-02-11,파라인플루엔자바이러스,115.0,76.19047619047619,105,2
2023,6,2023-02-05,2023-02-11,호흡기세포융합바이러스,122.0,74.28571428571429,105,2
2023,7,2023-02-12,2023-02-18,리노바이러스,165.0,52.38095238095239,105,1
2023,7,2023-02-12,2023-02-18,마이코플라즈마균,27.0,52.38095238095239,105,1
2023,7,2023-02-12,2023-02-18,사람메타뉴모바이러스,36.0,80.95238095238095,105,2
2023,7,2023-02-12,2023-02-18,사람보카바이러스,22.0,22.857142857142858,105,1
2023,7,2023-02-12,2023-02-18,사람코로나바이러스,185.0,100.0,105,4
2023,7,2023-02-12,2023-02-18,아데노바이러스,38.0,76.19047619047619,105,2
2023,7,2023-02-12,2023-02-18,인플루엔자바이러스,108.0,93.33333333333333,105,3
2023,7,2023-02-12,2023-02-18,코로나19,,,,
2023,7,2023-02-12,2023-02-18,클라미디아균,1.0,10.476190476190476,105,1
2023,7,2023-02-12,2023-02-18,파라인플루엔자바이러스,127.0,79.04761904761905,105,2
2023,7,2023-02-12,2023-02-18,호흡기세포융합바이러스,172.0,80.95238095238095,105,2
2023,8,2023-02-19,2023-02-25,리노바이러스,224.0,83.80952380952381,105,2
2023,8,2023-02-19,2023-02-25,마이코플라즈마균,19.0,19.047619047619047,105,1
2023,8,2023-02-19,2023-02-25,사람메타뉴모바이러스,35.0,80.95238095238095,105,2
2023,8,2023-02-19,2023-02-25,사람보카바이러스,26.0,29.523809523809526,105,1
2023,8,2023-02-19,2023-02-25,사람코로나바이러스,152.0,99.04761904761905,105,4
2023,8,2023-02-19,2023-02-25,아데노바이러스,56.0,98.09523809523809,105,4
2023,8,2023-02-19,2023-02-25,인플루엔자바이러스,90.0,92.38095238095238,105,3
2023,8,2023-02-19,2023-02-25,코로나19,,,,
2023,8,2023-02-19,2023-02-25,클라미디아균,2.0,24.761904761904763,105,1
2023,8,2023-02-19,2023-02-25,파라인플루엔자바이러스,122.0,78.0952380952381,105,2
2023,8,2023-02-19,2023-02-25,호흡기세포융합바이러스,198.0,81.9047619047619,105,2
2023,9,2023-02-26,2023-03-04,리노바이러스,194.0,72.38095238095238,105,2
2023,9,2023-02-26,2023-03-04,마이코플라즈마균,25.0,45.714285714285715,105,1
2023,9,2023-02-26,2023-03-04,사람메타뉴모바이러스,27.0,80.0,105,2
2023,9,2023-02-26,2023-03-04,사람보카바이러스,25.0,27.61904761904762,105,1
2023,9,2023-02-26,2023-03-04,사람코로나바이러스,132.0,97.14285714285714,105,4
2023,9,2023-02-26,2023-03-04,아데노바이러스,63.0,99.04761904761905,105,4
2023,9,2023-02-26,2023-03-04,인플루엔자바이러스,74.0,92.38095238095238,105,3
2023,9,2023-02-26,2023-03-04,코로나19,,,,
2023,9,2023-02-26,2023-03-04,클라미디아균,1.0,10.476190476190476,105,1
2023,9,2023-02-26,2023-03-04,파라인플루엔자바이러스,142.0,81.9047619047619,105,2
2023,9,2023-02-26,2023-03-04,호흡기세포융합바이러스,219.0,83.80952380952381,105,2
2023,10,2023-03-05,2023-03-11,리노바이러스,228.0,85.71428571428571,105,2
2023,10,2023-03-05,2023-03-11,마이코플라즈마균,34.0,78.0952380952381,105,2
2023,10,2023-03-05,2023-03-11,사람메타뉴모바이러스,29.0,80.0,105,2
2023,10,2023-03-05,2023-03-11,사람보카바이러스,36.0,43.80952380952381,105,1
2023,10,2023-03-05,2023-03-11,사람코로나바이러스,137.0,98.09523809523809,105,4
2023,10,2023-03-05,2023-03-11,아데노바이러스,82.0,100.0,105,4
2023,10,2023-03-05,2023-03-11,인플루엔자바이러스,73.0,92.38095238095238,105,3
2023,10,2023-03-05,2023-03-11,코로나19,,,,
2023,10,2023-03-05,2023-03-11,클라미디아균,4.0,49.523809523809526,105,1
2023,10,2023-03-05,2023-03-11,파라인플루엔자바이러스,199.0,86.66666666666667,105,2
2023,10,2023-03-05,2023-03-11,호흡기세포융합바이러스,262.0,86.66666666666667,105,2
2023,11,2023-03-12,2023-03-18,리노바이러스,350.0,100.0,105,4
2023,11,2023-03-12,2023-03-18,마이코플라즈마균,27.0,52.38095238095239,105,1
2023,11,2023-03-12,2023-03-18,사람메타뉴모바이러스,63.0,85.71428571428571,105,2
2023,11,2023-03-12,2023-03-18,사람보카바이러스,39.0,47.61904761904761,105,1
2023,11,2023-03-12,2023-03-18,사람코로나바이러스,121.0,97.14285714285714,105,4
2023,11,2023-03-12,2023-03-18,아데노바이러스,68.0,100.0,105,4
2023,11,2023-03-12,2023-03-18,인플루엔자바이러스,66.0,92.38095238095238,105,3
2023,11,2023-03-12,2023-03-18,코로나19,,,,
2023,11,2023-03-12,2023-03-18,클라미디아균,0.0,0.0,105,1
2023,11,2023-03-12,2023-03-18,파라인플루엔자바이러스,229.0,88.57142857142857,105,2
2023,11,2023-03-12,2023-03-18,호흡기세포융합바이러스,273.0,88.57142857142857,105,2
2023,12,2023-03-19,2023-03-25,리노바이러스,479.0,100.0,105,4
2023,12,2023-03-19,2023-03-25,마이코플라즈마균,43.0,89.52380952380953,105,2
2023,12,2023-03-19,2023-03-25,사람메타뉴모바이러스,60.0,85.71428571428571,105,2
2023,12,2023-03-19,2023-03-25,사람보카바이러스,37.0,45.714285714285715,105,1
2023,12,2023-03-19,2023-03-25,사람코로나바이러스,159.0,99.04761904761905,105,4
2023,12,2023-03-19,2023-03-25,아데노바이러스,95.0,100.0,105,4
2023,12,2023-03-19,2023-03-25,인플루엔자바이러스,74.0,92.38095238095238,105,3
2023,12,2023-03-19,2023-03-25,코로나19,,,,
2023,12,2023-03-19,2023-03-25,클라미디아균,5.0,63.8095238095238,105,2
2023,12,2023-03-19,2023-03-25,파라인플루엔자바이러스,262.0,89.52380952380953,105,2
2023,12,2023-03-19,2023-03-25,호흡기세포융합바이러스,422.0,96.19047619047619,105,4
2023,13,2023-03-26,2023-04-01,리노바이러스,576.0,100.0,105,4
2023,13,2023-03-26,2023-04-01,마이코플라즈마균,71.0,100.0,105,4
2023,13,2023-03-26,2023-04-01,사람메타뉴모바이러스,87.0,87.61904761904762,105,2
2023,13,2023-03-26,2023-04-01,사람보카바이러스,46.0,58.0952380952381,105,1
2023,13,2023-03-26,2023-04-01,사람코로나바이러스,157.0,99.04761904761905,105,4
2023,13,2023-03-26,2023-04-01,아데노바이러스,131.0,100.0,105,4
2023,13,2023-03-26,2023-04-01,인플루엔자바이러스,97.0,93.33333333333333,105,3
2023,13,2023-03-26,2023-04-01,코로나19,,,,
2023,13,2023-03-26,2023-04-01,클라미디아균,4.0,49.523809523809526,105,1
2023,13,2023-03-26,2023-04-01,파라인플루엔자바이러스,393.0,96.19047619047619,105,4
2023,13,2023-03-26,2023-04-01,호흡기세포융합바이러스,444.0,97.14285714285714,105,4
2023,14,2023-04-02,2023-04-08,리노바이러스,699.0,100.0,105,4
2023,14,2023-04-02,2023-04-08,마이코플라즈마균,54.0,99.04761904761905,105,4
2023,14,2023-04-02,2023-04-08,사람메타뉴모바이러스,96.0,87.61904761904762,105,2
2023,14,2023-04-02,2023-04-08,사람보카바이러스,87.0,78.0952380952381,105,2
2023,14,2023-04-02,2023-04-08,사람코로나바이러스,143.0,98.09523809523809,105,4
2023,14,2023-04-02,2023-04-08,아데노바이러스,181.0,100.0,105,4
2023,14,2023-04-02,2023-04-08,인플루엔자바이러스,129.0,95.23809523809523,105,4
2023,14,2023-04-02,2023-04-08,코로나19,,,,
2023,14,2023-04-02,2023-04-08,클라미디아균,3.0,40.0,105,1
2023,14,2023-04-02,2023-04-08,파라인플루엔자바이러스,489.0,96.19047619047619,105,4
2023,14,2023-04-02,2023-04-08,호흡기세포융합바이러스,529.0,98.09523809523809,105,4
2023,15,2023-04-09,2023-04-15,리노바이러스,728.0,100.0,105,4
2023,15,2023-04-09,2023-04-15,마이코플라즈마균,63.0,100.0,105,4
2023,15,2023-04-09,2023-04-15,사람메타뉴모바이러스,102.0,87.61904761904762,105,2
2023,15,2023-04-09,2023-04-15,사람보카바이러스,64.0,64.76190476190476,105,2
2023,15,2023-04-09,2023-04-15,사람코로나바이러스,144.0,98.09523809523809,105,4
2023,15,2023-04-09,2023-04-15,아데노바이러스,183.0,100.0,105,4
2023,15,2023-04-09,2023-04-15,인플루엔자바이러스,183.0,96.19047619047619,105,4
2023,15,2023-04-09,2023-04-15,코로나19,,,,
2023,15,2023-04-09,2023-04-15,클라미디아균,3.0,40.0,105,1
2023,15,2023-04-09,2023-04-15,파라인플루엔자바이러스,505.0,96.19047619047619,105,4
2023,15,2023-04-09,2023-04-15,호흡기세포융합바이러스,584.0,99.04761904761905,105,4
2023,16,2023-04-16,2023-04-22,리노바이러스,837.0,100.0,105,4
2023,16,2023-04-16,2023-04-22,마이코플라즈마균,66.0,100.0,105,4
2023,16,2023-04-16,2023-04-22,사람메타뉴모바이러스,132.0,91.42857142857143,105,3
2023,16,2023-04-16,2023-04-22,사람보카바이러스,99.0,79.04761904761905,105,2
2023,16,2023-04-16,2023-04-22,사람코로나바이러스,147.0,98.09523809523809,105,4
2023,16,2023-04-16,2023-04-22,아데노바이러스,202.0,100.0,105,4
2023,16,2023-04-16,2023-04-22,인플루엔자바이러스,273.0,96.19047619047619,105,4
2023,16,2023-04-16,2023-04-22,코로나19,,,,
2023,16,2023-04-16,2023-04-22,클라미디아균,1.0,10.476190476190476,105,1
2023,16,2023-04-16,2023-04-22,파라인플루엔자바이러스,580.0,98.09523809523809,105,4
2023,16,2023-04-16,2023-04-22,호흡기세포융합바이러스,582.0,99.04761904761905,105,4
2023,17,2023-04-23,2023-04-29,리노바이러스,915.0,100.0,105,4
2023,17,2023-04-23,2023-04-29,마이코플라즈마균,106.0,100.0,105,4
2023,17,2023-04-23,2023-04-29,사람메타뉴모바이러스,193.0,92.38095238095238,105,3
2023,17,2023-04-23,2023-04-29,사람보카바이러스,139.0,88.57142857142857,105,2
2023,17,2023-04-23,2023-04-29,사람코로나바이러스,123.0,97.14285714285714,105,4
2023,17,2023-04-23,2023-04-29,아데노바이러스,225.0,100.0,105,4
2023,17,2023-04-23,2023-04-29,인플루엔자바이러스,203.0,96.19047619047619,105,4
2023,17,2023-04-23,2023-04-29,코로나19,,,,
2023,17,2023-04-23,2023-04-29,클라미디아균,11.0,96.19047619047619,105,4
2023,17,2023-04-23,2023-04-29,파라인플루엔자바이러스,576.0,98.09523809523809,105,4
2023,17,2023-04-23,2023-04-29,호흡기세포융합바이러스,585.0,99.04761904761905,105,4
2023,18,2023-04-30,2023-05-06,리노바이러스,658.0,100.0,105,4
2023,18,2023-04-30,2023-05-06,마이코플라즈마균,50.0,95.23809523809523,105,4
2023,18,2023-04-30,2023-05-06,사람메타뉴모바이러스,159.0,91.42857142857143,105,3
2023,18,2023-04-30,2023-05-06,사람보카바이러스,110.0,80.0,105,2
2023,18,2023-04-30,2023-05-06,사람코로나바이러스,91.0,96.19047619047619,105,4
2023,18,2023-04-30,2023-05-06,아데노바이러스,207.0,100.0,105,4
2023,18,2023-04-30,2023-05-06,인플루엔자바이러스,180.0,96.19047619047619,105,4
2023,18,2023-04-30,2023-05-06,코로나19,,,,
2023,18,2023-04-30,2023-05-06,클라미디아균,5.0,63.8095238095238,105,2
2023,18,2023-04-30,2023-05-06,파라인플루엔자바이러스,415.0,96.19047619047619,105,4
2023,18,2023-04-30,2023-05-06,호흡기세포융합바이러스,470.0,97.14285714285714,105,4
2023,19,2023-05-07,2023-05-13,리노바이러스,691.0,100.0,105,4
2023,19,2023-05-07,2023-05-13,마이코플라즈마균,72.0,100.0,105,4
2023,19,2023-05-07,2023-05-13,사람메타뉴모바이러스,183.0,91.42857142857143,105,3
2023,19,2023-05-07,2023-05-13,사람보카바이러스,144.0,90.47619047619048,105,3
2023,19,2023-05-07,2023-05-13,사람코로나바이러스,92.0,96.19047619047619,105,4
2023,19,2023-05-07,2023-05-13,아데노바이러스,192.0,100.0,105,4
2023,19,2023-05-07,2023-05-13,인플루엔자바이러스,225.0,96.19047619047619,105,4
2023,19,2023-05-07,2023-05-13,코로나19,,,,
2023,19,2023-05-07,2023-05-13,클라미디아균,5.0,63.8095238095238,105,2
2023,19,2023-05-07,2023-05-13,파라인플루엔자바이러스,435.0,96.19047619047619,105,4
2023,19,2023-05-07,2023-05-13,호흡기세포융합바이러스,428.0,96.19047619047619,105,4
2023,20,2023-05-14,2023-05-20,리노바이러스,631.0,100.0,105,4
2023,20,2023-05-14,2023-05-20,마이코플라즈마균,72.0,100.0,105,4
2023,20,2023-05-14,2023-05-20,사람메타뉴모바이러스,217.0,93.33333333333333,105,3
2023,20,2023-05-14,2023-05-20,사람보카바이러스,135.0,87.61904761904762,105,2
2023,20,2023-05-14,2023-05-20,사람코로나바이러스,60.0,95.23809523809523,105,4
2023,20,2023-05-14,2023-05-20,아데노바이러스,189.0,100.0,105,4
2023,20,2023-05-14,2023-05-20,인플루엔자바이러스,211.0,96.19047619047619,105,4
2023,20,2023-05-14,2023-05-20,코로나19,,,,
2023,20,2023-05-14,2023-05-20,클라미디아균,5.0,63.8095238095238,105,2
2023,20,2023-05-14,2023-05-20,파라인플루엔자바이러스,390.0,95.23809523809523,105,4
2023,20,2023-05-14,2023-05-20,호흡기세포융합바이러스,339.0,94.28571428571428,105,3
2023,21,2023-05-21,2023-05-27,리노바이러스,555.0,100.0,105,4
2023,21,2023-05-21,2023-05-27,마이코플라즈마균,62.0,100.0,105,4
2023,21,2023-05-21,2023-05-27,사람메타뉴모바이러스,250.0,94.28571428571428,105,3
2023,21,2023-05-21,2023-05-27,사람보카바이러스,139.0,88.57142857142857,105,2
2023,21,2023-05-21,2023-05-27,사람코로나바이러스,53.0,94.28571428571428,105,3
2023,21,2023-05-21,2023-05-27,아데노바이러스,201.0,100.0,105,4
2023,21,2023-05-21,2023-05-27,인플루엔자바이러스,254.0,96.19047619047619,105,4
2023,21,2023-05-21,2023-05-27,코로나19,,,,
2023,21,2023-05-21,2023-05-27,클라미디아균,2.0,24.761904761904763,105,1
2023,21,2023-05-21,2023-05-27,파라인플루엔자바이러스,364.0,95.23809523809523,105,4
2023,21,2023-05-21,2023-05-27,호흡기세포융합바이러스,372.0,94.28571428571428,105,3
2023,22,2023-05-28,2023-06-03,리노바이러스,398.0,100.0,105,4
2023,22,2023-05-28,2023-06-03,마이코플라즈마균,54.0,99.04761904761905,105,4
2023,22,2023-05-28,2023-06-03,사람메타뉴모바이러스,242.0,93.33333333333333,105,3
2023,22,2023-05-28,2023-06-03,사람보카바이러스,171.0,97.14285714285714,105,4
2023,22,2023-05-28,2023-06-03,사람코로나바이러스,39.0,90.47619047619048,105,3
2023,22,2023-05-28,2023-06-03,아데노바이러스,166.0,100.0,105,4
2023,22,2023-05-28,2023-06-03,인플루엔자바이러스,208.0,96.19047619047619,105,4
2023,22,2023-05-28,2023-06-03,코로나19,,,,
2023,22,2023-05-28,2023-06-03,클라미디아균,8.0,90.47619047619048,105,3
2023,22,2023-05-28,2023-06-03,파라인플루엔자바이러스,293.0,93.33333333333333,105,3
2023,22,2023-05-28,2023-06-03,호흡기세포융합바이러스,253.0,85.71428571428571,105,2
2023,23,2023-06-04,2023-06-10,리노바이러스,375.0,100.0,105,4
2023,23,2023-06-04,2023-06-10,마이코플라즈마균,37.0,84.76190476190476,105,2
2023,23,2023-06-04,2023-06-10,사람메타뉴모바이러스,249.0,94.28571428571428,105,3
2023,23,2023-06-04,2023-06-10,사람보카바이러스,133.0,85.71428571428571,105,2
2023,23,2023-06-04,2023-06-10,사람코로나바이러스,29.0,85.71428571428571,105,2
2023,23,2023-06-04,2023-06-10,아데노바이러스,196.0,100.0,105,4
2023,23,2023-06-04,2023-06-10,인플루엔자바이러스,156.0,96.19047619047619,105,4
2023,23,2023-06-04,2023-06-10,코로나19,,,,
2023,23,2023-06-04,2023-06-10,클라미디아균,2.0,24.761904761904763,105,1
2023,23,2023-06-04,2023-06-10,파라인플루엔자바이러스,270.0,89.52380952380953,105,2
2023,23,2023-06-04,2023-06-10,호흡기세포융합바이러스,214.0,82.85714285714286,105,2
2023,24,2023-06-11,2023-06-17,리노바이러스,335.0,100.0,105,4
2023,24,2023-06-11,2023-06-17,마이코플라즈마균,32.0,69.52380952380952,105,2
2023,24,2023-06-11,2023-06-17,사람메타뉴모바이러스,251.0,94.28571428571428,105,3
2023,24,2023-06-11,2023-06-17,사람보카바이러스,128.0,83.80952380952381,105,2
2023,24,2023-06-11,2023-06-17,사람코로나바이러스,27.0,83.80952380952381,105,2
2023,24,2023-06-11,2023-06-17,아데노바이러스,199.0,100.0,105,4
2023,24,2023-06-11,2023-06-17,인플루엔자바이러스,136.0,96.19047619047619,105,4
2023,24,2023-06-11,2023-06-17,코로나19,,,,
2023,24,2023-06-11,2023-06-17,클라미디아균,3.0,40.0,105,1
2023,24,2023-06-11,2023-06-17,파라인플루엔자바이러스,252.0,89.52380952380953,105,2
2023,24,2023-06-11,2023-06-17,호흡기세포융합바이러스,171.0,80.95238095238095,105,2
2023,25,2023-06-18,2023-06-24,리노바이러스,321.0,100.0,105,4
2023,25,2023-06-18,2023-06-24,마이코플라즈마균,37.0,84.76190476190476,105,2
2023,25,2023-06-18,2023-06-24,사람메타뉴모바이러스,263.0,94.28571428571428,105,3
2023,25,2023-06-18,2023-06-24,사람보카바이러스,132.0,84.76190476190476,105,2
2023,25,2023-06-18,2023-06-24,사람코로나바이러스,22.0,78.0952380952381,105,2
2023,25,2023-06-18,2023-06-24,아데노바이러스,158.0,100.0,105,4
2023,25,2023-06-18,2023-06-24,인플루엔자바이러스,72.0,92.38095238095238,105,3
2023,25,2023-06-18,2023-06-24,코로나19,,,,
2023,25,2023-06-18,2023-06-24,클라미디아균,2.0,24.761904761904763,105,1
2023,25,2023-06-18,2023-06-24,파라인플루엔자바이러스,248.0,88.57142857142857,105,2
2023,25,2023-06-18,2023-06-24,호흡기세포융합바이러스,144.0,77.14285714285715,105,2
2023,26,2023-06-25,2023-07-01,리노바이러스,371.0,100.0,105,4
2023,26,2023-06-25,2023-07-01,마이코플라즈마균,33.0,72.38095238095238,105,2
2023,26,2023-06-25,2023-07-01,사람메타뉴모바이러스,311.0,97.14285714285714,105,4
2023,26,2023-06-25,2023-07-01,사람보카바이러스,135.0,87.61904761904762,105,2
2023,26,2023-06-25,2023-07-01,사람코로나바이러스,18.0,65.71428571428571,105,2
2023,26,2023-06-25,2023-07-01,아데노바이러스,215.0,100.0,105,4
2023,26,2023-06-25,2023-07-01,인플루엔자바이러스,108.0,93.33333333333333,105,3
2023,26,2023-06-25,2023-07-01,코로나19,,,,
2023,26,2023-06-25,2023-07-01,클라미디아균,1.0,10.476190476190476,105,1
2023,26,2023-06-25,2023-07-01,파라인플루엔자바이러스,241.0,88.57142857142857,105,2
2023,26,2023-06-25,2023-07-01,호흡기세포융합바이러스,151.0,77.14285714285715,105,2
2023,27,2023-07-02,2023-07-08,리노바이러스,390.0,100.0,105,4
2023,27,2023-07-02,2023-07-08,마이코플라즈마균,30.0,64.76190476190476,105,2
2023,27,2023-07-02,2023-07-08,사람메타뉴모바이러스,281.0,95.23809523809523,105,4
2023,27,2023-07-02,2023-07-08,사람보카바이러스,160.0,95.23809523809523,105,4
2023,27,2023-07-02,2023-07-08,사람코로나바이러스,26.0,82.85714285714286,105,2
2023,27,2023-07-02,2023-07-08,아데노바이러스,249.0,100.0,105,4
2023,27,2023-07-02,2023-07-08,인플루엔자바이러스,151.0,96.19047619047619,105,4
2023,27,2023-07-02,2023-07-08,코로나19,,,,
2023,27,2023-07-02,2023-07-08,클라미디아균,2.0,24.761904761904763,105,1
2023,27,2023-07-02,2023-07-08,파라인플루엔자바이러스,319.0,94.28571428571428,105,3
2023,27,2023-07-02,2023-07-08,호흡기세포융합바이러스,128.0,75.23809523809524,105,2
2023,28,2023-07-09,2023-07-15,리노바이러스,382.0,100.0,105,4
2023,28,2023-07-09,2023-07-15,마이코플라즈마균,43.0,89.52380952380953,105,2
2023,28,2023-07-09,2023-07-15,사람메타뉴모바이러스,257.0,94.28571428571428,105,3
2023,28,2023-07-09,2023-07-15,사람보카바이러스,114.0,80.95238095238095,105,2
2023,28,2023-07-09,2023-07-15,사람코로나바이러스,17.0,61.904761904761905,105,2
2023,28,2023-07-09,2023-07-15,아데노바이러스,301.0,100.0,105,4
2023,28,2023-07-09,2023-07-15,인플루엔자바이러스,152.0,96.19047619047619,105,4
2023,28,2023-07-09,2023-07-15,코로나19,,,,
2023,28,2023-07-09,2023-07-15,클라미디아균,1.0,10.476190476190476,105,1
2023,28,2023-07-09,2023-07-15,파라인플루엔자바이러스,364.0,95.23809523809523,105,4
2023,28,2023-07-09,2023-07-15,호흡기세포융합바이러스,101.0,70.47619047619048,105,2
2023,29,2023-07-16,2023-07-22,리노바이러스,371.0,100.0,105,4
2023,29,2023-07-16,2023-07-22,마이코플라즈마균,43.0,89.52380952380953,105,2
2023,29,2023-07-16,2023-07-22,사람메타뉴모바이러스,238.0,93.33333333333333,105,3
2023,29,2023-07-16,2023-07-22,사람보카바이러스,114.0,80.95238095238095,105,2
2023,29,2023-07-16,2023-07-22,사람코로나바이러스,24.0,80.95238095238095,105,2
2023,29,2023-07-16,2023-07-22,아데노바이러스,390.0,100.0,105,4
2023,29,2023-07-16,2023-07-22,인플루엔자바이러스,167.0,96.19047619047619,105,4
2023,29,2023-07-16,2023-07-22,코로나19,,,,
2023,29,2023-07-16,2023-07-22,클라미디아균,4.0,49.523809523809526,105,1
2023,29,2023-07-16,2023-07-22,파라인플루엔자바이러스,408.0,96.19047619047619,105,4
2023,29,2023-07-16,2023-07-22,호흡기세포융합바이러스,127.0,75.23809523809524,105,2
2023,30,2023-07-23,2023-07-29,리노바이러스,329.0,100.0,105,4
2023,30,2023-07-23,2023-07-29,마이코플라즈마균,64.0,100.0,105,4
2023,30,2023-07-23,2023-07-29,사람메타뉴모바이러스,188.0,92.38095238095238,105,3
2023,30,2023-07-23,2023-07-29,사람보카바이러스,88.0,78.0952380952381,105,2
2023,30,2023-07-23,2023-07-29,사람코로나바이러스,20.0,71.42857142857143,105,2
2023,30,2023-07-23,2023-07-29,아데노바이러스,510.0,100.0,105,4
2023,30,2023-07-23,2023-07-29,인플루엔자바이러스,192.0,96.19047619047619,105,4
2023,30,2023-07-23,2023-07-29,코로나19,,,,
2023,30,2023-07-23,2023-07-29,클라미디아균,2.0,24.761904761904763,105,1
2023,30,2023-07-23,2023-07-29,파라인플루엔자바이러스,413.0,96.19047619047619,105,4
2023,30,2023-07-23,2023-07-29,호흡기세포융합바이러스,111.0,71.42857142857143,105,2
2023,31,2023-07-30,2023-08-05,리노바이러스,326.0,100.0,105,4
2023,31,2023-07-30,2023-08-05,마이코플라즈마균,55.0,99.04761904761905,105,4
2023,31,2023-07-30,2023-08-05,사람메타뉴모바이러스,140.0,91.42857142857143,105,3
2023,31,2023-07-30,2023-08-05,사람보카바이러스,94.0,79.04761904761905,105,2
2023,31,2023-07-30,2023-08-05,사람코로나바이러스,22.0,78.0952380952381,105,2
2023,31,2023-07-30,2023-08-05,아데노바이러스,614.0,100.0,105,4
2023,31,2023-07-30,2023-08-05,인플루엔자바이러스,150.0,96.19047619047619,105,4
2023,31,2023-07-30,2023-08-05,코로나19,,,,
2023,31,2023-07-30,2023-08-05,클라미디아균,5.0,63.8095238095238,105,2
2023,31,2023-07-30,2023-08-05,파라인플루엔자바이러스,359.0,95.23809523809523,105,4
2023,31,2023-07-30,2023-08-05,호흡기세포융합바이러스,88.0,70.47619047619048,105,2
2023,32,2023-08-06,2023-08-12,리노바이러스,240.0,89.52380952380953,105,2
2023,32,2023-08-06,2023-08-12,마이코플라즈마균,54.0,99.04761904761905,105,4
2023,32,2023-08-06,2023-08-12,사람메타뉴모바이러스,113.0,88.57142857142857,105,2
2023,32,2023-08-06,2023-08-12,사람보카바이러스,77.0,72.38095238095238,105,2
2023,32,2023-08-06,2023-08-12,사람코로나바이러스,17.0,61.904761904761905,105,2
2023,32,2023-08-06,2023-08-12,아데노바이러스,682.0,100.0,105,4
2023,32,2023-08-06,2023-08-12,인플루엔자바이러스,119.0,94.28571428571428,105,3
2023,32,2023-08-06,2023-08-12,코로나19,,,,
2023,32,2023-08-06,2023-08-12,클라미디아균,6.0,76.19047619047619,105,2
2023,32,2023-08-06,2023-08-12,파라인플루엔자바이러스,240.0,88.57142857142857,105,2
2023,32,2023-08-06,2023-08-12,호흡기세포융합바이러스,93.0,70.47619047619048,105,2
2023,33,2023-08-13,2023-08-19,리노바이러스,247.0,91.42857142857143,105,3
2023,33,2023-08-13,2023-08-19,마이코플라즈마균,57.0,100.0,105,4
2023,33,2023-08-13,2023-08-19,사람메타뉴모바이러스,75.0,87.61904761904762,105,2
2023,33,2023-08-13,2023-08-19,사람보카바이러스,69.0,68.57142857142857,105,2
2023,33,2023-08-13,2023-08-19,사람코로나바이러스,14.0,58.0952380952381,105,1
2023,33,2023-08-13,2023-08-19,아데노바이러스,771.0,100.0,105,4
2023,33,2023-08-13,2023-08-19,인플루엔자바이러스,73.0,92.38095238095238,105,3
2023,33,2023-08-13,2023-08-19,코로나19,,,,
2023,33,2023-08-13,2023-08-19,클라미디아균,6.0,76.19047619047619,105,2
2023,33,2023-08-13,2023-08-19,파라인플루엔자바이러스,178.0,86.66666666666667,105,2
2023,33,2023-08-13,2023-08-19,호흡기세포융합바이러스,86.0,70.47619047619048,105,2
2023,34,2023-08-20,2023-08-26,리노바이러스,271.0,96.19047619047619,105,4
2023,34,2023-08-20,2023-08-26,마이코플라즈마균,43.0,89.52380952380953,105,2
2023,34,2023-08-20,2023-08-26,사람메타뉴모바이러스,63.0,85.71428571428571,105,2
2023,34,2023-08-20,2023-08-26,사람보카바이러스,78.0,73.33333333333333,105,2
2023,34,2023-08-20,2023-08-26,사람코로나바이러스,10.0,51.42857142857142,105,1
2023,34,2023-08-20,2023-08-26,아데노바이러스,848.0,100.0,105,4
2023,34,2023-08-20,2023-08-26,인플루엔자바이러스,62.0,91.42857142857143,105,3
2023,34,2023-08-20,2023-08-26,코로나19,,,,
2023,34,2023-08-20,2023-08-26,클라미디아균,6.0,76.19047619047619,105,2
2023,34,2023-08-20,2023-08-26,파라인플루엔자바이러스,147.0,81.9047619047619,105,2
2023,34,2023-08-20,2023-08-26,호흡기세포융합바이러스,89.0,70.47619047619048,105,2
2023,35,2023-08-27,2023-09-02,리노바이러스,314.0,100.0,105,4
2023,35,2023-08-27,2023-09-02,마이코플라즈마균,60.0,100.0,105,4
2023,35,2023-08-27,2023-09-02,사람메타뉴모바이러스,60.0,85.71428571428571,105,2
2023,35,2023-08-27,2023-09-02,사람보카바이러스,67.0,67.61904761904762,105,2
2023,35,2023-08-27,2023-09-02,사람코로나바이러스,11.0,54.285714285714285,105,1
2023,35,2023-08-27,2023-09-02,아데노바이러스,948.0,100.0,105,4
2023,35,2023-08-27,2023-09-02,인플루엔자바이러스,69.0,92.38095238095238,105,3
2023,35,2023-08-27,2023-09-02,코로나19,,,,
2023,35,2023-08-27,2023-09-02,클라미디아균,9.0,95.23809523809523,105,4
2023,35,2023-08-27,2023-09-02,파라인플루엔자바이러스,130.0,80.0,105,2
2023,35,2023-08-27,2023-09-02,호흡기세포융합바이러스,115.0,73.33333333333333,105,2
2023,36,2023-09-03,2023-09-09,리노바이러스,370.0,100.0,105,4
2023,36,2023-09-03,2023-09-09,마이코플라즈마균,66.0,100.0,105,4
2023,36,2023-09-03,2023-09-09,사람메타뉴모바이러스,50.0,85.71428571428571,105,2
2023,36,2023-09-03,2023-09-09,사람보카바이러스,71.0,69.52380952380952,105,2
2023,36,2023-09-03,2023-09-09,사람코로나바이러스,11.0,54.285714285714285,105,1
2023,36,2023-09-03,2023-09-09,아데노바이러스,868.0,100.0,105,4
2023,36,2023-09-03,2023-09-09,인플루엔자바이러스,54.0,91.42857142857143,105,3
2023,36,2023-09-03,2023-09-09,코로나19,,,,
2023,36,2023-09-03,2023-09-09,클라미디아균,8.0,90.47619047619048,105,3
2023,36,2023-09-03,2023-09-09,파라인플루엔자바이러스,109.0,76.19047619047619,105,2
2023,36,2023-09-03,2023-09-09,호흡기세포융합바이러스,98.0,70.47619047619048,105,2
2023,37,2023-09-10,2023-09-16,리노바이러스,424.0,100.0,105,4
2023,37,2023-09-10,2023-09-16,마이코플라즈마균,75.0,100.0,105,4
2023,37,2023-09-10,2023-09-16,사람메타뉴모바이러스,51.0,85.71428571428571,105,2
2023,37,2023-09-10,2023-09-16,사람보카바이러스,59.0,61.904761904761905,105,2
2023,37,2023-09-10,2023-09-16,사람코로나바이러스,10.0,51.42857142857142,105,1
2023,37,2023-09-10,2023-09-16,아데노바이러스,725.0,100.0,105,4
2023,37,2023-09-10,2023-09-16,인플루엔자바이러스,88.0,92.38095238095238,105,3
2023,37,2023-09-10,2023-09-16,코로나19,,,,
2023,37,2023-09-10,2023-09-16,클라미디아균,5.0,63.8095238095238,105,2
2023,37,2023-09-10,2023-09-16,파라인플루엔자바이러스,85.0,73.33333333333333,105,2
2023,37,2023-09-10,2023-09-16,호흡기세포융합바이러스,110.0,71.42857142857143,105,2
2023,38,2023-09-17,2023-09-23,리노바이러스,385.0,100.0,105,4
2023,38,2023-09-17,2023-09-23,마이코플라즈마균,78.0,100.0,105,4
2023,38,2023-09-17,2023-09-23,사람메타뉴모바이러스,49.0,85.71428571428571,105,2
2023,38,2023-09-17,2023-09-23,사람보카바이러스,72.0,70.47619047619048,105,2
2023,38,2023-09-17,2023-09-23,사람코로나바이러스,11.0,54.285714285714285,105,1
2023,38,2023-09-17,2023-09-23,아데노바이러스,546.0,100.0,105,4
2023,38,2023-09-17,2023-09-23,인플루엔자바이러스,132.0,95.23809523809523,105,4
2023,38,2023-09-17,2023-09-23,코로나19,,,,
2023,38,2023-09-17,2023-09-23,클라미디아균,4.0,49.523809523809526,105,1
2023,38,2023-09-17,2023-09-23,파라인플루엔자바이러스,76.0,71.42857142857143,105,2
2023,38,2023-09-17,2023-09-23,호흡기세포융합바이러스,118.0,73.33333333333333,105,2
2023,39,2023-09-24,2023-09-30,리노바이러스,294.0,100.0,105,4
2023,39,2023-09-24,2023-09-30,마이코플라즈마균,68.0,100.0,105,4
2023,39,2023-09-24,2023-09-30,사람메타뉴모바이러스,23.0,79.04761904761905,105,2
2023,39,2023-09-24,2023-09-30,사람보카바이러스,23.0,23.809523809523807,105,1
2023,39,2023-09-24,2023-09-30,사람코로나바이러스,8.0,48.57142857142857,105,1
2023,39,2023-09-24,2023-09-30,아데노바이러스,355.0,100.0,105,4
2023,39,2023-09-24,2023-09-30,인플루엔자바이러스,241.0,96.19047619047619,105,4
2023,39,2023-09-24,2023-09-30,코로나19,,,,
2023,39,2023-09-24,2023-09-30,클라미디아균,3.0,40.0,105,1
2023,39,2023-09-24,2023-09-30,파라인플루엔자바이러스,40.0,64.76190476190476,105,2
2023,39,2023-09-24,2023-09-30,호흡기세포융합바이러스,75.0,69.52380952380952,105,2
2023,40,2023-10-01,2023-10-07,리노바이러스,331.0,100.0,105,4
2023,40,2023-10-01,2023-10-07,마이코플라즈마균,122.0,100.0,105,4
2023,40,2023-10-01,2023-10-07,사람메타뉴모바이러스,34.0,80.95238095238095,105,2
2023,40,2023-10-01,2023-10-07,사람보카바이러스,28.0,31.428571428571427,105,1
2023,40,2023-10-01,2023-10-07,사람코로나바이러스,21.0,78.0952380952381,105,2
2023,40,2023-10-01,2023-10-07,아데노바이러스,384.0,100.0,105,4
2023,40,2023-10-01,2023-10-07,인플루엔자바이러스,147.0,96.19047619047619,105,4
2023,40,2023-10-01,2023-10-07,코로나19,,,,
2023,40,2023-10-01,2023-10-07,클라미디아균,9.0,95.23809523809523,105,4
2023,40,2023-10-01,2023-10-07,파라인플루엔자바이러스,62.0,71.42857142857143,105,2
2023,40,2023-10-01,2023-10-07,호흡기세포융합바이러스,108.0,70.47619047619048,105,2
2023,41,2023-10-08,2023-10-14,리노바이러스,262.0,93.33333333333333,105,3
2023,41,2023-10-08,2023-10-14,마이코플라즈마균,90.0,100.0,105,4
2023,41,2023-10-08,2023-10-14,사람메타뉴모바이러스,46.0,85.71428571428571,105,2
2023,41,2023-10-08,2023-10-14,사람보카바이러스,26.0,29.523809523809526,105,1
2023,41,2023-10-08,2023-10-14,사람코로나바이러스,21.0,78.0952380952381,105,2
2023,41,2023-10-08,2023-10-14,아데노바이러스,205.0,100.0,105,4
2023,41,2023-10-08,2023-10-14,인플루엔자바이러스,149.0,96.19047619047619,105,4
2023,41,2023-10-08,2023-10-14,코로나19,,,,
2023,41,2023-10-08,2023-10-14,클라미디아균,4.0,49.523809523809526,105,1
2023,41,2023-10-08,2023-10-14,파라인플루엔자바이러스,41.0,65.71428571428571,105,2
2023,41,2023-10-08,2023-10-14,호흡기세포융합바이러스,96.0,70.47619047619048,105,2
2023,42,2023-10-15,2023-10-21,리노바이러스,345.0,100.0,105,4
2023,42,2023-10-15,2023-10-21,마이코플라즈마균,102.0,100.0,105,4
2023,42,2023-10-15,2023-10-21,사람메타뉴모바이러스,44.0,84.76190476190476,105,2
2023,42,2023-10-15,2023-10-21,사람보카바이러스,29.0,31.428571428571427,105,1
2023,42,2023-10-15,2023-10-21,사람코로나바이러스,18.0,65.71428571428571,105,2
2023,42,2023-10-15,2023-10-21,아데노바이러스,192.0,100.0,105,4
2023,42,2023-10-15,2023-10-21,인플루엔자바이러스,260.0,96.19047619047619,105,4
2023,42,2023-10-15,2023-10-21,코로나19,,,,
2023,42,2023-10-15,2023-10-21,클라미디아균,5.0,63.8095238095238,105,2
2023,42,2023-10-15,2023-10-21,파라인플루엔자바이러스,46.0,66.66666666666666,105,2
2023,42,2023-10-15,2023-10-21,호흡기세포융합바이러스,99.0,70.47619047619048,105,2
2023,43,2023-10-22,2023-10-28,리노바이러스,437.0,100.0,105,4
2023,43,2023-10-22,2023-10-28,마이코플라즈마균,126.0,100.0,105,4
2023,43,2023-10-22,2023-10-28,사람메타뉴모바이러스,24.0,79.04761904761905,105,2
2023,43,2023-10-22,2023-10-28,사람보카바이러스,27.0,30.476190476190478,105,1
2023,43,2023-10-22,2023-10-28,사람코로나바이러스,24.0,80.95238095238095,105,2
2023,43,2023-10-22,2023-10-28,아데노바이러스,139.0,100.0,105,4
2023,43,2023-10-22,2023-10-28,인플루엔자바이러스,354.0,97.14285714285714,105,4
2023,43,2023-10-22,2023-10-28,코로나19,,,,
2023,43,2023-10-22,2023-10-28,클라미디아균,4.0,49.523809523809526,105,1
2023,43,2023-10-22,2023-10-28,파라인플루엔자바이러스,45.0,66.66666666666666,105,2
2023,43,2023-10-22,2023-10-28,호흡기세포융합바이러스,134.0,75.23809523809524,105,2
2023,44,2023-10-29,2023-11-04,리노바이러스,466.0,100.0,105,4
2023,44,2023-10-29,2023-11-04,마이코플라즈마균,176.0,100.0,105,4
2023,44,2023-10-29,2023-11-04,사람메타뉴모바이러스,30.0,80.95238095238095,105,2
2023,44,2023-10-29,2023-11-04,사람보카바이러스,26.0,29.523809523809526,105,1
2023,44,2023-10-29,2023-11-04,사람코로나바이러스,36.0,88.57142857142857,105,2
2023,44,2023-10-29,2023-11-04,아데노바이러스,150.0,100.0,105,4
2023,44,2023-10-29,2023-11-04,인플루엔자바이러스,439.0,98.09523809523809,105,4
2023,44,2023-10-29,2023-11-04,코로나19,,,,
2023,44,2023-10-29,2023-11-04,클라미디아균,6.0,76.19047619047619,105,2
2023,44,2023-10-29,2023-11-04,파라인플루엔자바이러스,56.0,70.47619047619048,105,2
2023,44,2023-10-29,2023-11-04,호흡기세포융합바이러스,126.0,75.23809523809524,105,2
2023,45,2023-11-05,2023-11-11,리노바이러스,415.0,100.0,105,4
2023,45,2023-11-05,2023-11-11,마이코플라즈마균,224.0,100.0,105,4
2023,45,2023-11-05,2023-11-11,사람메타뉴모바이러스,36.0,80.95238095238095,105,2
2023,45,2023-11-05,2023-11-11,사람보카바이러스,27.0,30.476190476190478,105,1
2023,45,2023-11-05,2023-11-11,사람코로나바이러스,48.0,94.28571428571428,105,3
2023,45,2023-11-05,2023-11-11,아데노바이러스,119.0,100.0,105,4
2023,45,2023-11-05,2023-11-11,인플루엔자바이러스,304.0,97.14285714285714,105,4
2023,45,2023-11-05,2023-11-11,코로나19,,,,
2023,45,2023-11-05,2023-11-11,클라미디아균,10.0,96.19047619047619,105,4
2023,45,2023-11-05,2023-11-11,파라인플루엔자바이러스,61.0,71.42857142857143,105,2
2023,45,2023-11-05,2023-11-11,호흡기세포융합바이러스,129.0,75.23809523809524,105,2
2023,46,2023-11-12,2023-11-18,리노바이러스,475.0,100.0,105,4
2023,46,2023-11-12,2023-11-18,마이코플라즈마균,233.0,100.0,105,4
2023,46,2023-11-12,2023-11-18,사람메타뉴모바이러스,31.0,80.95238095238095,105,2
2023,46,2023-11-12,2023-11-18,사람보카바이러스,29.0,31.428571428571427,105,1
2023,46,2023-11-12,2023-11-18,사람코로나바이러스,76.0,96.19047619047619,105,4
2023,46,2023-11-12,2023-11-18,아데노바이러스,132.0,100.0,105,4
2023,46,2023-11-12,2023-11-18,인플루엔자바이러스,361.0,97.14285714285714,105,4
2023,46,2023-11-12,2023-11-18,코로나19,,,,
2023,46,2023-11-12,2023-11-18,클라미디아균,5.0,63.8095238095238,105,2
2023,46,2023-11-12,2023-11-18,파라인플루엔자바이러스,65.0,71.42857142857143,105,2
2023,46,2023-11-12,2023-11-18,호흡기세포융합바이러스,134.0,75.23809523809524,105,2
2023,47,2023-11-19,2023-11-25,리노바이러스,476.0,100.0,105,4
2023,47,2023-11-19,2023-11-25,마이코플라즈마균,288.0,100.0,105,4
2023,47,2023-11-19,2023-11-25,사람메타뉴모바이러스,47.0,85.71428571428571,105,2
2023,47,2023-11-19,2023-11-25,사람보카바이러스,30.0,34.285714285714285,105,1
2023,47,2023-11-19,2023-11-25,사람코로나바이러스,113.0,97.14285714285714,105,4
2023,47,2023-11-19,2023-11-25,아데노바이러스,100.0,100.0,105,4
2023,47,2023-11-19,2023-11-25,인플루엔자바이러스,639.0,99.04761904761905,105,4
2023,47,2023-11-19,2023-11-25,코로나19,,,,
2023,47,2023-11-19,2023-11-25,클라미디아균,10.0,96.19047619047619,105,4
2023,47,2023-11-19,2023-11-25,파라인플루엔자바이러스,69.0,71.42857142857143,105,2
2023,47,2023-11-19,2023-11-25,호흡기세포융합바이러스,192.0,80.95238095238095,105,2
2023,48,2023-11-26,2023-12-02,리노바이러스,441.0,100.0,105,4
2023,48,2023-11-26,2023-12-02,마이코플라즈마균,258.0,100.0,105,4
2023,48,2023-11-26,2023-12-02,사람메타뉴모바이러스,38.0,81.9047619047619,105,2
2023,48,2023-11-26,2023-12-02,사람보카바이러스,28.0,31.428571428571427,105,1
2023,48,2023-11-26,2023-12-02,사람코로나바이러스,167.0,99.04761904761905,105,4
2023,48,2023-11-26,2023-12-02,아데노바이러스,120.0,100.0,105,4
2023,48,2023-11-26,2023-12-02,인플루엔자바이러스,767.0,100.0,105,4
2023,48,2023-11-26,2023-12-02,코로나19,,,,
2023,48,2023-11-26,2023-12-02,클라미디아균,8.0,90.47619047619048,105,3
2023,48,2023-11-26,2023-12-02,파라인플루엔자바이러스,57.0,70.47619047619048,105,2
2023,48,2023-11-26,2023-12-02,호흡기세포융합바이러스,192.0,80.95238095238095,105,2
2023,49,2023-12-03,2023-12-09,리노바이러스,364.0,100.0,105,4
2023,49,2023-12-03,2023-12-09,마이코플라즈마균,227.0,100.0,105,4
2023,49,2023-12-03,2023-12-09,사람메타뉴모바이러스,62.0,85.71428571428571,105,2
2023,49,2023-12-03,2023-12-09,사람보카바이러스,36.0,43.80952380952381,105,1
2023,49,2023-12-03,2023-12-09,사람코로나바이러스,285.0,100.0,105,4
2023,49,2023-12-03,2023-12-09,아데노바이러스,122.0,100.0,105,4
2023,49,2023-12-03,2023-12-09,인플루엔자바이러스,1053.0,100.0,105,4
2023,49,2023-12-03,2023-12-09,코로나19,,,,
2023,49,2023-12-03,2023-12-09,클라미디아균,5.0,63.8095238095238,105,2
2023,49,2023-12-03,2023-12-09,파라인플루엔자바이러스,68.0,71.42857142857143,105,2
2023,49,2023-12-03,2023-12-09,호흡기세포융합바이러스,276.0,88.57142857142857,105,2
2023,50,2023-12-10,2023-12-16,리노바이러스,413.0,100.0,105,4
2023,50,2023-12-10,2023-12-16,마이코플라즈마균,258.0,100.0,105,4
2023,50,2023-12-10,2023-12-16,사람메타뉴모바이러스,52.0,85.71428571428571,105,2
2023,50,2023-12-10,2023-12-16,사람보카바이러스,44.0,54.285714285714285,105,1
2023,50,2023-12-10,2023-12-16,사람코로나바이러스,290.0,100.0,105,4
2023,50,2023-12-10,2023-12-16,아데노바이러스,92.0,100.0,105,4
2023,50,2023-12-10,2023-12-16,인플루엔자바이러스,1101.0,100.0,105,4
2023,50,2023-12-10,2023-12-16,코로나19,,,,
2023,50,2023-12-10,2023-12-16,클라미디아균,5.0,63.8095238095238,105,2
2023,50,2023-12-10,2023-12-16,파라인플루엔자바이러스,46.0,66.66666666666666,105,2
2023,50,2023-12-10,2023-12-16,호흡기세포융합바이러스,372.0,94.28571428571428,105,3
2023,51,2023-12-17,2023-12-23,리노바이러스,336.0,100.0,105,4
2023,51,2023-12-17,2023-12-23,마이코플라즈마균,213.0,100.0,105,4
2023,51,2023-12-17,2023-12-23,사람메타뉴모바이러스,36.0,80.95238095238095,105,2
2023,51,2023-12-17,2023-12-23,사람보카바이러스,42.0,51.42857142857142,105,1
2023,51,2023-12-17,2023-12-23,사람코로나바이러스,297.0,100.0,105,4
2023,51,2023-12-17,2023-12-23,아데노바이러스,104.0,100.0,105,4
2023,51,2023-12-17,2023-12-23,인플루엔자바이러스,819.0,100.0,105,4
2023,51,2023-12-17,2023-12-23,코로나19,,,,
2023,51,2023-12-17,2023-12-23,클라미디아균,6.0,76.19047619047619,105,2
2023,51,2023-12-17,2023-12-23,파라인플루엔자바이러스,47.0,67.61904761904762,105,2
2023,51,2023-12-17,2023-12-23,호흡기세포융합바이러스,368.0,94.28571428571428,105,3
2023,52,2023-12-24,2023-12-30,리노바이러스,293.0,100.0,105,4
2023,52,2023-12-24,2023-12-30,마이코플라즈마균,197.0,100.0,105,4
2023,52,2023-12-24,2023-12-30,사람메타뉴모바이러스,55.0,85.71428571428571,105,2
2023,52,2023-12-24,2023-12-30,사람보카바이러스,37.0,45.714285714285715,105,1
2023,52,2023-12-24,2023-12-30,사람코로나바이러스,268.0,100.0,105,4
2023,52,2023-12-24,2023-12-30,아데노바이러스,112.0,100.0,105,4
2023,52,2023-12-24,2023-12-30,인플루엔자바이러스,884.0,100.0,105,4
2023,52,2023-12-24,2023-12-30,코로나19,,,,
2023,52,2023-12-24,2023-12-30,클라미디아균,3.0,40.0,105,1
2023,52,2023-12-24,2023-12-30,파라인플루엔자바이러스,62.0,71.42857142857143,105,2
2023,52,2023-12-24,2023-12-30,호흡기세포융합바이러스,467.0,97.14285714285714,105,4
2024,1,2023-12-31,2024-01-06,리노바이러스,272.0,60.0,105,2
2024,1,2023-12-31,2024-01-06,마이코플라즈마균,221.0,94.28571428571428,105,3
2024,1,2023-12-31,2024-01-06,사람메타뉴모바이러스,52.0,59.04761904761905,105,1
2024,1,2023-12-31,2024-01-06,사람보카바이러스,25.0,28.57142857142857,105,1
2024,1,2023-12-31,2024-01-06,사람코로나바이러스,256.0,96.19047619047619,105,4
2024,1,2023-12-31,2024-01-06,아데노바이러스,101.0,63.8095238095238,105,2
2024,1,2023-12-31,2024-01-06,인플루엔자바이러스,793.0,96.19047619047619,105,4
2024,1,2023-12-31,2024-01-06,코로나19,848.0,,,
2024,1,2023-12-31,2024-01-06,클라미디아균,3.0,38.095238095238095,105,1
2024,1,2023-12-31,2024-01-06,파라인플루엔자바이러스,45.0,33.33333333333333,105,1
2024,1,2023-12-31,2024-01-06,호흡기세포융합바이러스,431.0,89.52380952380953,105,2
2024,2,2024-01-07,2024-01-13,리노바이러스,228.0,50.476190476190474,105,1
2024,2,2024-01-07,2024-01-13,마이코플라즈마균,202.0,93.33333333333333,105,3
2024,2,2024-01-07,2024-01-13,사람메타뉴모바이러스,46.0,54.285714285714285,105,1
2024,2,2024-01-07,2024-01-13,사람보카바이러스,24.0,26.666666666666668,105,1
2024,2,2024-01-07,2024-01-13,사람코로나바이러스,237.0,96.19047619047619,105,4
2024,2,2024-01-07,2024-01-13,아데노바이러스,78.0,60.0,105,2
2024,2,2024-01-07,2024-01-13,인플루엔자바이러스,702.0,95.23809523809523,105,4
2024,2,2024-01-07,2024-01-13,코로나19,747.0,,,
2024,2,2024-01-07,2024-01-13,클라미디아균,3.0,38.095238095238095,105,1
2024,2,2024-01-07,2024-01-13,파라인플루엔자바이러스,38.0,27.61904761904762,105,1
2024,2,2024-01-07,2024-01-13,호흡기세포융합바이러스,467.0,91.42857142857143,105,3
2024,3,2024-01-14,2024-01-20,리노바이러스,223.0,47.61904761904761,105,1
2024,3,2024-01-14,2024-01-20,마이코플라즈마균,192.0,92.38095238095238,105,3
2024,3,2024-01-14,2024-01-20,사람메타뉴모바이러스,85.0,68.57142857142857,105,2
2024,3,2024-01-14,2024-01-20,사람보카바이러스,28.0,34.285714285714285,105,1
2024,3,2024-01-14,2024-01-20,사람코로나바이러스,210.0,96.19047619047619,105,4
2024,3,2024-01-14,2024-01-20,아데노바이러스,72.0,60.0,105,2
2024,3,2024-01-14,2024-01-20,인플루엔자바이러스,592.0,93.33333333333333,105,3
2024,3,2024-01-14,2024-01-20,코로나19,826.0,,,
2024,3,2024-01-14,2024-01-20,클라미디아균,4.0,46.666666666666664,105,1
2024,3,2024-01-14,2024-01-20,파라인플루엔자바이러스,46.0,34.285714285714285,105,1
2024,3,2024-01-14,2024-01-20,호흡기세포융합바이러스,521.0,94.28571428571428,105,3
2024,4,2024-01-21,2024-01-27,리노바이러스,239.0,52.38095238095239,105,1
2024,4,2024-01-21,2024-01-27,마이코플라즈마균,159.0,91.42857142857143,105,3
2024,4,2024-01-21,2024-01-27,사람메타뉴모바이러스,92.0,69.52380952380952,105,2
2024,4,2024-01-21,2024-01-27,사람보카바이러스,24.0,26.666666666666668,105,1
2024,4,2024-01-21,2024-01-27,사람코로나바이러스,197.0,94.28571428571428,105,3
2024,4,2024-01-21,2024-01-27,아데노바이러스,59.0,56.19047619047619,105,1
2024,4,2024-01-21,2024-01-27,인플루엔자바이러스,427.0,90.47619047619048,105,3
2024,4,2024-01-21,2024-01-27,코로나19,846.0,,,
2024,4,2024-01-21,2024-01-27,클라미디아균,3.0,38.095238095238095,105,1
2024,4,2024-01-21,2024-01-27,파라인플루엔자바이러스,42.0,32.38095238095238,105,1
2024,4,2024-01-21,2024-01-27,호흡기세포융합바이러스,531.0,95.23809523809523,105,4
2024,5,2024-01-28,2024-02-03,리노바이러스,231.0,51.42857142857142,105,1
2024,5,2024-01-28,2024-02-03,마이코플라즈마균,157.0,91.42857142857143,105,3
2024,5,2024-01-28,2024-02-03,사람메타뉴모바이러스,102.0,70.47619047619048,105,2
2024,5,2024-01-28,2024-02-03,사람보카바이러스,13.0,12.380952380952381,105,1
2024,5,2024-01-28,2024-02-03,사람코로나바이러스,212.0,96.19047619047619,105,4
2024,5,2024-01-28,2024-02-03,아데노바이러스,54.0,55.23809523809524,105,1
2024,5,2024-01-28,2024-02-03,인플루엔자바이러스,412.0,90.47619047619048,105,3
2024,5,2024-01-28,2024-02-03,코로나19,879.0,,,
2024,5,2024-01-28,2024-02-03,클라미디아균,5.0,58.0952380952381,105,1
2024,5,2024-01-28,2024-02-03,파라인플루엔자바이러스,37.0,27.61904761904762,105,1
2024,5,2024-01-28,2024-02-03,호흡기세포융합바이러스,520.0,94.28571428571428,105,3
2024,6,2024-02-04,2024-02-10,리노바이러스,183.0,38.095238095238095,105,1
2024,6,2024-02-04,2024-02-10,마이코플라즈마균,123.0,90.47619047619048,105,3
2024,6,2024-02-04,2024-02-10,사람메타뉴모바이러스,94.0,69.52380952380952,105,2
2024,6,2024-02-04,2024-02-10,사람보카바이러스,17.0,13.333333333333334,105,1
2024,6,2024-02-04,2024-02-10,사람코로나바이러스,194.0,94.28571428571428,105,3
2024,6,2024-02-04,2024-02-10,아데노바이러스,58.0,56.19047619047619,105,1
2024,6,2024-02-04,2024-02-10,인플루엔자바이러스,264.0,83.80952380952381,105,2
2024,6,2024-02-04,2024-02-10,코로나19,794.0,,,
2024,6,2024-02-04,2024-02-10,클라미디아균,5.0,58.0952380952381,105,1
2024,6,2024-02-04,2024-02-10,파라인플루엔자바이러스,22.0,18.095238095238095,105,1
2024,6,2024-02-04,2024-02-10,호흡기세포융합바이러스,382.0,85.71428571428571,105,2
2024,7,2024-02-11,2024-02-17,리노바이러스,219.0,47.61904761904761,105,1
2024,7,2024-02-11,2024-02-17,마이코플라즈마균,139.0,91.42857142857143,105,3
2024,7,2024-02-11,2024-02-17,사람메타뉴모바이러스,95.0,69.52380952380952,105,2
2024,7,2024-02-11,2024-02-17,사람보카바이러스,18.0,13.333333333333334,105,1
2024,7,2024-02-11,2024-02-17,사람코로나바이러스,194.0,94.28571428571428,105,3
2024,7,2024-02-11,2024-02-17,아데노바이러스,53.0,54.285714285714285,105,1
2024,7,2024-02-11,2024-02-17,인플루엔자바이러스,226.0,80.95238095238095,105,2
2024,7,2024-02-11,2024-02-17,코로나19,814.0,,,
2024,7,2024-02-11,2024-02-17,클라미디아균,1.0,8.571428571428571,105,1
2024,7,2024-02-11,2024-02-17,파라인플루엔자바이러스,34.0,25.71428571428571,105,1
2024,7,2024-02-11,2024-02-17,호흡기세포융합바이러스,466.0,91.42857142857143,105,3
2024,8,2024-02-18,2024-02-24,리노바이러스,188.0,40.0,105,1
2024,8,2024-02-18,2024-02-24,마이코플라즈마균,99.0,87.61904761904762,105,2
2024,8,2024-02-18,2024-02-24,사람메타뉴모바이러스,71.0,67.61904761904762,105,2
2024,8,2024-02-18,2024-02-24,사람보카바이러스,16.0,13.333333333333334,105,1
2024,8,2024-02-18,2024-02-24,사람코로나바이러스,117.0,76.19047619047619,105,2
2024,8,2024-02-18,2024-02-24,아데노바이러스,38.0,35.23809523809524,105,1
2024,8,2024-02-18,2024-02-24,인플루엔자바이러스,122.0,60.952380952380956,105,2
2024,8,2024-02-18,2024-02-24,코로나19,650.0,,,
2024,8,2024-02-18,2024-02-24,클라미디아균,4.0,46.666666666666664,105,1
2024,8,2024-02-18,2024-02-24,파라인플루엔자바이러스,19.0,16.19047619047619,105,1
2024,8,2024-02-18,2024-02-24,호흡기세포융합바이러스,349.0,82.85714285714286,105,2
2024,9,2024-02-25,2024-03-02,리노바이러스,149.0,21.904761904761905,105,1
2024,9,2024-02-25,2024-03-02,마이코플라즈마균,77.0,85.71428571428571,105,2
2024,9,2024-02-25,2024-03-02,사람메타뉴모바이러스,70.0,67.61904761904762,105,2
2024,9,2024-02-25,2024-03-02,사람보카바이러스,16.0,13.333333333333334,105,1
2024,9,2024-02-25,2024-03-02,사람코로나바이러스,79.0,72.38095238095238,105,2
2024,9,2024-02-25,2024-03-02,아데노바이러스,35.0,31.428571428571427,105,1
2024,9,2024-02-25,2024-03-02,인플루엔자바이러스,62.0,42.857142857142854,105,1
2024,9,2024-02-25,2024-03-02,코로나19,490.0,,,
2024,9,2024-02-25,2024-03-02,클라미디아균,2.0,22.857142857142858,105,1
2024,9,2024-02-25,2024-03-02,파라인플루엔자바이러스,27.0,19.047619047619047,105,1
2024,9,2024-02-25,2024-03-02,호흡기세포융합바이러스,210.0,65.71428571428571,105,2
2024,10,2024-03-03,2024-03-09,리노바이러스,175.0,34.285714285714285,105,1
2024,10,2024-03-03,2024-03-09,마이코플라즈마균,94.0,87.61904761904762,105,2
2024,10,2024-03-03,2024-03-09,사람메타뉴모바이러스,67.0,65.71428571428571,105,2
2024,10,2024-03-03,2024-03-09,사람보카바이러스,16.0,13.333333333333334,105,1
2024,10,2024-03-03,2024-03-09,사람코로나바이러스,81.0,72.38095238095238,105,2
2024,10,2024-03-03,2024-03-09,아데노바이러스,37.0,33.33333333333333,105,1
2024,10,2024-03-03,2024-03-09,인플루엔자바이러스,57.0,42.857142857142854,105,1
2024,10,2024-03-03,2024-03-09,코로나19,515.0,,,
2024,10,2024-03-03,2024-03-09,클라미디아균,0.0,0.0,105,1
2024,10,2024-03-03,2024-03-09,파라인플루엔자바이러스,33.0,22.857142857142858,105,1
2024,10,2024-03-03,2024-03-09,호흡기세포융합바이러스,244.0,67.61904761904762,105,2
2024,11,2024-03-10,2024-03-16,리노바이러스,237.0,52.38095238095239,105,1
2024,11,2024-03-10,2024-03-16,마이코플라즈마균,104.0,88.57142857142857,105,2
2024,11,2024-03-10,2024-03-16,사람메타뉴모바이러스,94.0,69.52380952380952,105,2
2024,11,2024-03-10,2024-03-16,사람보카바이러스,16.0,13.333333333333334,105,1
2024,11,2024-03-10,2024-03-16,사람코로나바이러스,68.0,71.42857142857143,105,2
2024,11,2024-03-10,2024-03-16,아데노바이러스,41.0,40.0,105,1
2024,11,2024-03-10,2024-03-16,인플루엔자바이러스,56.0,42.857142857142854,105,1
2024,11,2024-03-10,2024-03-16,코로나19,481.0,,,
2024,11,2024-03-10,2024-03-16,클라미디아균,3.0,38.095238095238095,105,1
2024,11,2024-03-10,2024-03-16,파라인플루엔자바이러스,38.0,27.61904761904762,105,1
2024,11,2024-03-10,2024-03-16,호흡기세포융합바이러스,225.0,67.61904761904762,105,2
2024,12,2024-03-17,2024-03-23,리노바이러스,305.0,65.71428571428571,105,2
2024,12,2024-03-17,2024-03-23,마이코플라즈마균,96.0,87.61904761904762,105,2
2024,12,2024-03-17,2024-03-23,사람메타뉴모바이러스,121.0,73.33333333333333,105,2
2024,12,2024-03-17,2024-03-23,사람보카바이러스,33.0,40.95238095238095,105,1
2024,12,2024-03-17,2024-03-23,사람코로나바이러스,93.0,74.28571428571429,105,2
2024,12,2024-03-17,2024-03-23,아데노바이러스,35.0,31.428571428571427,105,1
2024,12,2024-03-17,2024-03-23,인플루엔자바이러스,44.0,41.904761904761905,105,1
2024,12,2024-03-17,2024-03-23,코로나19,449.0,,,
2024,12,2024-03-17,2024-03-23,클라미디아균,2.0,22.857142857142858,105,1
2024,12,2024-03-17,2024-03-23,파라인플루엔자바이러스,57.0,40.95238095238095,105,1
2024,12,2024-03-17,2024-03-23,호흡기세포융합바이러스,207.0,65.71428571428571,105,2
2024,13,2024-03-24,2024-03-30,리노바이러스,422.0,84.76190476190476,105,2
2024,13,2024-03-24,2024-03-30,마이코플라즈마균,92.0,87.61904761904762,105,2
2024,13,2024-03-24,2024-03-30,사람메타뉴모바이러스,143.0,78.0952380952381,105,2
2024,13,2024-03-24,2024-03-30,사람보카바이러스,39.0,48.57142857142857,105,1
2024,13,2024-03-24,2024-03-30,사람코로나바이러스,77.0,72.38095238095238,105,2
2024,13,2024-03-24,2024-03-30,아데노바이러스,57.0,56.19047619047619,105,1
2024,13,2024-03-24,2024-03-30,인플루엔자바이러스,64.0,43.80952380952381,105,1
2024,13,2024-03-24,2024-03-30,코로나19,397.0,,,
2024,13,2024-03-24,2024-03-30,클라미디아균,4.0,46.666666666666664,105,1
2024,13,2024-03-24,2024-03-30,파라인플루엔자바이러스,87.0,51.42857142857142,105,1
2024,13,2024-03-24,2024-03-30,호흡기세포융합바이러스,195.0,63.8095238095238,105,2
2024,14,2024-03-31,2024-04-06,리노바이러스,411.0,82.85714285714286,105,2
2024,14,2024-03-31,2024-04-06,마이코플라즈마균,101.0,87.61904761904762,105,2
2024,14,2024-03-31,2024-04-06,사람메타뉴모바이러스,200.0,82.85714285714286,105,2
2024,14,2024-03-31,2024-04-06,사람보카바이러스,39.0,48.57142857142857,105,1
2024,14,2024-03-31,2024-04-06,사람코로나바이러스,85.0,72.38095238095238,105,2
2024,14,2024-03-31,2024-04-06,아데노바이러스,74.0,60.0,105,2
2024,14,2024-03-31,2024-04-06,인플루엔자바이러스,74.0,50.476190476190474,105,1
2024,14,2024-03-31,2024-04-06,코로나19,365.0,,,
2024,14,2024-03-31,2024-04-06,클라미디아균,4.0,46.666666666666664,105,1
2024,14,2024-03-31,2024-04-06,파라인플루엔자바이러스,130.0,62.857142857142854,105,2
2024,14,2024-03-31,2024-04-06,호흡기세포융합바이러스,187.0,60.952380952380956,105,2
2024,15,2024-04-07,2024-04-13,리노바이러스,424.0,84.76190476190476,105,2
2024,15,2024-04-07,2024-04-13,마이코플라즈마균,109.0,89.52380952380953,105,2
2024,15,2024-04-07,2024-04-13,사람메타뉴모바이러스,175.0,79.04761904761905,105,2
2024,15,2024-04-07,2024-04-13,사람보카바이러스,48.0,56.19047619047619,105,1
2024,15,2024-04-07,2024-04-13,사람코로나바이러스,72.0,71.42857142857143,105,2
2024,15,2024-04-07,2024-04-13,아데노바이러스,69.0,60.0,105,2
2024,15,2024-04-07,2024-04-13,인플루엔자바이러스,60.0,42.857142857142854,105,1
2024,15,2024-04-07,2024-04-13,코로나19,332.0,,,
2024,15,2024-04-07,2024-04-13,클라미디아균,2.0,22.857142857142858,105,1
2024,15,2024-04-07,2024-04-13,파라인플루엔자바이러스,181.0,72.38095238095238,105,2
2024,15,2024-04-07,2024-04-13,호흡기세포융합바이러스,148.0,55.23809523809524,105,1
2024,16,2024-04-14,2024-04-20,리노바이러스,411.0,82.85714285714286,105,2
2024,16,2024-04-14,2024-04-20,마이코플라즈마균,122.0,89.52380952380953,105,2
2024,16,2024-04-14,2024-04-20,사람메타뉴모바이러스,189.0,81.9047619047619,105,2
2024,16,2024-04-14,2024-04-20,사람보카바이러스,53.0,57.14285714285714,105,1
2024,16,2024-04-14,2024-04-20,사람코로나바이러스,65.0,70.47619047619048,105,2
2024,16,2024-04-14,2024-04-20,아데노바이러스,94.0,61.904761904761905,105,2
2024,16,2024-04-14,2024-04-20,인플루엔자바이러스,55.0,42.857142857142854,105,1
2024,16,2024-04-14,2024-04-20,코로나19,267.0,,,
2024,16,2024-04-14,2024-04-20,클라미디아균,5.0,58.0952380952381,105,1
2024,16,2024-04-14,2024-04-20,파라인플루엔자바이러스,245.0,78.0952380952381,105,2
2024,16,2024-04-14,2024-04-20,호흡기세포융합바이러스,100.0,36.19047619047619,105,1
2024,17,2024-04-21,2024-04-27,리노바이러스,468.0,88.57142857142857,105,2
2024,17,2024-04-21,2024-04-27,마이코플라즈마균,181.0,92.38095238095238,105,3
2024,17,2024-04-21,2024-04-27,사람메타뉴모바이러스,205.0,82.85714285714286,105,2
2024,17,2024-04-21,2024-04-27,사람보카바이러스,77.0,67.61904761904762,105,2
2024,17,2024-04-21,2024-04-27,사람코로나바이러스,59.0,69.52380952380952,105,2
2024,17,2024-04-21,2024-04-27,아데노바이러스,75.0,60.0,105,2
2024,17,2024-04-21,2024-04-27,인플루엔자바이러스,38.0,40.95238095238095,105,1
2024,17,2024-04-21,2024-04-27,코로나19,213.0,,,
2024,17,2024-04-21,2024-04-27,클라미디아균,8.0,84.76190476190476,105,2
2024,17,2024-04-21,2024-04-27,파라인플루엔자바이러스,323.0,87.61904761904762,105,2
2024,17,2024-04-21,2024-04-27,호흡기세포융합바이러스,88.0,28.57142857142857,105,1
2024,18,2024-04-28,2024-05-04,리노바이러스,467.0,88.57142857142857,105,2
2024,18,2024-04-28,2024-05-04,마이코플라즈마균,160.0,91.42857142857143,105,3
2024,18,2024-04-28,2024-05-04,사람메타뉴모바이러스,198.0,82.85714285714286,105,2
2024,18,2024-04-28,2024-05-04,사람보카바이러스,80.0,69.52380952380952,105,2
2024,18,2024-04-28,2024-05-04,사람코로나바이러스,45.0,65.71428571428571,105,2
2024,18,2024-04-28,2024-05-04,아데노바이러스,91.0,60.952380952380956,105,2
2024,18,2024-04-28,2024-05-04,인플루엔자바이러스,31.0,40.95238095238095,105,1
2024,18,2024-04-28,2024-05-04,코로나19,119.0,,,
2024,18,2024-04-28,2024-05-04,클라미디아균,6.0,73.33333333333333,105,2
2024,18,2024-04-28,2024-05-04,파라인플루엔자바이러스,327.0,87.61904761904762,105,2
2024,18,2024-04-28,2024-05-04,호흡기세포융합바이러스,74.0,23.809523809523807,105,1
2024,19,2024-05-05,2024-05-11,리노바이러스,407.0,82.85714285714286,105,2
2024,19,2024-05-05,2024-05-11,마이코플라즈마균,206.0,93.33333333333333,105,3
2024,19,2024-05-05,2024-05-11,사람메타뉴모바이러스,165.0,79.04761904761905,105,2
2024,19,2024-05-05,2024-05-11,사람보카바이러스,79.0,69.52380952380952,105,2
2024,19,2024-05-05,2024-05-11,사람코로나바이러스,46.0,65.71428571428571,105,2
2024,19,2024-05-05,2024-05-11,아데노바이러스,81.0,60.0,105,2
2024,19,2024-05-05,2024-05-11,인플루엔자바이러스,12.0,30.476190476190478,105,1
2024,19,2024-05-05,2024-05-11,코로나19,72.0,,,
2024,19,2024-05-05,2024-05-11,클라미디아균,8.0,84.76190476190476,105,2
2024,19,2024-05-05,2024-05-11,파라인플루엔자바이러스,347.0,87.61904761904762,105,2
2024,19,2024-05-05,2024-05-11,호흡기세포융합바이러스,46.0,17.142857142857142,105,1
2024,20,2024-05-12,2024-05-18,리노바이러스,448.0,87.61904761904762,105,2
2024,20,2024-05-12,2024-05-18,마이코플라즈마균,249.0,97.14285714285714,105,4
2024,20,2024-05-12,2024-05-18,사람메타뉴모바이러스,166.0,79.04761904761905,105,2
2024,20,2024-05-12,2024-05-18,사람보카바이러스,103.0,76.19047619047619,105,2
2024,20,2024-05-12,2024-05-18,사람코로나바이러스,39.0,61.904761904761905,105,2
2024,20,2024-05-12,2024-05-18,아데노바이러스,86.0,60.952380952380956,105,2
2024,20,2024-05-12,2024-05-18,인플루엔자바이러스,18.0,35.23809523809524,105,1
2024,20,2024-05-12,2024-05-18,코로나19,79.0,,,
2024,20,2024-05-12,2024-05-18,클라미디아균,4.0,46.666666666666664,105,1
2024,20,2024-05-12,2024-05-18,파라인플루엔자바이러스,360.0,88.57142857142857,105,2
2024,20,2024-05-12,2024-05-18,호흡기세포융합바이러스,24.0,12.380952380952381,105,1
2024,21,2024-05-19,2024-05-25,리노바이러스,448.0,87.61904761904762,105,2
2024,21,2024-05-19,2024-05-25,마이코플라즈마균,285.0,99.04761904761905,105,4
2024,21,2024-05-19,2024-05-25,사람메타뉴모바이러스,155.0,78.0952380952381,105,2
2024,21,2024-05-19,2024-05-25,사람보카바이러스,104.0,76.19047619047619,105,2
2024,21,2024-05-19,2024-05-25,사람코로나바이러스,37.0,60.0,105,2
2024,21,2024-05-19,2024-05-25,아데노바이러스,77.0,60.0,105,2
2024,21,2024-05-19,2024-05-25,인플루엔자바이러스,19.0,36.19047619047619,105,1
2024,21,2024-05-19,2024-05-25,코로나19,77.0,,,
2024,21,2024-05-19,2024-05-25,클라미디아균,5.0,58.0952380952381,105,1
2024,21,2024-05-19,2024-05-25,파라인플루엔자바이러스,424.0,95.23809523809523,105,4
2024,21,2024-05-19,2024-05-25,호흡기세포융합바이러스,31.0,16.19047619047619,105,1
2024,22,2024-05-26,2024-06-01,리노바이러스,419.0,84.76190476190476,105,2
2024,22,2024-05-26,2024-06-01,마이코플라즈마균,351.0,100.0,105,4
2024,22,2024-05-26,2024-06-01,사람메타뉴모바이러스,147.0,78.0952380952381,105,2
2024,22,2024-05-26,2024-06-01,사람보카바이러스,146.0,94.28571428571428,105,3
2024,22,2024-05-26,2024-06-01,사람코로나바이러스,32.0,57.14285714285714,105,1
2024,22,2024-05-26,2024-06-01,아데노바이러스,66.0,59.04761904761905,105,1
2024,22,2024-05-26,2024-06-01,인플루엔자바이러스,21.0,37.142857142857146,105,1
2024,22,2024-05-26,2024-06-01,코로나19,68.0,,,
2024,22,2024-05-26,2024-06-01,클라미디아균,4.0,46.666666666666664,105,1
2024,22,2024-05-26,2024-06-01,파라인플루엔자바이러스,431.0,95.23809523809523,105,4
2024,22,2024-05-26,2024-06-01,호흡기세포융합바이러스,24.0,12.380952380952381,105,1
2024,23,2024-06-02,2024-06-08,리노바이러스,363.0,74.28571428571429,105,2
2024,23,2024-06-02,2024-06-08,마이코플라즈마균,319.0,100.0,105,4
2024,23,2024-06-02,2024-06-08,사람메타뉴모바이러스,111.0,72.38095238095238,105,2
2024,23,2024-06-02,2024-06-08,사람보카바이러스,110.0,76.19047619047619,105,2
2024,23,2024-06-02,2024-06-08,사람코로나바이러스,34.0,58.0952380952381,105,1
2024,23,2024-06-02,2024-06-08,아데노바이러스,93.0,61.904761904761905,105,2
2024,23,2024-06-02,2024-06-08,인플루엔자바이러스,22.0,37.142857142857146,105,1
2024,23,2024-06-02,2024-06-08,코로나19,81.0,,,
2024,23,2024-06-02,2024-06-08,클라미디아균,7.0,81.9047619047619,105,2
2024,23,2024-06-02,2024-06-08,파라인플루엔자바이러스,357.0,87.61904761904762,105,2
2024,23,2024-06-02,2024-06-08,호흡기세포융합바이러스,24.0,12.380952380952381,105,1
2024,24,2024-06-09,2024-06-15,리노바이러스,381.0,79.04761904761905,105,2
2024,24,2024-06-09,2024-06-15,마이코플라즈마균,483.0,100.0,105,4
2024,24,2024-06-09,2024-06-15,사람메타뉴모바이러스,84.0,68.57142857142857,105,2
2024,24,2024-06-09,2024-06-15,사람보카바이러스,111.0,78.0952380952381,105,2
2024,24,2024-06-09,2024-06-15,사람코로나바이러스,30.0,56.19047619047619,105,1
2024,24,2024-06-09,2024-06-15,아데노바이러스,76.0,60.0,105,2
2024,24,2024-06-09,2024-06-15,인플루엔자바이러스,12.0,30.476190476190478,105,1
2024,24,2024-06-09,2024-06-15,코로나19,61.0,,,
2024,24,2024-06-09,2024-06-15,클라미디아균,5.0,58.0952380952381,105,1
2024,24,2024-06-09,2024-06-15,파라인플루엔자바이러스,371.0,90.47619047619048,105,3
2024,24,2024-06-09,2024-06-15,호흡기세포융합바이러스,21.0,10.476190476190476,105,1
2024,25,2024-06-16,2024-06-22,리노바이러스,296.0,65.71428571428571,105,2
2024,25,2024-06-16,2024-06-22,마이코플라즈마균,478.0,100.0,105,4
2024,25,2024-06-16,2024-06-22,사람메타뉴모바이러스,79.0,68.57142857142857,105,2
2024,25,2024-06-16,2024-06-22,사람보카바이러스,90.0,72.38095238095238,105,2
2024,25,2024-06-16,2024-06-22,사람코로나바이러스,27.0,52.38095238095239,105,1
2024,25,2024-06-16,2024-06-22,아데노바이러스,51.0,50.476190476190474,105,1
2024,25,2024-06-16,2024-06-22,인플루엔자바이러스,8.0,26.666666666666668,105,1
2024,25,2024-06-16,2024-06-22,코로나19,70.0,,,
2024,25,2024-06-16,2024-06-22,클라미디아균,4.0,46.666666666666664,105,1
2024,25,2024-06-16,2024-06-22,파라인플루엔자바이러스,312.0,86.66666666666667,105,2
2024,25,2024-06-16,2024-06-22,호흡기세포융합바이러스,18.0,8.571428571428571,105,1
2024,26,2024-06-23,2024-06-29,리노바이러스,332.0,70.47619047619048,105,2
2024,26,2024-06-23,2024-06-29,마이코플라즈마균,634.0,100.0,105,4
2024,26,2024-06-23,2024-06-29,사람메타뉴모바이러스,49.0,56.19047619047619,105,1
2024,26,2024-06-23,2024-06-29,사람보카바이러스,108.0,76.19047619047619,105,2
2024,26,2024-06-23,2024-06-29,사람코로나바이러스,14.0,14.285714285714285,105,1
2024,26,2024-06-23,2024-06-29,아데노바이러스,70.0,60.0,105,2
2024,26,2024-06-23,2024-06-29,인플루엔자바이러스,13.0,31.428571428571427,105,1
2024,26,2024-06-23,2024-06-29,코로나19,61.0,,,
2024,26,2024-06-23,2024-06-29,클라미디아균,9.0,90.47619047619048,105,3
2024,26,2024-06-23,2024-06-29,파라인플루엔자바이러스,331.0,87.61904761904762,105,2
2024,26,2024-06-23,2024-06-29,호흡기세포융합바이러스,20.0,9.523809523809524,105,1
2024,27,2024-06-30,2024-07-06,리노바이러스,346.0,73.33333333333333,105,2
2024,27,2024-06-30,2024-07-06,마이코플라즈마균,562.0,100.0,105,4
2024,27,2024-06-30,2024-07-06,사람메타뉴모바이러스,50.0,57.14285714285714,105,1
2024,27,2024-06-30,2024-07-06,사람보카바이러스,78.0,68.57142857142857,105,2
2024,27,2024-06-30,2024-07-06,사람코로나바이러스,18.0,24.761904761904763,105,1
2024,27,2024-06-30,2024-07-06,아데노바이러스,68.0,59.04761904761905,105,1
2024,27,2024-06-30,2024-07-06,인플루엔자바이러스,22.0,37.142857142857146,105,1
2024,27,2024-06-30,2024-07-06,코로나19,90.0,,,
2024,27,2024-06-30,2024-07-06,클라미디아균,2.0,22.857142857142858,105,1
2024,27,2024-06-30,2024-07-06,파라인플루엔자바이러스,324.0,87.61904761904762,105,2
2024,27,2024-06-30,2024-07-06,호흡기세포융합바이러스,9.0,2.857142857142857,105,1
2024,28,2024-07-07,2024-07-13,리노바이러스,397.0,81.9047619047619,105,2
2024,28,2024-07-07,2024-07-13,마이코플라즈마균,560.0,100.0,105,4
2024,28,2024-07-07,2024-07-13,사람메타뉴모바이러스,57.0,60.952380952380956,105,2
2024,28,2024-07-07,2024-07-13,사람보카바이러스,65.0,60.0,105,2
2024,28,2024-07-07,2024-07-13,사람코로나바이러스,13.0,13.333333333333334,105,1
2024,28,2024-07-07,2024-07-13,아데노바이러스,78.0,60.0,105,2
2024,28,2024-07-07,2024-07-13,인플루엔자바이러스,27.0,39.04761904761905,105,1
2024,28,2024-07-07,2024-07-13,코로나19,144.0,,,
2024,28,2024-07-07,2024-07-13,클라미디아균,7.0,81.9047619047619,105,2
2024,28,2024-07-07,2024-07-13,파라인플루엔자바이러스,379.0,90.47619047619048,105,3
2024,28,2024-07-07,2024-07-13,호흡기세포융합바이러스,11.0,2.857142857142857,105,1
2024,29,2024-07-14,2024-07-20,리노바이러스,426.0,85.71428571428571,105,2
2024,29,2024-07-14,2024-07-20,마이코플라즈마균,729.0,100.0,105,4
2024,29,2024-07-14,2024-07-20,사람메타뉴모바이러스,47.0,55.23809523809524,105,1
2024,29,2024-07-14,2024-07-20,사람보카바이러스,65.0,60.0,105,2
2024,29,2024-07-14,2024-07-20,사람코로나바이러스,15.0,18.095238095238095,105,1
2024,29,2024-07-14,2024-07-20,아데노바이러스,56.0,55.23809523809524,105,1
2024,29,2024-07-14,2024-07-20,인플루엔자바이러스,30.0,40.0,105,1
2024,29,2024-07-14,2024-07-20,코로나19,223.0,,,
2024,29,2024-07-14,2024-07-20,클라미디아균,3.0,38.095238095238095,105,1
2024,29,2024-07-14,2024-07-20,파라인플루엔자바이러스,357.0,87.61904761904762,105,2
2024,29,2024-07-14,2024-07-20,호흡기세포융합바이러스,9.0,2.857142857142857,105,1
2024,30,2024-07-21,2024-07-27,리노바이러스,413.0,82.85714285714286,105,2
2024,30,2024-07-21,2024-07-27,마이코플라즈마균,866.0,100.0,105,4
2024,30,2024-07-21,2024-07-27,사람메타뉴모바이러스,53.0,60.0,105,2
2024,30,2024-07-21,2024-07-27,사람보카바이러스,41.0,50.476190476190474,105,1
2024,30,2024-07-21,2024-07-27,사람코로나바이러스,20.0,32.38095238095238,105,1
2024,30,2024-07-21,2024-07-27,아데노바이러스,48.0,46.666666666666664,105,1
2024,30,2024-07-21,2024-07-27,인플루엔자바이러스,29.0,40.0,105,1
2024,30,2024-07-21,2024-07-27,코로나19,456.0,,,
2024,30,2024-07-21,2024-07-27,클라미디아균,4.0,46.666666666666664,105,1
2024,30,2024-07-21,2024-07-27,파라인플루엔자바이러스,366.0,90.47619047619048,105,3
2024,30,2024-07-21,2024-07-27,호흡기세포융합바이러스,17.0,7.6190476190476195,105,1
2024,31,2024-07-28,2024-08-03,리노바이러스,359.0,74.28571428571429,105,2
2024,31,2024-07-28,2024-08-03,마이코플라즈마균,892.0,100.0,105,4
2024,31,2024-07-28,2024-08-03,사람메타뉴모바이러스,44.0,52.38095238095239,105,1
2024,31,2024-07-28,2024-08-03,사람보카바이러스,36.0,41.904761904761905,105,1
2024,31,2024-07-28,2024-08-03,사람코로나바이러스,50.0,67.61904761904762,105,2
2024,31,2024-07-28,2024-08-03,아데노바이러스,52.0,53.333333333333336,105,1
2024,31,2024-07-28,2024-08-03,인플루엔자바이러스,34.0,40.95238095238095,105,1
2024,31,2024-07-28,2024-08-03,코로나19,864.0,,,
2024,31,2024-07-28,2024-08-03,클라미디아균,4.0,46.666666666666664,105,1
2024,31,2024-07-28,2024-08-03,파라인플루엔자바이러스,248.0,78.0952380952381,105,2
2024,31,2024-07-28,2024-08-03,호흡기세포융합바이러스,21.0,10.476190476190476,105,1
2024,32,2024-08-04,2024-08-10,리노바이러스,289.0,63.8095238095238,105,2
2024,32,2024-08-04,2024-08-10,마이코플라즈마균,1116.0,100.0,105,4
2024,32,2024-08-04,2024-08-10,사람메타뉴모바이러스,33.0,41.904761904761905,105,1
2024,32,2024-08-04,2024-08-10,사람보카바이러스,38.0,48.57142857142857,105,1
2024,32,2024-08-04,2024-08-10,사람코로나바이러스,16.0,19.047619047619047,105,1
2024,32,2024-08-04,2024-08-10,아데노바이러스,49.0,48.57142857142857,105,1
2024,32,2024-08-04,2024-08-10,인플루엔자바이러스,37.0,40.95238095238095,105,1
2024,32,2024-08-04,2024-08-10,코로나19,1362.0,,,
2024,32,2024-08-04,2024-08-10,클라미디아균,4.0,46.666666666666664,105,1
2024,32,2024-08-04,2024-08-10,파라인플루엔자바이러스,231.0,76.19047619047619,105,2
2024,32,2024-08-04,2024-08-10,호흡기세포융합바이러스,21.0,10.476190476190476,105,1
2024,33,2024-08-11,2024-08-17,리노바이러스,279.0,61.904761904761905,105,2
2024,33,2024-08-11,2024-08-17,마이코플라즈마균,1179.0,100.0,105,4
2024,33,2024-08-11,2024-08-17,사람메타뉴모바이러스,33.0,41.904761904761905,105,1
2024,33,2024-08-11,2024-08-17,사람보카바이러스,38.0,48.57142857142857,105,1
2024,33,2024-08-11,2024-08-17,사람코로나바이러스,13.0,13.333333333333334,105,1
2024,33,2024-08-11,2024-08-17,아데노바이러스,46.0,45.714285714285715,105,1
2024,33,2024-08-11,2024-08-17,인플루엔자바이러스,11.0,28.57142857142857,105,1
2024,33,2024-08-11,2024-08-17,코로나19,1441.0,,,
2024,33,2024-08-11,2024-08-17,클라미디아균,2.0,22.857142857142858,105,1
2024,33,2024-08-11,2024-08-17,파라인플루엔자바이러스,170.0,69.52380952380952,105,2
2024,33,2024-08-11,2024-08-17,호흡기세포융합바이러스,23.0,11.428571428571429,105,1
2024,34,2024-08-18,2024-08-24,리노바이러스,275.0,60.952380952380956,105,2
2024,34,2024-08-18,2024-08-24,마이코플라즈마균,1115.0,100.0,105,4
2024,34,2024-08-18,2024-08-24,사람메타뉴모바이러스,22.0,31.428571428571427,105,1
2024,34,2024-08-18,2024-08-24,사람보카바이러스,24.0,26.666666666666668,105,1
2024,34,2024-08-18,2024-08-24,사람코로나바이러스,15.0,18.095238095238095,105,1
2024,34,2024-08-18,2024-08-24,아데노바이러스,49.0,48.57142857142857,105,1
2024,34,2024-08-18,2024-08-24,인플루엔자바이러스,22.0,37.142857142857146,105,1
2024,34,2024-08-18,2024-08-24,코로나19,1173.0,,,
2024,34,2024-08-18,2024-08-24,클라미디아균,4.0,46.666666666666664,105,1
2024,34,2024-08-18,2024-08-24,파라인플루엔자바이러스,140.0,65.71428571428571,105,2
2024,34,2024-08-18,2024-08-24,호흡기세포융합바이러스,19.0,8.571428571428571,105,1
2024,35,2024-08-25,2024-08-31,리노바이러스,297.0,65.71428571428571,105,2
2024,35,2024-08-25,2024-08-31,마이코플라즈마균,1092.0,100.0,105,4
2024,35,2024-08-25,2024-08-31,사람메타뉴모바이러스,27.0,34.285714285714285,105,1
2024,35,2024-08-25,2024-08-31,사람보카바이러스,42.0,51.42857142857142,105,1
2024,35,2024-08-25,2024-08-31,사람코로나바이러스,14.0,14.285714285714285,105,1
2024,35,2024-08-25,2024-08-31,아데노바이러스,47.0,45.714285714285715,105,1
2024,35,2024-08-25,2024-08-31,인플루엔자바이러스,17.0,34.285714285714285,105,1
2024,35,2024-08-25,2024-08-31,코로나19,837.0,,,
2024,35,2024-08-25,2024-08-31,클라미디아균,5.0,58.0952380952381,105,1
2024,35,2024-08-25,2024-08-31,파라인플루엔자바이러스,125.0,60.0,105,2
2024,35,2024-08-25,2024-08-31,호흡기세포융합바이러스,19.0,8.571428571428571,105,1
2024,36,2024-09-01,2024-09-07,리노바이러스,318.0,66.66666666666666,105,2
2024,36,2024-09-01,2024-09-07,마이코플라즈마균,1068.0,100.0,105,4
2024,36,2024-09-01,2024-09-07,사람메타뉴모바이러스,22.0,31.428571428571427,105,1
2024,36,2024-09-01,2024-09-07,사람보카바이러스,35.0,40.95238095238095,105,1
2024,36,2024-09-01,2024-09-07,사람코로나바이러스,4.0,0.0,105,1
2024,36,2024-09-01,2024-09-07,아데노바이러스,54.0,55.23809523809524,105,1
2024,36,2024-09-01,2024-09-07,인플루엔자바이러스,8.0,26.666666666666668,105,1
2024,36,2024-09-01,2024-09-07,코로나19,550.0,,,
2024,36,2024-09-01,2024-09-07,클라미디아균,11.0,95.23809523809523,105,4
2024,36,2024-09-01,2024-09-07,파라인플루엔자바이러스,109.0,53.333333333333336,105,1
2024,36,2024-09-01,2024-09-07,호흡기세포융합바이러스,25.0,12.380952380952381,105,1
2024,37,2024-09-08,2024-09-14,리노바이러스,384.0,80.0,105,2
2024,37,2024-09-08,2024-09-14,마이코플라즈마균,1096.0,100.0,105,4
2024,37,2024-09-08,2024-09-14,사람메타뉴모바이러스,12.0,27.61904761904762,105,1
2024,37,2024-09-08,2024-09-14,사람보카바이러스,16.0,13.333333333333334,105,1
2024,37,2024-09-08,2024-09-14,사람코로나바이러스,9.0,4.761904761904762,105,1
2024,37,2024-09-08,2024-09-14,아데노바이러스,54.0,55.23809523809524,105,1
2024,37,2024-09-08,2024-09-14,인플루엔자바이러스,6.0,23.809523809523807,105,1
2024,37,2024-09-08,2024-09-14,코로나19,349.0,,,
2024,37,2024-09-08,2024-09-14,클라미디아균,11.0,95.23809523809523,105,4
2024,37,2024-09-08,2024-09-14,파라인플루엔자바이러스,71.0,47.61904761904761,105,1
2024,37,2024-09-08,2024-09-14,호흡기세포융합바이러스,41.0,16.19047619047619,105,1
2024,38,2024-09-15,2024-09-21,리노바이러스,292.0,63.8095238095238,105,2
2024,38,2024-09-15,2024-09-21,마이코플라즈마균,919.0,100.0,105,4
2024,38,2024-09-15,2024-09-21,사람메타뉴모바이러스,22.0,31.428571428571427,105,1
2024,38,2024-09-15,2024-09-21,사람보카바이러스,15.0,13.333333333333334,105,1
2024,38,2024-09-15,2024-09-21,사람코로나바이러스,6.0,0.9523809523809524,105,1
2024,38,2024-09-15,2024-09-21,아데노바이러스,51.0,50.476190476190474,105,1
2024,38,2024-09-15,2024-09-21,인플루엔자바이러스,6.0,23.809523809523807,105,1
2024,38,2024-09-15,2024-09-21,코로나19,213.0,,,
2024,38,2024-09-15,2024-09-21,클라미디아균,9.0,90.47619047619048,105,3
2024,38,2024-09-15,2024-09-21,파라인플루엔자바이러스,48.0,38.095238095238095,105,1
2024,38,2024-09-15,2024-09-21,호흡기세포융합바이러스,33.0,16.19047619047619,105,1
2024,39,2024-09-22,2024-09-28,리노바이러스,333.0,70.47619047619048,105,2
2024,39,2024-09-22,2024-09-28,마이코플라즈마균,1148.0,100.0,105,4
2024,39,2024-09-22,2024-09-28,사람메타뉴모바이러스,17.0,28.57142857142857,105,1
2024,39,2024-09-22,2024-09-28,사람보카바이러스,25.0,28.57142857142857,105,1
2024,39,2024-09-22,2024-09-28,사람코로나바이러스,18.0,24.761904761904763,105,1
2024,39,2024-09-22,2024-09-28,아데노바이러스,57.0,56.19047619047619,105,1
2024,39,2024-09-22,2024-09-28,인플루엔자바이러스,8.0,26.666666666666668,105,1
2024,39,2024-09-22,2024-09-28,코로나19,173.0,,,
2024,39,2024-09-22,2024-09-28,클라미디아균,6.0,73.33333333333333,105,2
2024,39,2024-09-22,2024-09-28,파라인플루엔자바이러스,72.0,47.61904761904761,105,1
2024,39,2024-09-22,2024-09-28,호흡기세포융합바이러스,49.0,18.095238095238095,105,1
2024,40,2024-09-29,2024-10-05,리노바이러스,301.0,65.71428571428571,105,2
2024,40,2024-09-29,2024-10-05,마이코플라즈마균,1034.0,100.0,105,4
2024,40,2024-09-29,2024-10-05,사람메타뉴모바이러스,17.0,28.57142857142857,105,1
2024,40,2024-09-29,2024-10-05,사람보카바이러스,21.0,19.047619047619047,105,1
2024,40,2024-09-29,2024-10-05,사람코로나바이러스,7.0,0.9523809523809524,105,1
2024,40,2024-09-29,2024-10-05,아데노바이러스,56.0,55.23809523809524,105,1
2024,40,2024-09-29,2024-10-05,인플루엔자바이러스,7.0,26.666666666666668,105,1
2024,40,2024-09-29,2024-10-05,코로나19,144.0,,,
2024,40,2024-09-29,2024-10-05,클라미디아균,3.0,38.095238095238095,105,1
2024,40,2024-09-29,2024-10-05,파라인플루엔자바이러스,52.0,39.04761904761905,105,1
2024,40,2024-09-29,2024-10-05,호흡기세포융합바이러스,48.0,18.095238095238095,105,1
2024,41,2024-10-06,2024-10-12,리노바이러스,374.0,78.0952380952381,105,2
2024,41,2024-10-06,2024-10-12,마이코플라즈마균,1021.0,100.0,105,4
2024,41,2024-10-06,2024-10-12,사람메타뉴모바이러스,12.0,27.61904761904762,105,1
2024,41,2024-10-06,2024-10-12,사람보카바이러스,20.0,18.095238095238095,105,1
2024,41,2024-10-06,2024-10-12,사람코로나바이러스,12.0,13.333333333333334,105,1
2024,41,2024-10-06,2024-10-12,아데노바이러스,75.0,60.0,105,2
2024,41,2024-10-06,2024-10-12,인플루엔자바이러스,8.0,26.666666666666668,105,1
2024,41,2024-10-06,2024-10-12,코로나19,115.0,,,
2024,41,2024-10-06,2024-10-12,클라미디아균,4.0,46.666666666666664,105,1
2024,41,2024-10-06,2024-10-12,파라인플루엔자바이러스,50.0,38.095238095238095,105,1
2024,41,2024-10-06,2024-10-12,호흡기세포융합바이러스,55.0,20.0,105,1
2024,42,2024-10-13,2024-10-19,리노바이러스,428.0,85.71428571428571,105,2
2024,42,2024-10-13,2024-10-19,마이코플라즈마균,993.0,100.0,105,4
2024,42,2024-10-13,2024-10-19,사람메타뉴모바이러스,17.0,28.57142857142857,105,1
2024,42,2024-10-13,2024-10-19,사람보카바이러스,16.0,13.333333333333334,105,1
2024,42,2024-10-13,2024-10-19,사람코로나바이러스,18.0,24.761904761904763,105,1
2024,42,2024-10-13,2024-10-19,아데노바이러스,58.0,56.19047619047619,105,1
2024,42,2024-10-13,2024-10-19,인플루엔자바이러스,17.0,34.285714285714285,105,1
2024,42,2024-10-13,2024-10-19,코로나19,106.0,,,
2024,42,2024-10-13,2024-10-19,클라미디아균,15.0,96.19047619047619,105,4
2024,42,2024-10-13,2024-10-19,파라인플루엔자바이러스,36.0,26.666666666666668,105,1
2024,42,2024-10-13,2024-10-19,호흡기세포융합바이러스,40.0,16.19047619047619,105,1
2024,43,2024-10-20,2024-10-26,리노바이러스,452.0,87.61904761904762,105,2
2024,43,2024-10-20,2024-10-26,마이코플라즈마균,814.0,100.0,105,4
2024,43,2024-10-20,2024-10-26,사람메타뉴모바이러스,16.0,28.57142857142857,105,1
2024,43,2024-10-20,2024-10-26,사람보카바이러스,24.0,26.666666666666668,105,1
2024,43,2024-10-20,2024-10-26,사람코로나바이러스,18.0,24.761904761904763,105,1
2024,43,2024-10-20,2024-10-26,아데노바이러스,61.0,56.19047619047619,105,1
2024,43,2024-10-20,2024-10-26,인플루엔자바이러스,13.0,31.428571428571427,105,1
2024,43,2024-10-20,2024-10-26,코로나19,78.0,,,
2024,43,2024-10-20,2024-10-26,클라미디아균,7.0,81.9047619047619,105,2
2024,43,2024-10-20,2024-10-26,파라인플루엔자바이러스,42.0,32.38095238095238,105,1
2024,43,2024-10-20,2024-10-26,호흡기세포융합바이러스,77.0,24.761904761904763,105,1
2024,44,2024-10-27,2024-11-02,리노바이러스,465.0,87.61904761904762,105,2
2024,44,2024-10-27,2024-11-02,마이코플라즈마균,799.0,100.0,105,4
2024,44,2024-10-27,2024-11-02,사람메타뉴모바이러스,21.0,31.428571428571427,105,1
2024,44,2024-10-27,2024-11-02,사람보카바이러스,15.0,13.333333333333334,105,1
2024,44,2024-10-27,2024-11-02,사람코로나바이러스,17.0,19.047619047619047,105,1
2024,44,2024-10-27,2024-11-02,아데노바이러스,37.0,33.33333333333333,105,1
2024,44,2024-10-27,2024-11-02,인플루엔자바이러스,30.0,40.0,105,1
2024,44,2024-10-27,2024-11-02,코로나19,92.0,,,
2024,44,2024-10-27,2024-11-02,클라미디아균,10.0,93.33333333333333,105,3
2024,44,2024-10-27,2024-11-02,파라인플루엔자바이러스,22.0,18.095238095238095,105,1
2024,44,2024-10-27,2024-11-02,호흡기세포융합바이러스,79.0,25.71428571428571,105,1
2024,45,2024-11-03,2024-11-09,리노바이러스,538.0,91.42857142857143,105,3
2024,45,2024-11-03,2024-11-09,마이코플라즈마균,971.0,100.0,105,4
2024,45,2024-11-03,2024-11-09,사람메타뉴모바이러스,31.0,40.0,105,1
2024,45,2024-11-03,2024-11-09,사람보카바이러스,28.0,34.285714285714285,105,1
2024,45,2024-11-03,2024-11-09,사람코로나바이러스,23.0,45.714285714285715,105,1
2024,45,2024-11-03,2024-11-09,아데노바이러스,52.0,53.333333333333336,105,1
2024,45,2024-11-03,2024-11-09,인플루엔자바이러스,26.0,39.04761904761905,105,1
2024,45,2024-11-03,2024-11-09,코로나19,76.0,,,
2024,45,2024-11-03,2024-11-09,클라미디아균,13.0,96.19047619047619,105,4
2024,45,2024-11-03,2024-11-09,파라인플루엔자바이러스,42.0,32.38095238095238,105,1
2024,45,2024-11-03,2024-11-09,호흡기세포융합바이러스,122.0,44.761904761904766,105,1
2024,46,2024-11-10,2024-11-16,리노바이러스,511.0,91.42857142857143,105,3
2024,46,2024-11-10,2024-11-16,마이코플라즈마균,797.0,100.0,105,4
2024,46,2024-11-10,2024-11-16,사람메타뉴모바이러스,23.0,31.428571428571427,105,1
2024,46,2024-11-10,2024-11-16,사람보카바이러스,35.0,40.95238095238095,105,1
2024,46,2024-11-10,2024-11-16,사람코로나바이러스,28.0,55.23809523809524,105,1
2024,46,2024-11-10,2024-11-16,아데노바이러스,63.0,57.14285714285714,105,1
2024,46,2024-11-10,2024-11-16,인플루엔자바이러스,33.0,40.95238095238095,105,1
2024,46,2024-11-10,2024-11-16,코로나19,67.0,,,
2024,46,2024-11-10,2024-11-16,클라미디아균,8.0,84.76190476190476,105,2
2024,46,2024-11-10,2024-11-16,파라인플루엔자바이러스,33.0,22.857142857142858,105,1
2024,46,2024-11-10,2024-11-16,호흡기세포융합바이러스,182.0,60.952380952380956,105,2
2024,47,2024-11-17,2024-11-23,리노바이러스,469.0,88.57142857142857,105,2
2024,47,2024-11-17,2024-11-23,마이코플라즈마균,740.0,100.0,105,4
2024,47,2024-11-17,2024-11-23,사람메타뉴모바이러스,38.0,48.57142857142857,105,1
2024,47,2024-11-17,2024-11-23,사람보카바이러스,25.0,28.57142857142857,105,1
2024,47,2024-11-17,2024-11-23,사람코로나바이러스,28.0,55.23809523809524,105,1
2024,47,2024-11-17,2024-11-23,아데노바이러스,52.0,53.333333333333336,105,1
2024,47,2024-11-17,2024-11-23,인플루엔자바이러스,28.0,39.04761904761905,105,1
2024,47,2024-11-17,2024-11-23,코로나19,55.0,,,
2024,47,2024-11-17,2024-11-23,클라미디아균,12.0,96.19047619047619,105,4
2024,47,2024-11-17,2024-11-23,파라인플루엔자바이러스,29.0,20.952380952380953,105,1
2024,47,2024-11-17,2024-11-23,호흡기세포융합바이러스,248.0,69.52380952380952,105,2
2024,48,2024-11-24,2024-11-30,리노바이러스,434.0,85.71428571428571,105,2
2024,48,2024-11-24,2024-11-30,마이코플라즈마균,613.0,100.0,105,4
2024,48,2024-11-24,2024-11-30,사람메타뉴모바이러스,62.0,62.857142857142854,105,2
2024,48,2024-11-24,2024-11-30,사람보카바이러스,34.0,40.95238095238095,105,1
2024,48,2024-11-24,2024-11-30,사람코로나바이러스,54.0,68.57142857142857,105,2
2024,48,2024-11-24,2024-11-30,아데노바이러스,62.0,56.19047619047619,105,1
2024,48,2024-11-24,2024-11-30,인플루엔자바이러스,60.0,42.857142857142854,105,1
2024,48,2024-11-24,2024-11-30,코로나19,49.0,,,
2024,48,2024-11-24,2024-11-30,클라미디아균,6.0,73.33333333333333,105,2
2024,48,2024-11-24,2024-11-30,파라인플루엔자바이러스,28.0,20.0,105,1
2024,48,2024-11-24,2024-11-30,호흡기세포융합바이러스,320.0,80.0,105,2
2024,49,2024-12-01,2024-12-07,리노바이러스,466.0,87.61904761904762,105,2
2024,49,2024-12-01,2024-12-07,마이코플라즈마균,586.0,100.0,105,4
2024,49,2024-12-01,2024-12-07,사람메타뉴모바이러스,83.0,68.57142857142857,105,2
2024,49,2024-12-01,2024-12-07,사람보카바이러스,35.0,40.95238095238095,105,1
2024,49,2024-12-01,2024-12-07,사람코로나바이러스,46.0,65.71428571428571,105,2
2024,49,2024-12-01,2024-12-07,아데노바이러스,51.0,50.476190476190474,105,1
2024,49,2024-12-01,2024-12-07,인플루엔자바이러스,84.0,52.38095238095239,105,1
2024,49,2024-12-01,2024-12-07,코로나19,64.0,,,
2024,49,2024-12-01,2024-12-07,클라미디아균,6.0,73.33333333333333,105,2
2024,49,2024-12-01,2024-12-07,파라인플루엔자바이러스,32.0,21.904761904761905,105,1
2024,49,2024-12-01,2024-12-07,호흡기세포융합바이러스,385.0,85.71428571428571,105,2
2024,50,2024-12-08,2024-12-14,리노바이러스,404.0,82.85714285714286,105,2
2024,50,2024-12-08,2024-12-14,마이코플라즈마균,449.0,100.0,105,4
2024,50,2024-12-08,2024-12-14,사람메타뉴모바이러스,82.0,68.57142857142857,105,2
2024,50,2024-12-08,2024-12-14,사람보카바이러스,31.0,40.95238095238095,105,1
2024,50,2024-12-08,2024-12-14,사람코로나바이러스,61.0,70.47619047619048,105,2
2024,50,2024-12-08,2024-12-14,아데노바이러스,65.0,59.04761904761905,105,1
2024,50,2024-12-08,2024-12-14,인플루엔자바이러스,189.0,76.19047619047619,105,2
2024,50,2024-12-08,2024-12-14,코로나19,46.0,,,
2024,50,2024-12-08,2024-12-14,클라미디아균,5.0,58.0952380952381,105,1
2024,50,2024-12-08,2024-12-14,파라인플루엔자바이러스,17.0,14.285714285714285,105,1
2024,50,2024-12-08,2024-12-14,호흡기세포융합바이러스,464.0,91.42857142857143,105,3
2024,51,2024-12-15,2024-12-21,리노바이러스,387.0,80.95238095238095,105,2
2024,51,2024-12-15,2024-12-21,마이코플라즈마균,384.0,100.0,105,4
2024,51,2024-12-15,2024-12-21,사람메타뉴모바이러스,144.0,78.0952380952381,105,2
2024,51,2024-12-15,2024-12-21,사람보카바이러스,31.0,40.95238095238095,105,1
2024,51,2024-12-15,2024-12-21,사람코로나바이러스,94.0,74.28571428571429,105,2
2024,51,2024-12-15,2024-12-21,아데노바이러스,104.0,63.8095238095238,105,2
2024,51,2024-12-15,2024-12-21,인플루엔자바이러스,391.0,90.47619047619048,105,3
2024,51,2024-12-15,2024-12-21,코로나19,66.0,,,
2024,51,2024-12-15,2024-12-21,클라미디아균,7.0,81.9047619047619,105,2
2024,51,2024-12-15,2024-12-21,파라인플루엔자바이러스,27.0,19.047619047619047,105,1
2024,51,2024-12-15,2024-12-21,호흡기세포융합바이러스,503.0,94.28571428571428,105,3
2024,52,2024-12-22,2024-12-28,리노바이러스,359.0,74.28571428571429,105,2
2024,52,2024-12-22,2024-12-28,마이코플라즈마균,309.0,100.0,105,4
2024,52,2024-12-22,2024-12-28,사람메타뉴모바이러스,183.0,79.04761904761905,105,2
2024,52,2024-12-22,2024-12-28,사람보카바이러스,27.0,32.38095238095238,105,1
2024,52,2024-12-22,2024-12-28,사람코로나바이러스,104.0,74.28571428571429,105,2
2024,52,2024-12-22,2024-12-28,아데노바이러스,88.0,60.952380952380956,105,2
2024,52,2024-12-22,2024-12-28,인플루엔자바이러스,841.0,97.14285714285714,105,4
2024,52,2024-12-22,2024-12-28,코로나19,113.0,,,
2024,52,2024-12-22,2024-12-28,클라미디아균,6.0,73.33333333333333,105,2
2024,52,2024-12-22,2024-12-28,파라인플루엔자바이러스,25.0,19.047619047619047,105,1
2024,52,2024-12-22,2024-12-28,호흡기세포융합바이러스,603.0,99.04761904761905,105,4
2025,1,2024-12-29,2025-01-04,리노바이러스,312.0,33.65384615384615,104,1
2025,1,2024-12-29,2025-01-04,마이코플라즈마균,229.0,64.42307692307693,104,2
2025,1,2024-12-29,2025-01-04,사람메타뉴모바이러스,235.0,91.34615384615384,104,3
2025,1,2024-12-29,2025-01-04,사람보카바이러스,28.0,33.65384615384615,104,1
2025,1,2024-12-29,2025-01-04,사람코로나바이러스,115.0,71.15384615384616,104,2
2025,1,2024-12-29,2025-01-04,아데노바이러스,87.0,54.807692307692314,104,1
2025,1,2024-12-29,2025-01-04,인플루엔자바이러스,1493.0,100.0,104,4
2025,1,2024-12-29,2025-01-04,코로나19,142.0,,,
2025,1,2024-12-29,2025-01-04,클라미디아균,6.0,68.26923076923077,104,2
2025,1,2024-12-29,2025-01-04,파라인플루엔자바이러스,24.0,3.8461538461538463,104,1
2025,1,2024-12-29,2025-01-04,호흡기세포융합바이러스,613.0,100.0,104,4
2025,2,2025-01-05,2025-01-11,리노바이러스,220.0,12.5,104,1
2025,2,2025-01-05,2025-01-11,마이코플라즈마균,202.0,58.65384615384615,104,1
2025,2,2025-01-05,2025-01-11,사람메타뉴모바이러스,207.0,90.38461538461539,104,3
2025,2,2025-01-05,2025-01-11,사람보카바이러스,20.0,11.538461538461538,104,1
2025,2,2025-01-05,2025-01-11,사람코로나바이러스,147.0,77.88461538461539,104,2
2025,2,2025-01-05,2025-01-11,아데노바이러스,90.0,55.769230769230774,104,1
2025,2,2025-01-05,2025-01-11,인플루엔자바이러스,1632.0,100.0,104,4
2025,2,2025-01-05,2025-01-11,코로나19,138.0,,,
2025,2,2025-01-05,2025-01-11,클라미디아균,9.0,87.5,104,2
2025,2,2025-01-05,2025-01-11,파라인플루엔자바이러스,21.0,1.9230769230769231,104,1
2025,2,2025-01-05,2025-01-11,호흡기세포융합바이러스,498.0,91.34615384615384,104,3
2025,3,2025-01-12,2025-01-18,리노바이러스,177.0,8.653846153846153,104,1
2025,3,2025-01-12,2025-01-18,마이코플라즈마균,129.0,50.96153846153846,104,1
2025,3,2025-01-12,2025-01-18,사람메타뉴모바이러스,213.0,90.38461538461539,104,3
2025,3,2025-01-12,2025-01-18,사람보카바이러스,23.0,18.269230769230766,104,1
2025,3,2025-01-12,2025-01-18,사람코로나바이러스,176.0,83.65384615384616,104,2
2025,3,2025-01-12,2025-01-18,아데노바이러스,54.0,24.03846153846154,104,1
2025,3,2025-01-12,2025-01-18,인플루엔자바이러스,1239.0,100.0,104,4
2025,3,2025-01-12,2025-01-18,코로나19,83.0,,,
2025,3,2025-01-12,2025-01-18,클라미디아균,7.0,77.88461538461539,104,2
2025,3,2025-01-12,2025-01-18,파라인플루엔자바이러스,15.0,0.0,104,1
2025,3,2025-01-12,2025-01-18,호흡기세포융합바이러스,409.0,82.6923076923077,104,2
2025,4,2025-01-19,2025-01-25,리노바이러스,193.0,10.576923076923077,104,1
2025,4,2025-01-19,2025-01-25,마이코플라즈마균,113.0,47.11538461538461,104,1
2025,4,2025-01-19,2025-01-25,사람메타뉴모바이러스,254.0,96.15384615384616,104,4
2025,4,2025-01-19,2025-01-25,사람보카바이러스,25.0,24.03846153846154,104,1
2025,4,2025-01-19,2025-01-25,사람코로나바이러스,174.0,83.65384615384616,104,2
2025,4,2025-01-19,2025-01-25,아데노바이러스,64.0,38.46153846153847,104,1
2025,4,2025-01-19,2025-01-25,인플루엔자바이러스,737.0,93.26923076923077,104,3
2025,4,2025-01-19,2025-01-25,코로나19,79.0,,,
2025,4,2025-01-19,2025-01-25,클라미디아균,7.0,77.88461538461539,104,2
2025,4,2025-01-19,2025-01-25,파라인플루엔자바이러스,12.0,0.0,104,1
2025,4,2025-01-19,2025-01-25,호흡기세포융합바이러스,359.0,77.88461538461539,104,2
2025,5,2025-01-26,2025-02-01,리노바이러스,72.0,0.9615384615384616,104,1
2025,5,2025-01-26,2025-02-01,마이코플라즈마균,50.0,19.230769230769234,104,1
2025,5,2025-01-26,2025-02-01,사람메타뉴모바이러스,137.0,74.03846153846155,104,2
2025,5,2025-01-26,2025-02-01,사람보카바이러스,6.0,0.0,104,1
2025,5,2025-01-26,2025-02-01,사람코로나바이러스,107.0,70.1923076923077,104,2
2025,5,2025-01-26,2025-02-01,아데노바이러스,43.0,10.576923076923077,104,1
2025,5,2025-01-26,2025-02-01,인플루엔자바이러스,276.0,82.6923076923077,104,2
2025,5,2025-01-26,2025-02-01,코로나19,56.0,,,
2025,5,2025-01-26,2025-02-01,클라미디아균,3.0,22.115384615384613,104,1
2025,5,2025-01-26,2025-02-01,파라인플루엔자바이러스,6.0,0.0,104,1
2025,5,2025-01-26,2025-02-01,호흡기세포융합바이러스,233.0,69.23076923076923,104,2
2025,6,2025-02-02,2025-02-08,리노바이러스,110.0,3.8461538461538463,104,1
2025,6,2025-02-02,2025-02-08,마이코플라즈마균,65.0,28.846153846153843,104,1
2025,6,2025-02-02,2025-02-08,사람메타뉴모바이러스,220.0,91.34615384615384,104,3
2025,6,2025-02-02,2025-02-08,사람보카바이러스,16.0,3.8461538461538463,104,1
2025,6,2025-02-02,2025-02-08,사람코로나바이러스,166.0,82.6923076923077,104,2
2025,6,2025-02-02,2025-02-08,아데노바이러스,43.0,10.576923076923077,104,1
2025,6,2025-02-02,2025-02-08,인플루엔자바이러스,243.0,77.88461538461539,104,2
2025,6,2025-02-02,2025-02-08,코로나19,66.0,,,
2025,6,2025-02-02,2025-02-08,클라미디아균,6.0,68.26923076923077,104,2
2025,6,2025-02-02,2025-02-08,파라인플루엔자바이러스,13.0,0.0,104,1
2025,6,2025-02-02,2025-02-08,호흡기세포융합바이러스,284.0,75.0,104,2
2025,7,2025-02-09,2025-02-15,리노바이러스,129.0,5.769230769230769,104,1
2025,7,2025-02-09,2025-02-15,마이코플라즈마균,71.0,31.73076923076923,104,1
2025,7,2025-02-09,2025-02-15,사람메타뉴모바이러스,232.0,91.34615384615384,104,3
2025,7,2025-02-09,2025-02-15,사람보카바이러스,12.0,0.0,104,1
2025,7,2025-02-09,2025-02-15,사람코로나바이러스,163.0,82.6923076923077,104,2
2025,7,2025-02-09,2025-02-15,아데노바이러스,46.0,10.576923076923077,104,1
2025,7,2025-02-09,2025-02-15,인플루엔자바이러스,134.0,58.65384615384615,104,1
2025,7,2025-02-09,2025-02-15,코로나19,86.0,,,
2025,7,2025-02-09,2025-02-15,클라미디아균,4.0,32.69230769230769,104,1
2025,7,2025-02-09,2025-02-15,파라인플루엔자바이러스,16.0,0.0,104,1
2025,7,2025-02-09,2025-02-15,호흡기세포융합바이러스,234.0,69.23076923076923,104,2
2025,8,2025-02-16,2025-02-22,리노바이러스,152.0,6.730769230769231,104,1
2025,8,2025-02-16,2025-02-22,마이코플라즈마균,51.0,20.192307692307693,104,1
2025,8,2025-02-16,2025-02-22,사람메타뉴모바이러스,195.0,87.5,104,2
2025,8,2025-02-16,2025-02-22,사람보카바이러스,10.0,0.0,104,1
2025,8,2025-02-16,2025-02-22,사람코로나바이러스,169.0,83.65384615384616,104,2
2025,8,2025-02-16,2025-02-22,아데노바이러스,56.0,26.923076923076923,104,1
2025,8,2025-02-16,2025-02-22,인플루엔자바이러스,79.0,48.07692307692308,104,1
2025,8,2025-02-16,2025-02-22,코로나19,89.0,,,
2025,8,2025-02-16,2025-02-22,클라미디아균,10.0,91.34615384615384,104,3
2025,8,2025-02-16,2025-02-22,파라인플루엔자바이러스,16.0,0.0,104,1
2025,8,2025-02-16,2025-02-22,호흡기세포융합바이러스,216.0,67.3076923076923,104,2
2025,9,2025-02-23,2025-03-01,리노바이러스,154.0,6.730769230769231,104,1
2025,9,2025-02-23,2025-03-01,마이코플라즈마균,45.0,19.230769230769234,104,1
2025,9,2025-02-23,2025-03-01,사람메타뉴모바이러스,193.0,86.53846153846155,104,2
2025,9,2025-02-23,2025-03-01,사람보카바이러스,9.0,0.0,104,1
2025,9,2025-02-23,2025-03-01,사람코로나바이러스,164.0,82.6923076923077,104,2
2025,9,2025-02-23,2025-03-01,아데노바이러스,53.0,22.115384615384613,104,1
2025,9,2025-02-23,2025-03-01,인플루엔자바이러스,64.0,38.46153846153847,104,1
2025,9,2025-02-23,2025-03-01,코로나19,79.0,,,
2025,9,2025-02-23,2025-03-01,클라미디아균,4.0,32.69230769230769,104,1
2025,9,2025-02-23,2025-03-01,파라인플루엔자바이러스,16.0,0.0,104,1
2025,9,2025-02-23,2025-03-01,호흡기세포융합바이러스,183.0,59.61538461538461,104,1
2025,10,2025-03-02,2025-03-08,리노바이러스,135.0,5.769230769230769,104,1
2025,10,2025-03-02,2025-03-08,마이코플라즈마균,32.0,9.615384615384617,104,1
2025,10,2025-03-02,2025-03-08,사람메타뉴모바이러스,214.0,90.38461538461539,104,3
2025,10,2025-03-02,2025-03-08,사람보카바이러스,9.0,0.0,104,1
2025,10,2025-03-02,2025-03-08,사람코로나바이러스,163.0,82.6923076923077,104,2
2025,10,2025-03-02,2025-03-08,아데노바이러스,42.0,10.576923076923077,104,1
2025,10,2025-03-02,2025-03-08,인플루엔자바이러스,44.0,29.807692307692307,104,1
2025,10,2025-03-02,2025-03-08,코로나19,97.0,,,
2025,10,2025-03-02,2025-03-08,클라미디아균,4.0,32.69230769230769,104,1
2025,10,2025-03-02,2025-03-08,파라인플루엔자바이러스,20.0,1.9230769230769231,104,1
2025,10,2025-03-02,2025-03-08,호흡기세포융합바이러스,142.0,53.84615384615385,104,1
2025,11,2025-03-09,2025-03-15,리노바이러스,250.0,21.153846153846153,104,1
2025,11,2025-03-09,2025-03-15,마이코플라즈마균,38.0,14.423076923076922,104,1
2025,11,2025-03-09,2025-03-15,사람메타뉴모바이러스,232.0,91.34615384615384,104,3
2025,11,2025-03-09,2025-03-15,사람보카바이러스,19.0,11.538461538461538,104,1
2025,11,2025-03-09,2025-03-15,사람코로나바이러스,214.0,94.23076923076923,104,3
2025,11,2025-03-09,2025-03-15,아데노바이러스,41.0,9.615384615384617,104,1
2025,11,2025-03-09,2025-03-15,인플루엔자바이러스,63.0,38.46153846153847,104,1
2025,11,2025-03-09,2025-03-15,코로나19,121.0,,,
2025,11,2025-03-09,2025-03-15,클라미디아균,8.0,81.73076923076923,104,2
2025,11,2025-03-09,2025-03-15,파라인플루엔자바이러스,20.0,1.9230769230769231,104,1
2025,11,2025-03-09,2025-03-15,호흡기세포융합바이러스,173.0,58.65384615384615,104,1
2025,12,2025-03-16,2025-03-22,리노바이러스,323.0,36.53846153846153,104,1
2025,12,2025-03-16,2025-03-22,마이코플라즈마균,35.0,12.5,104,1
2025,12,2025-03-16,2025-03-22,사람메타뉴모바이러스,257.0,96.15384615384616,104,4
2025,12,2025-03-16,2025-03-22,사람보카바이러스,13.0,0.9615384615384616,104,1
2025,12,2025-03-16,2025-03-22,사람코로나바이러스,204.0,91.34615384615384,104,3
2025,12,2025-03-16,2025-03-22,아데노바이러스,53.0,22.115384615384613,104,1
2025,12,2025-03-16,2025-03-22,인플루엔자바이러스,76.0,48.07692307692308,104,1
2025,12,2025-03-16,2025-03-22,코로나19,102.0,,,
2025,12,2025-03-16,2025-03-22,클라미디아균,7.0,77.88461538461539,104,2
2025,12,2025-03-16,2025-03-22,파라인플루엔자바이러스,30.0,8.653846153846153,104,1
2025,12,2025-03-16,2025-03-22,호흡기세포융합바이러스,156.0,56.730769230769226,104,1
2025,13,2025-03-23,2025-03-29,리노바이러스,367.0,50.0,104,1
2025,13,2025-03-23,2025-03-29,마이코플라즈마균,31.0,9.615384615384617,104,1
2025,13,2025-03-23,2025-03-29,사람메타뉴모바이러스,257.0,96.15384615384616,104,4
2025,13,2025-03-23,2025-03-29,사람보카바이러스,33.0,42.30769230769231,104,1
2025,13,2025-03-23,2025-03-29,사람코로나바이러스,191.0,87.5,104,2
2025,13,2025-03-23,2025-03-29,아데노바이러스,43.0,10.576923076923077,104,1
2025,13,2025-03-23,2025-03-29,인플루엔자바이러스,71.0,41.34615384615385,104,1
2025,13,2025-03-23,2025-03-29,코로나19,178.0,,,
2025,13,2025-03-23,2025-03-29,클라미디아균,3.0,22.115384615384613,104,1
2025,13,2025-03-23,2025-03-29,파라인플루엔자바이러스,33.0,9.615384615384617,104,1
2025,13,2025-03-23,2025-03-29,호흡기세포융합바이러스,125.0,48.07692307692308,104,1
2025,14,2025-03-30,2025-04-05,리노바이러스,372.0,52.88461538461539,104,1
2025,14,2025-03-30,2025-04-05,마이코플라즈마균,39.0,14.423076923076922,104,1
2025,14,2025-03-30,2025-04-05,사람메타뉴모바이러스,225.0,91.34615384615384,104,3
2025,14,2025-03-30,2025-04-05,사람보카바이러스,30.0,39.42307692307692,104,1
2025,14,2025-03-30,2025-04-05,사람코로나바이러스,197.0,89.42307692307693,104,2
2025,14,2025-03-30,2025-04-05,아데노바이러스,63.0,36.53846153846153,104,1
2025,14,2025-03-30,2025-04-05,인플루엔자바이러스,79.0,48.07692307692308,104,1
2025,14,2025-03-30,2025-04-05,코로나19,159.0,,,
2025,14,2025-03-30,2025-04-05,클라미디아균,3.0,22.115384615384613,104,1
2025,14,2025-03-30,2025-04-05,파라인플루엔자바이러스,50.0,27.884615384615387,104,1
2025,14,2025-03-30,2025-04-05,호흡기세포융합바이러스,100.0,39.42307692307692,104,1
2025,15,2025-04-06,2025-04-12,리노바이러스,349.0,45.19230769230769,104,1
2025,15,2025-04-06,2025-04-12,마이코플라즈마균,39.0,14.423076923076922,104,1
2025,15,2025-04-06,2025-04-12,사람메타뉴모바이러스,193.0,86.53846153846155,104,2
2025,15,2025-04-06,2025-04-12,사람보카바이러스,38.0,51.92307692307693,104,1
2025,15,2025-04-06,2025-04-12,사람코로나바이러스,185.0,86.53846153846155,104,2
2025,15,2025-04-06,2025-04-12,아데노바이러스,72.0,44.230769230769226,104,1
2025,15,2025-04-06,2025-04-12,인플루엔자바이러스,103.0,52.88461538461539,104,1
2025,15,2025-04-06,2025-04-12,코로나19,185.0,,,
2025,15,2025-04-06,2025-04-12,클라미디아균,4.0,32.69230769230769,104,1
2025,15,2025-04-06,2025-04-12,파라인플루엔자바이러스,51.0,28.846153846153843,104,1
2025,15,2025-04-06,2025-04-12,호흡기세포융합바이러스,78.0,27.884615384615387,104,1
2025,16,2025-04-13,2025-04-19,리노바이러스,375.0,53.84615384615385,104,1
2025,16,2025-04-13,2025-04-19,마이코플라즈마균,46.0,19.230769230769234,104,1
2025,16,2025-04-13,2025-04-19,사람메타뉴모바이러스,189.0,85.57692307692307,104,2
2025,16,2025-04-13,2025-04-19,사람보카바이러스,55.0,63.46153846153846,104,2
2025,16,2025-04-13,2025-04-19,사람코로나바이러스,170.0,83.65384615384616,104,2
2025,16,2025-04-13,2025-04-19,아데노바이러스,70.0,43.269230769230774,104,1
2025,16,2025-04-13,2025-04-19,인플루엔자바이러스,102.0,52.88461538461539,104,1
2025,16,2025-04-13,2025-04-19,코로나19,174.0,,,
2025,16,2025-04-13,2025-04-19,클라미디아균,4.0,32.69230769230769,104,1
2025,16,2025-04-13,2025-04-19,파라인플루엔자바이러스,68.0,36.53846153846153,104,1
2025,16,2025-04-13,2025-04-19,호흡기세포융합바이러스,72.0,24.03846153846154,104,1
2025,17,2025-04-20,2025-04-26,리노바이러스,389.0,59.61538461538461,104,1
2025,17,2025-04-20,2025-04-26,마이코플라즈마균,33.0,10.576923076923077,104,1
2025,17,2025-04-20,2025-04-26,사람메타뉴모바이러스,189.0,85.57692307692307,104,2
2025,17,2025-04-20,2025-04-26,사람보카바이러스,51.0,62.5,104,2
2025,17,2025-04-20,2025-04-26,사람코로나바이러스,153.0,79.8076923076923,104,2
2025,17,2025-04-20,2025-04-26,아데노바이러스,75.0,46.15384615384615,104,1
2025,17,2025-04-20,2025-04-26,인플루엔자바이러스,89.0,50.96153846153846,104,1
2025,17,2025-04-20,2025-04-26,코로나19,127.0,,,
2025,17,2025-04-20,2025-04-26,클라미디아균,7.0,77.88461538461539,104,2
2025,17,2025-04-20,2025-04-26,파라인플루엔자바이러스,79.0,41.34615384615385,104,1
2025,17,2025-04-20,2025-04-26,호흡기세포융합바이러스,54.0,22.115384615384613,104,1
2025,18,2025-04-27,2025-05-03,리노바이러스,346.0,44.230769230769226,104,1
2025,18,2025-04-27,2025-05-03,마이코플라즈마균,30.0,8.653846153846153,104,1
2025,18,2025-04-27,2025-05-03,사람메타뉴모바이러스,132.0,73.07692307692307,104,2
2025,18,2025-04-27,2025-05-03,사람보카바이러스,72.0,70.1923076923077,104,2
2025,18,2025-04-27,2025-05-03,사람코로나바이러스,140.0,75.96153846153845,104,2
2025,18,2025-04-27,2025-05-03,아데노바이러스,93.0,57.692307692307686,104,1
2025,18,2025-04-27,2025-05-03,인플루엔자바이러스,43.0,29.807692307692307,104,1
2025,18,2025-04-27,2025-05-03,코로나19,115.0,,,
2025,18,2025-04-27,2025-05-03,클라미디아균,2.0,9.615384615384617,104,1
2025,18,2025-04-27,2025-05-03,파라인플루엔자바이러스,84.0,41.34615384615385,104,1
2025,18,2025-04-27,2025-05-03,호흡기세포융합바이러스,50.0,22.115384615384613,104,1
2025,19,2025-05-04,2025-05-10,리노바이러스,316.0,34.61538461538461,104,1
2025,19,2025-05-04,2025-05-10,마이코플라즈마균,28.0,8.653846153846153,104,1
2025,19,2025-05-04,2025-05-10,사람메타뉴모바이러스,131.0,73.07692307692307,104,2
2025,19,2025-05-04,2025-05-10,사람보카바이러스,65.0,65.38461538461539,104,2
2025,19,2025-05-04,2025-05-10,사람코로나바이러스,86.0,65.38461538461539,104,2
2025,19,2025-05-04,2025-05-10,아데노바이러스,84.0,53.84615384615385,104,1
2025,19,2025-05-04,2025-05-10,인플루엔자바이러스,50.0,30.76923076923077,104,1
2025,19,2025-05-04,2025-05-10,코로나19,146.0,,,
2025,19,2025-05-04,2025-05-10,클라미디아균,4.0,32.69230769230769,104,1
2025,19,2025-05-04,2025-05-10,파라인플루엔자바이러스,118.0,48.07692307692308,104,1
2025,19,2025-05-04,2025-05-10,호흡기세포융합바이러스,35.0,17.307692307692307,104,1
2025,20,2025-05-11,2025-05-17,리노바이러스,372.0,52.88461538461539,104,1
2025,20,2025-05-11,2025-05-17,마이코플라즈마균,44.0,19.230769230769234,104,1
2025,20,2025-05-11,2025-05-17,사람메타뉴모바이러스,133.0,74.03846153846155,104,2
2025,20,2025-05-11,2025-05-17,사람보카바이러스,131.0,90.38461538461539,104,3
2025,20,2025-05-11,2025-05-17,사람코로나바이러스,77.0,61.53846153846154,104,2
2025,20,2025-05-11,2025-05-17,아데노바이러스,112.0,64.42307692307693,104,2
2025,20,2025-05-11,2025-05-17,인플루엔자바이러스,49.0,30.76923076923077,104,1
2025,20,2025-05-11,2025-05-17,코로나19,100.0,,,
2025,20,2025-05-11,2025-05-17,클라미디아균,4.0,32.69230769230769,104,1
2025,20,2025-05-11,2025-05-17,파라인플루엔자바이러스,162.0,58.65384615384615,104,1
2025,20,2025-05-11,2025-05-17,호흡기세포융합바이러스,43.0,19.230769230769234,104,1
2025,21,2025-05-18,2025-05-24,리노바이러스,329.0,37.5,104,1
2025,21,2025-05-18,2025-05-24,마이코플라즈마균,31.0,9.615384615384617,104,1
2025,21,2025-05-18,2025-05-24,사람메타뉴모바이러스,114.0,72.11538461538461,104,2
2025,21,2025-05-18,2025-05-24,사람보카바이러스,105.0,83.65384615384616,104,2
2025,21,2025-05-18,2025-05-24,사람코로나바이러스,81.0,63.46153846153846,104,2
2025,21,2025-05-18,2025-05-24,아데노바이러스,81.0,51.92307692307693,104,1
2025,21,2025-05-18,2025-05-24,인플루엔자바이러스,28.0,21.153846153846153,104,1
2025,21,2025-05-18,2025-05-24,코로나19,99.0,,,
2025,21,2025-05-18,2025-05-24,클라미디아균,2.0,9.615384615384617,104,1
2025,21,2025-05-18,2025-05-24,파라인플루엔자바이러스,191.0,61.53846153846154,104,2
2025,21,2025-05-18,2025-05-24,호흡기세포융합바이러스,39.0,17.307692307692307,104,1
2025,22,2025-05-25,2025-05-31,리노바이러스,359.0,46.15384615384615,104,1
2025,22,2025-05-25,2025-05-31,마이코플라즈마균,34.0,11.538461538461538,104,1
2025,22,2025-05-25,2025-05-31,사람메타뉴모바이러스,58.0,48.07692307692308,104,1
2025,22,2025-05-25,2025-05-31,사람보카바이러스,113.0,87.5,104,2
2025,22,2025-05-25,2025-05-31,사람코로나바이러스,73.0,60.57692307692307,104,2
2025,22,2025-05-25,2025-05-31,아데노바이러스,82.0,52.88461538461539,104,1
2025,22,2025-05-25,2025-05-31,인플루엔자바이러스,26.0,19.230769230769234,104,1
2025,22,2025-05-25,2025-05-31,코로나19,105.0,,,
2025,22,2025-05-25,2025-05-31,클라미디아균,2.0,9.615384615384617,104,1
2025,22,2025-05-25,2025-05-31,파라인플루엔자바이러스,208.0,62.5,104,2
2025,22,2025-05-25,2025-05-31,호흡기세포융합바이러스,17.0,2.8846153846153846,104,1
2025,23,2025-06-01,2025-06-07,리노바이러스,269.0,22.115384615384613,104,1
2025,23,2025-06-01,2025-06-07,마이코플라즈마균,12.0,0.0,104,1
2025,23,2025-06-01,2025-06-07,사람메타뉴모바이러스,53.0,45.19230769230769,104,1
2025,23,2025-06-01,2025-06-07,사람보카바이러스,94.0,79.8076923076923,104,2
2025,23,2025-06-01,2025-06-07,사람코로나바이러스,38.0,46.15384615384615,104,1
2025,23,2025-06-01,2025-06-07,아데노바이러스,77.0,49.03846153846153,104,1
2025,23,2025-06-01,2025-06-07,인플루엔자바이러스,8.0,2.8846153846153846,104,1
2025,23,2025-06-01,2025-06-07,코로나19,95.0,,,
2025,23,2025-06-01,2025-06-07,클라미디아균,1.0,2.8846153846153846,104,1
2025,23,2025-06-01,2025-06-07,파라인플루엔자바이러스,242.0,66.34615384615384,104,2
2025,23,2025-06-01,2025-06-07,호흡기세포융합바이러스,23.0,10.576923076923077,104,1
2025,24,2025-06-08,2025-06-14,리노바이러스,270.0,22.115384615384613,104,1
2025,24,2025-06-08,2025-06-14,마이코플라즈마균,38.0,14.423076923076922,104,1
2025,24,2025-06-08,2025-06-14,사람메타뉴모바이러스,50.0,40.38461538461539,104,1
2025,24,2025-06-08,2025-06-14,사람보카바이러스,129.0,90.38461538461539,104,3
2025,24,2025-06-08,2025-06-14,사람코로나바이러스,41.0,48.07692307692308,104,1
2025,24,2025-06-08,2025-06-14,아데노바이러스,89.0,55.769230769230774,104,1
2025,24,2025-06-08,2025-06-14,인플루엔자바이러스,16.0,11.538461538461538,104,1
2025,24,2025-06-08,2025-06-14,코로나19,93.0,,,
2025,24,2025-06-08,2025-06-14,클라미디아균,4.0,32.69230769230769,104,1
2025,24,2025-06-08,2025-06-14,파라인플루엔자바이러스,284.0,72.11538461538461,104,2
2025,24,2025-06-08,2025-06-14,호흡기세포융합바이러스,16.0,2.8846153846153846,104,1
2025,25,2025-06-15,2025-06-21,리노바이러스,252.0,21.153846153846153,104,1
2025,25,2025-06-15,2025-06-21,마이코플라즈마균,25.0,5.769230769230769,104,1
2025,25,2025-06-15,2025-06-21,사람메타뉴모바이러스,33.0,23.076923076923077,104,1
2025,25,2025-06-15,2025-06-21,사람보카바이러스,62.0,64.42307692307693,104,2
2025,25,2025-06-15,2025-06-21,사람코로나바이러스,35.0,44.230769230769226,104,1
2025,25,2025-06-15,2025-06-21,아데노바이러스,84.0,53.84615384615385,104,1
2025,25,2025-06-15,2025-06-21,인플루엔자바이러스,8.0,2.8846153846153846,104,1
2025,25,2025-06-15,2025-06-21,코로나19,63.0,,,
2025,25,2025-06-15,2025-06-21,클라미디아균,6.0,68.26923076923077,104,2
2025,25,2025-06-15,2025-06-21,파라인플루엔자바이러스,252.0,69.23076923076923,104,2
2025,25,2025-06-15,2025-06-21,호흡기세포융합바이러스,13.0,2.8846153846153846,104,1
2025,26,2025-06-22,2025-06-28,리노바이러스,233.0,17.307692307692307,104,1
2025,26,2025-06-22,2025-06-28,마이코플라즈마균,29.0,8.653846153846153,104,1
2025,26,2025-06-22,2025-06-28,사람메타뉴모바이러스,32.0,23.076923076923077,104,1
2025,26,2025-06-22,2025-06-28,사람보카바이러스,69.0,68.26923076923077,104,2
2025,26,2025-06-22,2025-06-28,사람코로나바이러스,27.0,36.53846153846153,104,1
2025,26,2025-06-22,2025-06-28,아데노바이러스,73.0,45.19230769230769,104,1
2025,26,2025-06-22,2025-06-28,인플루엔자바이러스,4.0,0.0,104,1
2025,26,2025-06-22,2025-06-28,코로나19,63.0,,,
2025,26,2025-06-22,2025-06-28,클라미디아균,1.0,2.8846153846153846,104,1
2025,26,2025-06-22,2025-06-28,파라인플루엔자바이러스,276.0,72.11538461538461,104,2
2025,26,2025-06-22,2025-06-28,호흡기세포융합바이러스,16.0,2.8846153846153846,104,1
2025,27,2025-06-29,2025-07-05,리노바이러스,242.0,20.192307692307693,104,1
2025,27,2025-06-29,2025-07-05,마이코플라즈마균,33.0,10.576923076923077,104,1
2025,27,2025-06-29,2025-07-05,사람메타뉴모바이러스,47.0,36.53846153846153,104,1
2025,27,2025-06-29,2025-07-05,사람보카바이러스,68.0,68.26923076923077,104,2
2025,27,2025-06-29,2025-07-05,사람코로나바이러스,19.0,26.923076923076923,104,1
2025,27,2025-06-29,2025-07-05,아데노바이러스,72.0,44.230769230769226,104,1
2025,27,2025-06-29,2025-07-05,인플루엔자바이러스,12.0,7.6923076923076925,104,1
2025,27,2025-06-29,2025-07-05,코로나19,101.0,,,
2025,27,2025-06-29,2025-07-05,클라미디아균,4.0,32.69230769230769,104,1
2025,27,2025-06-29,2025-07-05,파라인플루엔자바이러스,308.0,73.07692307692307,104,2
2025,27,2025-06-29,2025-07-05,호흡기세포융합바이러스,14.0,2.8846153846153846,104,1
2025,28,2025-07-06,2025-07-12,리노바이러스,233.0,17.307692307692307,104,1
2025,28,2025-07-06,2025-07-12,마이코플라즈마균,35.0,12.5,104,1
2025,28,2025-07-06,2025-07-12,사람메타뉴모바이러스,31.0,20.192307692307693,104,1
2025,28,2025-07-06,2025-07-12,사람보카바이러스,52.0,62.5,104,2
2025,28,2025-07-06,2025-07-12,사람코로나바이러스,15.0,15.384615384615385,104,1
2025,28,2025-07-06,2025-07-12,아데노바이러스,80.0,51.92307692307693,104,1
2025,28,2025-07-06,2025-07-12,인플루엔자바이러스,21.0,15.384615384615385,104,1
2025,28,2025-07-06,2025-07-12,코로나19,103.0,,,
2025,28,2025-07-06,2025-07-12,클라미디아균,3.0,22.115384615384613,104,1
2025,28,2025-07-06,2025-07-12,파라인플루엔자바이러스,353.0,79.8076923076923,104,2
2025,28,2025-07-06,2025-07-12,호흡기세포융합바이러스,16.0,2.8846153846153846,104,1
2025,29,2025-07-13,2025-07-19,리노바이러스,241.0,20.192307692307693,104,1
2025,29,2025-07-13,2025-07-19,마이코플라즈마균,39.0,14.423076923076922,104,1
2025,29,2025-07-13,2025-07-19,사람메타뉴모바이러스,38.0,30.76923076923077,104,1
2025,29,2025-07-13,2025-07-19,사람보카바이러스,57.0,63.46153846153846,104,2
2025,29,2025-07-13,2025-07-19,사람코로나바이러스,17.0,18.269230769230766,104,1
2025,29,2025-07-13,2025-07-19,아데노바이러스,74.0,45.19230769230769,104,1
2025,29,2025-07-13,2025-07-19,인플루엔자바이러스,17.0,11.538461538461538,104,1
2025,29,2025-07-13,2025-07-19,코로나19,123.0,,,
2025,29,2025-07-13,2025-07-19,클라미디아균,2.0,9.615384615384617,104,1
2025,29,2025-07-13,2025-07-19,파라인플루엔자바이러스,298.0,73.07692307692307,104,2
2025,29,2025-07-13,2025-07-19,호흡기세포융합바이러스,16.0,2.8846153846153846,104,1
2025,30,2025-07-20,2025-07-26,리노바이러스,222.0,12.5,104,1
2025,30,2025-07-20,2025-07-26,마이코플라즈마균,40.0,14.423076923076922,104,1
2025,30,2025-07-20,2025-07-26,사람메타뉴모바이러스,30.0,19.230769230769234,104,1
2025,30,2025-07-20,2025-07-26,사람보카바이러스,50.0,62.5,104,2
2025,30,2025-07-20,2025-07-26,사람코로나바이러스,13.0,10.576923076923077,104,1
2025,30,2025-07-20,2025-07-26,아데노바이러스,46.0,10.576923076923077,104,1
2025,30,2025-07-20,2025-07-26,인플루엔자바이러스,17.0,11.538461538461538,104,1
2025,30,2025-07-20,2025-07-26,코로나19,139.0,,,
2025,30,2025-07-20,2025-07-26,클라미디아균,3.0,22.115384615384613,104,1
2025,30,2025-07-20,2025-07-26,파라인플루엔자바이러스,280.0,72.11538461538461,104,2
2025,30,2025-07-20,2025-07-26,호흡기세포융합바이러스,20.0,6.730769230769231,104,1
2025,31,2025-07-27,2025-08-02,리노바이러스,232.0,17.307692307692307,104,1
2025,31,2025-07-27,2025-08-02,마이코플라즈마균,32.0,9.615384615384617,104,1
2025,31,2025-07-27,2025-08-02,사람메타뉴모바이러스,29.0,18.269230769230766,104,1
2025,31,2025-07-27,2025-08-02,사람보카바이러스,34.0,43.269230769230774,104,1
2025,31,2025-07-27,2025-08-02,사람코로나바이러스,18.0,21.153846153846153,104,1
2025,31,2025-07-27,2025-08-02,아데노바이러스,56.0,26.923076923076923,104,1
2025,31,2025-07-27,2025-08-02,인플루엔자바이러스,11.0,6.730769230769231,104,1
2025,31,2025-07-27,2025-08-02,코로나19,220.0,,,
2025,31,2025-07-27,2025-08-02,클라미디아균,0.0,0.0,104,1
2025,31,2025-07-27,2025-08-02,파라인플루엔자바이러스,269.0,71.15384615384616,104,2
2025,31,2025-07-27,2025-08-02,호흡기세포융합바이러스,31.0,15.384615384615385,104,1
2025,32,2025-08-03,2025-08-09,리노바이러스,168.0,7.6923076923076925,104,1
2025,32,2025-08-03,2025-08-09,마이코플라즈마균,28.0,8.653846153846153,104,1
2025,32,2025-08-03,2025-08-09,사람메타뉴모바이러스,32.0,23.076923076923077,104,1
2025,32,2025-08-03,2025-08-09,사람보카바이러스,19.0,11.538461538461538,104,1
2025,32,2025-08-03,2025-08-09,사람코로나바이러스,18.0,21.153846153846153,104,1
2025,32,2025-08-03,2025-08-09,아데노바이러스,63.0,36.53846153846153,104,1
2025,32,2025-08-03,2025-08-09,인플루엔자바이러스,10.0,6.730769230769231,104,1
2025,32,2025-08-03,2025-08-09,코로나19,272.0,,,
2025,32,2025-08-03,2025-08-09,클라미디아균,1.0,2.8846153846153846,104,1
2025,32,2025-08-03,2025-08-09,파라인플루엔자바이러스,270.0,71.15384615384616,104,2
2025,32,2025-08-03,2025-08-09,호흡기세포융합바이러스,18.0,3.8461538461538463,104,1
2025,33,2025-08-10,2025-08-16,리노바이러스,134.0,5.769230769230769,104,1
2025,33,2025-08-10,2025-08-16,마이코플라즈마균,24.0,4.807692307692308,104,1
2025,33,2025-08-10,2025-08-16,사람메타뉴모바이러스,18.0,5.769230769230769,104,1
2025,33,2025-08-10,2025-08-16,사람보카바이러스,14.0,1.9230769230769231,104,1
2025,33,2025-08-10,2025-08-16,사람코로나바이러스,11.0,6.730769230769231,104,1
2025,33,2025-08-10,2025-08-16,아데노바이러스,42.0,10.576923076923077,104,1
2025,33,2025-08-10,2025-08-16,인플루엔자바이러스,13.0,9.615384615384617,104,1
2025,33,2025-08-10,2025-08-16,코로나19,302.0,,,
2025,33,2025-08-10,2025-08-16,클라미디아균,3.0,22.115384615384613,104,1
2025,33,2025-08-10,2025-08-16,파라인플루엔자바이러스,199.0,61.53846153846154,104,2
2025,33,2025-08-10,2025-08-16,호흡기세포융합바이러스,18.0,3.8461538461538463,104,1
2025,34,2025-08-17,2025-08-23,리노바이러스,184.0,9.615384615384617,104,1
2025,34,2025-08-17,2025-08-23,마이코플라즈마균,33.0,10.576923076923077,104,1
2025,34,2025-08-17,2025-08-23,사람메타뉴모바이러스,21.0,7.6923076923076925,104,1
2025,34,2025-08-17,2025-08-23,사람보카바이러스,24.0,19.230769230769234,104,1
2025,34,2025-08-17,2025-08-23,사람코로나바이러스,17.0,18.269230769230766,104,1
2025,34,2025-08-17,2025-08-23,아데노바이러스,63.0,36.53846153846153,104,1
2025,34,2025-08-17,2025-08-23,인플루엔자바이러스,13.0,9.615384615384617,104,1
2025,34,2025-08-17,2025-08-23,코로나19,367.0,,,
2025,34,2025-08-17,2025-08-23,클라미디아균,5.0,51.92307692307693,104,1
2025,34,2025-08-17,2025-08-23,파라인플루엔자바이러스,228.0,62.5,104,2
2025,34,2025-08-17,2025-08-23,호흡기세포융합바이러스,31.0,15.384615384615385,104,1
2025,35,2025-08-24,2025-08-30,리노바이러스,164.0,6.730769230769231,104,1
2025,35,2025-08-24,2025-08-30,마이코플라즈마균,35.0,12.5,104,1
2025,35,2025-08-24,2025-08-30,사람메타뉴모바이러스,15.0,1.9230769230769231,104,1
2025,35,2025-08-24,2025-08-30,사람보카바이러스,30.0,39.42307692307692,104,1
2025,35,2025-08-24,2025-08-30,사람코로나바이러스,9.0,3.8461538461538463,104,1
2025,35,2025-08-24,2025-08-30,아데노바이러스,39.0,9.615384615384617,104,1
2025,35,2025-08-24,2025-08-30,인플루엔자바이러스,15.0,11.538461538461538,104,1
2025,35,2025-08-24,2025-08-30,코로나19,406.0,,,
2025,35,2025-08-24,2025-08-30,클라미디아균,4.0,32.69230769230769,104,1
2025,35,2025-08-24,2025-08-30,파라인플루엔자바이러스,213.0,62.5,104,2
2025,35,2025-08-24,2025-08-30,호흡기세포융합바이러스,37.0,17.307692307692307,104,1
2025,36,2025-08-31,2025-09-06,리노바이러스,173.0,7.6923076923076925,104,1
2025,36,2025-08-31,2025-09-06,마이코플라즈마균,34.0,11.538461538461538,104,1
2025,36,2025-08-31,2025-09-06,사람메타뉴모바이러스,18.0,5.769230769230769,104,1
2025,36,2025-08-31,2025-09-06,사람보카바이러스,13.0,0.9615384615384616,104,1
2025,36,2025-08-31,2025-09-06,사람코로나바이러스,19.0,26.923076923076923,104,1
2025,36,2025-08-31,2025-09-06,아데노바이러스,42.0,10.576923076923077,104,1
2025,36,2025-08-31,2025-09-06,인플루엔자바이러스,23.0,19.230769230769234,104,1
2025,36,2025-08-31,2025-09-06,코로나19,433.0,,,
2025,36,2025-08-31,2025-09-06,클라미디아균,4.0,32.69230769230769,104,1
2025,36,2025-08-31,2025-09-06,파라인플루엔자바이러스,184.0,61.53846153846154,104,2
2025,36,2025-08-31,2025-09-06,호흡기세포융합바이러스,54.0,22.115384615384613,104,1
2025,37,2025-09-07,2025-09-13,리노바이러스,181.0,8.653846153846153,104,1
2025,37,2025-09-07,2025-09-13,마이코플라즈마균,26.0,6.730769230769231,104,1
2025,37,2025-09-07,2025-09-13,사람메타뉴모바이러스,18.0,5.769230769230769,104,1
2025,37,2025-09-07,2025-09-13,사람보카바이러스,14.0,1.9230769230769231,104,1
2025,37,2025-09-07,2025-09-13,사람코로나바이러스,9.0,3.8461538461538463,104,1
2025,37,2025-09-07,2025-09-13,아데노바이러스,49.0,13.461538461538462,104,1
2025,37,2025-09-07,2025-09-13,인플루엔자바이러스,34.0,26.923076923076923,104,1
2025,37,2025-09-07,2025-09-13,코로나19,459.0,,,
2025,37,2025-09-07,2025-09-13,클라미디아균,7.0,77.88461538461539,104,2
2025,37,2025-09-07,2025-09-13,파라인플루엔자바이러스,200.0,62.5,104,2
2025,37,2025-09-07,2025-09-13,호흡기세포융합바이러스,56.0,23.076923076923077,104,1
2025,38,2025-09-14,2025-09-20,리노바이러스,209.0,11.538461538461538,104,1
2025,38,2025-09-14,2025-09-20,마이코플라즈마균,39.0,14.423076923076922,104,1
2025,38,2025-09-14,2025-09-20,사람메타뉴모바이러스,14.0,1.9230769230769231,104,1
2025,38,2025-09-14,2025-09-20,사람보카바이러스,19.0,11.538461538461538,104,1
2025,38,2025-09-14,2025-09-20,사람코로나바이러스,13.0,10.576923076923077,104,1
2025,38,2025-09-14,2025-09-20,아데노바이러스,44.0,10.576923076923077,104,1
2025,38,2025-09-14,2025-09-20,인플루엔자바이러스,44.0,29.807692307692307,104,1
2025,38,2025-09-14,2025-09-20,코로나19,432.0,,,
2025,38,2025-09-14,2025-09-20,클라미디아균,2.0,9.615384615384617,104,1
2025,38,2025-09-14,2025-09-20,파라인플루엔자바이러스,169.0,58.65384615384615,104,1
2025,38,2025-09-14,2025-09-20,호흡기세포융합바이러스,82.0,28.846153846153843,104,1
2025,39,2025-09-21,2025-09-27,리노바이러스,227.0,14.423076923076922,104,1
2025,39,2025-09-21,2025-09-27,마이코플라즈마균,42.0,14.423076923076922,104,1
2025,39,2025-09-21,2025-09-27,사람메타뉴모바이러스,21.0,7.6923076923076925,104,1
2025,39,2025-09-21,2025-09-27,사람보카바이러스,15.0,1.9230769230769231,104,1
2025,39,2025-09-21,2025-09-27,사람코로나바이러스,16.0,17.307692307692307,104,1
2025,39,2025-09-21,2025-09-27,아데노바이러스,45.0,10.576923076923077,104,1
2025,39,2025-09-21,2025-09-27,인플루엔자바이러스,47.0,30.76923076923077,104,1
2025,39,2025-09-21,2025-09-27,코로나19,399.0,,,
2025,39,2025-09-21,2025-09-27,클라미디아균,4.0,32.69230769230769,104,1
2025,39,2025-09-21,2025-09-27,파라인플루엔자바이러스,192.0,61.53846153846154,104,2
2025,39,2025-09-21,2025-09-27,호흡기세포융합바이러스,73.0,24.03846153846154,104,1
2025,40,2025-09-28,2025-10-04,리노바이러스,192.0,10.576923076923077,104,1
2025,40,2025-09-28,2025-10-04,마이코플라즈마균,42.0,14.423076923076922,104,1
2025,40,2025-09-28,2025-10-04,사람메타뉴모바이러스,16.0,1.9230769230769231,104,1
2025,40,2025-09-28,2025-10-04,사람보카바이러스,17.0,9.615384615384617,104,1
2025,40,2025-09-28,2025-10-04,사람코로나바이러스,15.0,15.384615384615385,104,1
2025,40,2025-09-28,2025-10-04,아데노바이러스,31.0,0.0,104,1
2025,40,2025-09-28,2025-10-04,인플루엔자바이러스,41.0,29.807692307692307,104,1
2025,40,2025-09-28,2025-10-04,코로나19,305.0,,,
2025,40,2025-09-28,2025-10-04,클라미디아균,2.0,9.615384615384617,104,1
2025,40,2025-09-28,2025-10-04,파라인플루엔자바이러스,154.0,58.65384615384615,104,1
2025,40,2025-09-28,2025-10-04,호흡기세포융합바이러스,125.0,48.07692307692308,104,1
2025,41,2025-10-05,2025-10-11,리노바이러스,163.0,6.730769230769231,104,1
2025,41,2025-10-05,2025-10-11,마이코플라즈마균,29.0,8.653846153846153,104,1
2025,41,2025-10-05,2025-10-11,사람메타뉴모바이러스,13.0,1.9230769230769231,104,1
2025,41,2025-10-05,2025-10-11,사람보카바이러스,15.0,1.9230769230769231,104,1
2025,41,2025-10-05,2025-10-11,사람코로나바이러스,19.0,26.923076923076923,104,1
2025,41,2025-10-05,2025-10-11,아데노바이러스,55.0,26.923076923076923,104,1
2025,41,2025-10-05,2025-10-11,인플루엔자바이러스,53.0,30.76923076923077,104,1
2025,41,2025-10-05,2025-10-11,코로나19,228.0,,,
2025,41,2025-10-05,2025-10-11,클라미디아균,4.0,32.69230769230769,104,1
2025,41,2025-10-05,2025-10-11,파라인플루엔자바이러스,127.0,50.96153846153846,104,1
2025,41,2025-10-05,2025-10-11,호흡기세포융합바이러스,104.0,41.34615384615385,104,1
2025,42,2025-10-12,2025-10-18,리노바이러스,223.0,12.5,104,1
2025,42,2025-10-12,2025-10-18,마이코플라즈마균,46.0,19.230769230769234,104,1
2025,42,2025-10-12,2025-10-18,사람메타뉴모바이러스,27.0,14.423076923076922,104,1
2025,42,2025-10-12,2025-10-18,사람보카바이러스,13.0,0.9615384615384616,104,1
2025,42,2025-10-12,2025-10-18,사람코로나바이러스,29.0,40.38461538461539,104,1
2025,42,2025-10-12,2025-10-18,아데노바이러스,32.0,0.0,104,1
2025,42,2025-10-12,2025-10-18,인플루엔자바이러스,55.0,31.73076923076923,104,1
2025,42,2025-10-12,2025-10-18,코로나19,196.0,,,
2025,42,2025-10-12,2025-10-18,클라미디아균,11.0,94.23076923076923,104,3
2025,42,2025-10-12,2025-10-18,파라인플루엔자바이러스,112.0,47.11538461538461,104,1
2025,42,2025-10-12,2025-10-18,호흡기세포융합바이러스,83.0,28.846153846153843,104,1
2025,43,2025-10-19,2025-10-25,리노바이러스,259.0,21.153846153846153,104,1
2025,43,2025-10-19,2025-10-25,마이코플라즈마균,35.0,12.5,104,1
2025,43,2025-10-19,2025-10-25,사람메타뉴모바이러스,22.0,8.653846153846153,104,1
2025,43,2025-10-19,2025-10-25,사람보카바이러스,21.0,13.461538461538462,104,1
2025,43,2025-10-19,2025-10-25,사람코로나바이러스,25.0,35.57692307692308,104,1
2025,43,2025-10-19,2025-10-25,아데노바이러스,46.0,10.576923076923077,104,1
2025,43,2025-10-19,2025-10-25,인플루엔자바이러스,98.0,52.88461538461539,104,1
2025,43,2025-10-19,2025-10-25,코로나19,180.0,,,
2025,43,2025-10-19,2025-10-25,클라미디아균,3.0,22.115384615384613,104,1
2025,43,2025-10-19,2025-10-25,파라인플루엔자바이러스,121.0,49.03846153846153,104,1
2025,43,2025-10-19,2025-10-25,호흡기세포융합바이러스,159.0,56.730769230769226,104,1
2025,44,2025-10-26,2025-11-01,리노바이러스,339.0,43.269230769230774,104,1
2025,44,2025-10-26,2025-11-01,마이코플라즈마균,63.0,26.923076923076923,104,1
2025,44,2025-10-26,2025-11-01,사람메타뉴모바이러스,22.0,8.653846153846153,104,1
2025,44,2025-10-26,2025-11-01,사람보카바이러스,18.0,10.576923076923077,104,1
2025,44,2025-10-26,2025-11-01,사람코로나바이러스,30.0,41.34615384615385,104,1
2025,44,2025-10-26,2025-11-01,아데노바이러스,54.0,24.03846153846154,104,1
2025,44,2025-10-26,2025-11-01,인플루엔자바이러스,174.0,67.3076923076923,104,2
2025,44,2025-10-26,2025-11-01,코로나19,201.0,,,
2025,44,2025-10-26,2025-11-01,클라미디아균,3.0,22.115384615384613,104,1
2025,44,2025-10-26,2025-11-01,파라인플루엔자바이러스,127.0,50.96153846153846,104,1
2025,44,2025-10-26,2025-11-01,호흡기세포융합바이러스,207.0,64.42307692307693,104,2
2025,45,2025-11-02,2025-11-08,리노바이러스,410.0,64.42307692307693,104,2
2025,45,2025-11-02,2025-11-08,마이코플라즈마균,56.0,24.03846153846154,104,1
2025,45,2025-11-02,2025-11-08,사람메타뉴모바이러스,29.0,18.269230769230766,104,1
2025,45,2025-11-02,2025-11-08,사람보카바이러스,18.0,10.576923076923077,104,1
2025,45,2025-11-02,2025-11-08,사람코로나바이러스,43.0,48.07692307692308,104,1
2025,45,2025-11-02,2025-11-08,아데노바이러스,68.0,40.38461538461539,104,1
2025,45,2025-11-02,2025-11-08,인플루엔자바이러스,334.0,83.65384615384616,104,2
2025,45,2025-11-02,2025-11-08,코로나19,153.0,,,
2025,45,2025-11-02,2025-11-08,클라미디아균,11.0,94.23076923076923,104,3
2025,45,2025-11-02,2025-11-08,파라인플루엔자바이러스,133.0,54.807692307692314,104,1
2025,45,2025-11-02,2025-11-08,호흡기세포융합바이러스,222.0,68.26923076923077,104,2
2025,46,2025-11-09,2025-11-15,리노바이러스,439.0,76.92307692307693,104,2
2025,46,2025-11-09,2025-11-15,마이코플라즈마균,53.0,20.192307692307693,104,1
2025,46,2025-11-09,2025-11-15,사람메타뉴모바이러스,15.0,1.9230769230769231,104,1
2025,46,2025-11-09,2025-11-15,사람보카바이러스,25.0,24.03846153846154,104,1
2025,46,2025-11-09,2025-11-15,사람코로나바이러스,50.0,51.92307692307693,104,1
2025,46,2025-11-09,2025-11-15,아데노바이러스,58.0,31.73076923076923,104,1
2025,46,2025-11-09,2025-11-15,인플루엔자바이러스,490.0,90.38461538461539,104,3
2025,46,2025-11-09,2025-11-15,코로나19,145.0,,,
2025,46,2025-11-09,2025-11-15,클라미디아균,7.0,77.88461538461539,104,2
2025,46,2025-11-09,2025-11-15,파라인플루엔자바이러스,141.0,55.769230769230774,104,1
2025,46,2025-11-09,2025-11-15,호흡기세포융합바이러스,220.0,68.26923076923077,104,2
2025,47,2025-11-16,2025-11-22,리노바이러스,394.0,60.57692307692307,104,2
2025,47,2025-11-16,2025-11-22,마이코플라즈마균,50.0,19.230769230769234,104,1
2025,47,2025-11-16,2025-11-22,사람메타뉴모바이러스,24.0,13.461538461538462,104,1
2025,47,2025-11-16,2025-11-22,사람보카바이러스,14.0,1.9230769230769231,104,1
2025,47,2025-11-16,2025-11-22,사람코로나바이러스,45.0,48.07692307692308,104,1
2025,47,2025-11-16,2025-11-22,아데노바이러스,67.0,40.38461538461539,104,1
2025,47,2025-11-16,2025-11-22,인플루엔자바이러스,605.0,91.34615384615384,104,3
2025,47,2025-11-16,2025-11-22,코로나19,135.0,,,
2025,47,2025-11-16,2025-11-22,클라미디아균,5.0,51.92307692307693,104,1
2025,47,2025-11-16,2025-11-22,파라인플루엔자바이러스,103.0,44.230769230769226,104,1
2025,47,2025-11-16,2025-11-22,호흡기세포융합바이러스,216.0,67.3076923076923,104,2
2025,48,2025-11-23,2025-11-29,리노바이러스,402.0,62.5,104,2
2025,48,2025-11-23,2025-11-29,마이코플라즈마균,45.0,19.230769230769234,104,1
2025,48,2025-11-23,2025-11-29,사람메타뉴모바이러스,19.0,5.769230769230769,104,1
2025,48,2025-11-23,2025-11-29,사람보카바이러스,17.0,9.615384615384617,104,1
2025,48,2025-11-23,2025-11-29,사람코로나바이러스,49.0,51.92307692307693,104,1
2025,48,2025-11-23,2025-11-29,아데노바이러스,81.0,51.92307692307693,104,1
2025,48,2025-11-23,2025-11-29,인플루엔자바이러스,708.0,93.26923076923077,104,3
2025,48,2025-11-23,2025-11-29,코로나19,138.0,,,
2025,48,2025-11-23,2025-11-29,클라미디아균,5.0,51.92307692307693,104,1
2025,48,2025-11-23,2025-11-29,파라인플루엔자바이러스,98.0,43.269230769230774,104,1
2025,48,2025-11-23,2025-11-29,호흡기세포융합바이러스,260.0,72.11538461538461,104,2
2025,49,2025-11-30,2025-12-06,리노바이러스,334.0,41.34615384615385,104,1
2025,49,2025-11-30,2025-12-06,마이코플라즈마균,37.0,12.5,104,1
2025,49,2025-11-30,2025-12-06,사람메타뉴모바이러스,20.0,6.730769230769231,104,1
2025,49,2025-11-30,2025-12-06,사람보카바이러스,9.0,0.0,104,1
2025,49,2025-11-30,2025-12-06,사람코로나바이러스,64.0,57.692307692307686,104,1
2025,49,2025-11-30,2025-12-06,아데노바이러스,65.0,38.46153846153847,104,1
2025,49,2025-11-30,2025-12-06,인플루엔자바이러스,633.0,91.34615384615384,104,3
2025,49,2025-11-30,2025-12-06,코로나19,106.0,,,
2025,49,2025-11-30,2025-12-06,클라미디아균,5.0,51.92307692307693,104,1
2025,49,2025-11-30,2025-12-06,파라인플루엔자바이러스,83.0,41.34615384615385,104,1
2025,49,2025-11-30,2025-12-06,호흡기세포융합바이러스,267.0,73.07692307692307,104,2
2025,50,2025-12-07,2025-12-13,리노바이러스,307.0,33.65384615384615,104,1
2025,50,2025-12-07,2025-12-13,마이코플라즈마균,38.0,14.423076923076922,104,1
2025,50,2025-12-07,2025-12-13,사람메타뉴모바이러스,24.0,13.461538461538462,104,1
2025,50,2025-12-07,2025-12-13,사람보카바이러스,8.0,0.0,104,1
2025,50,2025-12-07,2025-12-13,사람코로나바이러스,69.0,59.61538461538461,104,1
2025,50,2025-12-07,2025-12-13,아데노바이러스,47.0,11.538461538461538,104,1
2025,50,2025-12-07,2025-12-13,인플루엔자바이러스,607.0,91.34615384615384,104,3
2025,50,2025-12-07,2025-12-13,코로나19,101.0,,,
2025,50,2025-12-07,2025-12-13,클라미디아균,4.0,32.69230769230769,104,1
2025,50,2025-12-07,2025-12-13,파라인플루엔자바이러스,78.0,41.34615384615385,104,1
2025,50,2025-12-07,2025-12-13,호흡기세포융합바이러스,260.0,72.11538461538461,104,2
2025,51,2025-12-14,2025-12-20,리노바이러스,335.0,41.34615384615385,104,1
2025,51,2025-12-14,2025-12-20,마이코플라즈마균,39.0,14.423076923076922,104,1
2025,51,2025-12-14,2025-12-20,사람메타뉴모바이러스,27.0,14.423076923076922,104,1
2025,51,2025-12-14,2025-12-20,사람보카바이러스,11.0,0.0,104,1
2025,51,2025-12-14,2025-12-20,사람코로나바이러스,60.0,55.769230769230774,104,1
2025,51,2025-12-14,2025-12-20,아데노바이러스,62.0,35.57692307692308,104,1
2025,51,2025-12-14,2025-12-20,인플루엔자바이러스,495.0,90.38461538461539,104,3
2025,51,2025-12-14,2025-12-20,코로나19,83.0,,,
2025,51,2025-12-14,2025-12-20,클라미디아균,3.0,22.115384615384613,104,1
2025,51,2025-12-14,2025-12-20,파라인플루엔자바이러스,78.0,41.34615384615385,104,1
2025,51,2025-12-14,2025-12-20,호흡기세포융합바이러스,336.0,75.96153846153845,104,2
2025,52,2025-12-21,2025-12-27,리노바이러스,311.0,33.65384615384615,104,1
2025,52,2025-12-21,2025-12-27,마이코플라즈마균,28.0,8.653846153846153,104,1
2025,52,2025-12-21,2025-12-27,사람메타뉴모바이러스,25.0,14.423076923076922,104,1
2025,52,2025-12-21,2025-12-27,사람보카바이러스,15.0,1.9230769230769231,104,1
2025,52,2025-12-21,2025-12-27,사람코로나바이러스,65.0,57.692307692307686,104,1
2025,52,2025-12-21,2025-12-27,아데노바이러스,62.0,35.57692307692308,104,1
2025,52,2025-12-21,2025-12-27,인플루엔자바이러스,451.0,90.38461538461539,104,3
2025,52,2025-12-21,2025-12-27,코로나19,66.0,,,
2025,52,2025-12-21,2025-12-27,클라미디아균,4.0,32.69230769230769,104,1
2025,52,2025-12-21,2025-12-27,파라인플루엔자바이러스,57.0,30.76923076923077,104,1
2025,52,2025-12-21,2025-12-27,호흡기세포융합바이러스,311.0,75.0,104,2
2026,1,2025-12-28,2026-01-03,리노바이러스,261.0,37.5,104,1
2026,1,2025-12-28,2026-01-03,마이코플라즈마균,26.0,2.8846153846153846,104,1
2026,1,2025-12-28,2026-01-03,사람메타뉴모바이러스,41.0,41.34615384615385,104,1
2026,1,2025-12-28,2026-01-03,사람보카바이러스,13.0,7.6923076923076925,104,1
2026,1,2025-12-28,2026-01-03,사람코로나바이러스,73.0,64.42307692307693,104,2
2026,1,2025-12-28,2026-01-03,아데노바이러스,79.0,81.73076923076923,104,2
2026,1,2025-12-28,2026-01-03,인플루엔자바이러스,419.0,84.61538461538461,104,2
2026,1,2025-12-28,2026-01-03,코로나19,60.0,3.8461538461538463,104,1
2026,1,2025-12-28,2026-01-03,클라미디아균,6.0,67.3076923076923,104,2
2026,1,2025-12-28,2026-01-03,파라인플루엔자바이러스,64.0,40.38461538461539,104,1
2026,1,2025-12-28,2026-01-03,호흡기세포융합바이러스,328.0,83.65384615384616,104,2
2026,2,2026-01-04,2026-01-10,리노바이러스,254.0,36.53846153846153,104,1
2026,2,2026-01-04,2026-01-10,마이코플라즈마균,32.0,11.538461538461538,104,1
2026,2,2026-01-04,2026-01-10,사람메타뉴모바이러스,46.0,42.30769230769231,104,1
2026,2,2026-01-04,2026-01-10,사람보카바이러스,21.0,36.53846153846153,104,1
2026,2,2026-01-04,2026-01-10,사람코로나바이러스,97.0,74.03846153846155,104,2
2026,2,2026-01-04,2026-01-10,아데노바이러스,76.0,76.92307692307693,104,2
2026,2,2026-01-04,2026-01-10,인플루엔자바이러스,499.0,88.46153846153845,104,2
2026,2,2026-01-04,2026-01-10,코로나19,61.0,3.8461538461538463,104,1
2026,2,2026-01-04,2026-01-10,클라미디아균,5.0,56.730769230769226,104,1
2026,2,2026-01-04,2026-01-10,파라인플루엔자바이러스,58.0,40.38461538461539,104,1
2026,2,2026-01-04,2026-01-10,호흡기세포융합바이러스,343.0,84.61538461538461,104,2
2026,3,2026-01-11,2026-01-17,리노바이러스,290.0,43.269230769230774,104,1
2026,3,2026-01-11,2026-01-17,마이코플라즈마균,34.0,16.346153846153847,104,1
2026,3,2026-01-11,2026-01-17,사람메타뉴모바이러스,51.0,48.07692307692308,104,1
2026,3,2026-01-11,2026-01-17,사람보카바이러스,20.0,34.61538461538461,104,1
2026,3,2026-01-11,2026-01-17,사람코로나바이러스,111.0,75.96153846153845,104,2
2026,3,2026-01-11,2026-01-17,아데노바이러스,74.0,72.11538461538461,104,2
2026,3,2026-01-11,2026-01-17,인플루엔자바이러스,491.0,87.5,104,2
2026,3,2026-01-11,2026-01-17,코로나19,41.0,0.0,104,1
2026,3,2026-01-11,2026-01-17,클라미디아균,6.0,67.3076923076923,104,2
2026,3,2026-01-11,2026-01-17,파라인플루엔자바이러스,57.0,38.46153846153847,104,1
2026,3,2026-01-11,2026-01-17,호흡기세포융합바이러스,414.0,89.42307692307693,104,2
2026,4,2026-01-18,2026-01-24,리노바이러스,276.0,41.34615384615385,104,1
2026,4,2026-01-18,2026-01-24,마이코플라즈마균,28.0,3.8461538461538463,104,1
2026,4,2026-01-18,2026-01-24,사람메타뉴모바이러스,81.0,57.692307692307686,104,1
2026,4,2026-01-18,2026-01-24,사람보카바이러스,24.0,39.42307692307692,104,1
2026,4,2026-01-18,2026-01-24,사람코로나바이러스,138.0,77.88461538461539,104,2
2026,4,2026-01-18,2026-01-24,아데노바이러스,60.0,50.96153846153846,104,1
2026,4,2026-01-18,2026-01-24,인플루엔자바이러스,426.0,84.61538461538461,104,2
2026,4,2026-01-18,2026-01-24,코로나19,51.0,1.9230769230769231,104,1
2026,4,2026-01-18,2026-01-24,클라미디아균,9.0,88.46153846153845,104,2
2026,4,2026-01-18,2026-01-24,파라인플루엔자바이러스,60.0,40.38461538461539,104,1
2026,4,2026-01-18,2026-01-24,호흡기세포융합바이러스,426.0,89.42307692307693,104,2
2026,5,2026-01-25,2026-01-31,리노바이러스,237.0,30.76923076923077,104,1
2026,5,2026-01-25,2026-01-31,마이코플라즈마균,35.0,18.269230769230766,104,1
2026,5,2026-01-25,2026-01-31,사람메타뉴모바이러스,74.0,56.730769230769226,104,1
2026,5,2026-01-25,2026-01-31,사람보카바이러스,19.0,31.73076923076923,104,1
2026,5,2026-01-25,2026-01-31,사람코로나바이러스,162.0,80.76923076923077,104,2
2026,5,2026-01-25,2026-01-31,아데노바이러스,78.0,79.8076923076923,104,2
2026,5,2026-01-25,2026-01-31,인플루엔자바이러스,410.0,83.65384615384616,104,2
2026,5,2026-01-25,2026-01-31,코로나19,59.0,3.8461538461538463,104,1
2026,5,2026-01-25,2026-01-31,클라미디아균,6.0,67.3076923076923,104,2
2026,5,2026-01-25,2026-01-31,파라인플루엔자바이러스,54.0,38.46153846153847,104,1
2026,5,2026-01-25,2026-01-31,호흡기세포융합바이러스,406.0,88.46153846153845,104,2
2026,6,2026-02-01,2026-02-07,리노바이러스,224.0,25.0,104,1
2026,6,2026-02-01,2026-02-07,마이코플라즈마균,35.0,18.269230769230766,104,1
2026,6,2026-02-01,2026-02-07,사람메타뉴모바이러스,77.0,56.730769230769226,104,1
2026,6,2026-02-01,2026-02-07,사람보카바이러스,15.0,14.423076923076922,104,1
2026,6,2026-02-01,2026-02-07,사람코로나바이러스,157.0,80.76923076923077,104,2
2026,6,2026-02-01,2026-02-07,아데노바이러스,41.0,7.6923076923076925,104,1
2026,6,2026-02-01,2026-02-07,인플루엔자바이러스,443.0,85.57692307692307,104,2
2026,6,2026-02-01,2026-02-07,코로나19,51.0,1.9230769230769231,104,1
2026,6,2026-02-01,2026-02-07,클라미디아균,8.0,84.61538461538461,104,2
2026,6,2026-02-01,2026-02-07,파라인플루엔자바이러스,47.0,33.65384615384615,104,1
2026,6,2026-02-01,2026-02-07,호흡기세포융합바이러스,473.0,93.26923076923077,104,3
2026,7,2026-02-08,2026-02-14,리노바이러스,217.0,20.192307692307693,104,1
2026,7,2026-02-08,2026-02-14,마이코플라즈마균,37.0,22.115384615384613,104,1
2026,7,2026-02-08,2026-02-14,사람메타뉴모바이러스,83.0,58.65384615384615,104,1
2026,7,2026-02-08,2026-02-14,사람보카바이러스,8.0,0.9615384615384616,104,1
2026,7,2026-02-08,2026-02-14,사람코로나바이러스,189.0,89.42307692307693,104,2
2026,7,2026-02-08,2026-02-14,아데노바이러스,67.0,62.5,104,2
2026,7,2026-02-08,2026-02-14,인플루엔자바이러스,346.0,82.6923076923077,104,2
2026,7,2026-02-08,2026-02-14,코로나19,61.0,3.8461538461538463,104,1
2026,7,2026-02-08,2026-02-14,클라미디아균,9.0,88.46153846153845,104,2
2026,7,2026-02-08,2026-02-14,파라인플루엔자바이러스,44.0,31.73076923076923,104,1
2026,7,2026-02-08,2026-02-14,호흡기세포융합바이러스,406.0,88.46153846153845,104,2
2026,8,2026-02-15,2026-02-21,리노바이러스,151.0,5.769230769230769,104,1
2026,8,2026-02-15,2026-02-21,마이코플라즈마균,21.0,0.9615384615384616,104,1
2026,8,2026-02-15,2026-02-21,사람메타뉴모바이러스,101.0,65.38461538461539,104,2
2026,8,2026-02-15,2026-02-21,사람보카바이러스,7.0,0.9615384615384616,104,1
2026,8,2026-02-15,2026-02-21,사람코로나바이러스,174.0,86.53846153846155,104,2
2026,8,2026-02-15,2026-02-21,아데노바이러스,56.0,41.34615384615385,104,1
2026,8,2026-02-15,2026-02-21,인플루엔자바이러스,222.0,77.88461538461539,104,2
2026,8,2026-02-15,2026-02-21,코로나19,38.0,0.0,104,1
2026,8,2026-02-15,2026-02-21,클라미디아균,3.0,16.346153846153847,104,1
2026,8,2026-02-15,2026-02-21,파라인플루엔자바이러스,28.0,17.307692307692307,104,1
2026,8,2026-02-15,2026-02-21,호흡기세포융합바이러스,395.0,88.46153846153845,104,2
2026,9,2026-02-22,2026-02-28,리노바이러스,168.0,9.615384615384617,104,1
2026,9,2026-02-22,2026-02-28,마이코플라즈마균,21.0,0.9615384615384616,104,1
2026,9,2026-02-22,2026-02-28,사람메타뉴모바이러스,97.0,65.38461538461539,104,2
2026,9,2026-02-22,2026-02-28,사람보카바이러스,11.0,5.769230769230769,104,1
2026,9,2026-02-22,2026-02-28,사람코로나바이러스,172.0,86.53846153846155,104,2
2026,9,2026-02-22,2026-02-28,아데노바이러스,49.0,24.03846153846154,104,1
2026,9,2026-02-22,2026-02-28,인플루엔자바이러스,192.0,77.88461538461539,104,2
2026,9,2026-02-22,2026-02-28,코로나19,43.0,0.0,104,1
2026,9,2026-02-22,2026-02-28,클라미디아균,5.0,56.730769230769226,104,1
2026,9,2026-02-22,2026-02-28,파라인플루엔자바이러스,34.0,24.03846153846154,104,1
2026,9,2026-02-22,2026-02-28,호흡기세포융합바이러스,418.0,89.42307692307693,104,2
2026,10,2026-03-01,2026-03-07,리노바이러스,132.0,2.8846153846153846,104,1
2026,10,2026-03-01,2026-03-07,마이코플라즈마균,14.0,0.9615384615384616,104,1
2026,10,2026-03-01,2026-03-07,사람메타뉴모바이러스,121.0,68.26923076923077,104,2
2026,10,2026-03-01,2026-03-07,사람보카바이러스,8.0,0.9615384615384616,104,1
2026,10,2026-03-01,2026-03-07,사람코로나바이러스,188.0,89.42307692307693,104,2
2026,10,2026-03-01,2026-03-07,아데노바이러스,40.0,7.6923076923076925,104,1
2026,10,2026-03-01,2026-03-07,인플루엔자바이러스,115.0,74.03846153846155,104,2
2026,10,2026-03-01,2026-03-07,코로나19,41.0,0.0,104,1
2026,10,2026-03-01,2026-03-07,클라미디아균,2.0,5.769230769230769,104,1
2026,10,2026-03-01,2026-03-07,파라인플루엔자바이러스,38.0,26.923076923076923,104,1
2026,10,2026-03-01,2026-03-07,호흡기세포융합바이러스,373.0,86.53846153846155,104,2
2026,11,2026-03-08,2026-03-14,리노바이러스,167.0,9.615384615384617,104,1
2026,11,2026-03-08,2026-03-14,마이코플라즈마균,18.0,0.9615384615384616,104,1
2026,11,2026-03-08,2026-03-14,사람메타뉴모바이러스,135.0,72.11538461538461,104,2
2026,11,2026-03-08,2026-03-14,사람보카바이러스,11.0,5.769230769230769,104,1
2026,11,2026-03-08,2026-03-14,사람코로나바이러스,178.0,88.46153846153845,104,2
2026,11,2026-03-08,2026-03-14,아데노바이러스,56.0,41.34615384615385,104,1
2026,11,2026-03-08,2026-03-14,인플루엔자바이러스,115.0,74.03846153846155,104,2
2026,11,2026-03-08,2026-03-14,코로나19,29.0,0.0,104,1
2026,11,2026-03-08,2026-03-14,클라미디아균,7.0,75.0,104,2
2026,11,2026-03-08,2026-03-14,파라인플루엔자바이러스,50.0,34.61538461538461,104,1
2026,11,2026-03-08,2026-03-14,호흡기세포융합바이러스,377.0,86.53846153846155,104,2
2026,12,2026-03-15,2026-03-21,리노바이러스,287.0,42.30769230769231,104,1
2026,12,2026-03-15,2026-03-21,마이코플라즈마균,14.0,0.9615384615384616,104,1
2026,12,2026-03-15,2026-03-21,사람메타뉴모바이러스,192.0,83.65384615384616,104,2
2026,12,2026-03-15,2026-03-21,사람보카바이러스,12.0,6.730769230769231,104,1
2026,12,2026-03-15,2026-03-21,사람코로나바이러스,238.0,99.03846153846155,104,4
2026,12,2026-03-15,2026-03-21,아데노바이러스,63.0,54.807692307692314,104,1
2026,12,2026-03-15,2026-03-21,인플루엔자바이러스,97.0,71.15384615384616,104,2
2026,12,2026-03-15,2026-03-21,코로나19,43.0,0.0,104,1
2026,12,2026-03-15,2026-03-21,클라미디아균,4.0,30.76923076923077,104,1
2026,12,2026-03-15,2026-03-21,파라인플루엔자바이러스,59.0,40.38461538461539,104,1
2026,12,2026-03-15,2026-03-21,호흡기세포융합바이러스,350.0,85.57692307692307,104,2
2026,13,2026-03-22,2026-03-28,리노바이러스,334.0,56.730769230769226,104,1
2026,13,2026-03-22,2026-03-28,마이코플라즈마균,18.0,0.9615384615384616,104,1
2026,13,2026-03-22,2026-03-28,사람메타뉴모바이러스,210.0,90.38461538461539,104,3
2026,13,2026-03-22,2026-03-28,사람보카바이러스,19.0,31.73076923076923,104,1
2026,13,2026-03-22,2026-03-28,사람코로나바이러스,244.0,99.03846153846155,104,4
2026,13,2026-03-22,2026-03-28,아데노바이러스,78.0,79.8076923076923,104,2
2026,13,2026-03-22,2026-03-28,인플루엔자바이러스,97.0,71.15384615384616,104,2
2026,13,2026-03-22,2026-03-28,코로나19,47.0,0.9615384615384616,104,1
2026,13,2026-03-22,2026-03-28,클라미디아균,6.0,67.3076923076923,104,2
2026,13,2026-03-22,2026-03-28,파라인플루엔자바이러스,67.0,40.38461538461539,104,1
2026,13,2026-03-22,2026-03-28,호흡기세포융합바이러스,312.0,82.6923076923077,104,2
2026,14,2026-03-29,2026-04-04,리노바이러스,413.0,82.6923076923077,104,2
2026,14,2026-03-29,2026-04-04,마이코플라즈마균,22.0,0.9615384615384616,104,1
2026,14,2026-03-29,2026-04-04,사람메타뉴모바이러스,291.0,100.0,104,4
2026,14,2026-03-29,2026-04-04,사람보카바이러스,27.0,49.03846153846153,104,1
2026,14,2026-03-29,2026-04-04,사람코로나바이러스,245.0,99.03846153846155,104,4
2026,14,2026-03-29,2026-04-04,아데노바이러스,78.0,79.8076923076923,104,2
2026,14,2026-03-29,2026-04-04,인플루엔자바이러스,125.0,75.0,104,2
2026,14,2026-03-29,2026-04-04,코로나19,46.0,0.0,104,1
2026,14,2026-03-29,2026-04-04,클라미디아균,4.0,30.76923076923077,104,1
2026,14,2026-03-29,2026-04-04,파라인플루엔자바이러스,86.0,48.07692307692308,104,1
2026,14,2026-03-29,2026-04-04,호흡기세포융합바이러스,284.0,80.76923076923077,104,2
2026,15,2026-04-05,2026-04-11,리노바이러스,426.0,86.53846153846155,104,2
2026,15,2026-04-05,2026-04-11,마이코플라즈마균,23.0,0.9615384615384616,104,1
2026,15,2026-04-05,2026-04-11,사람메타뉴모바이러스,280.0,100.0,104,4
2026,15,2026-04-05,2026-04-11,사람보카바이러스,29.0,52.88461538461539,104,1
2026,15,2026-04-05,2026-04-11,사람코로나바이러스,226.0,98.07692307692307,104,4
2026,15,2026-04-05,2026-04-11,아데노바이러스,82.0,85.57692307692307,104,2
2026,15,2026-04-05,2026-04-11,인플루엔자바이러스,76.0,66.34615384615384,104,2
2026,15,2026-04-05,2026-04-11,코로나19,55.0,1.9230769230769231,104,1
2026,15,2026-04-05,2026-04-11,클라미디아균,1.0,1.9230769230769231,104,1
2026,15,2026-04-05,2026-04-11,파라인플루엔자바이러스,101.0,50.0,104,1
2026,15,2026-04-05,2026-04-11,호흡기세포융합바이러스,227.0,74.03846153846155,104,2
2026,16,2026-04-12,2026-04-18,리노바이러스,433.0,88.46153846153845,104,2
2026,16,2026-04-12,2026-04-18,마이코플라즈마균,27.0,3.8461538461538463,104,1
2026,16,2026-04-12,2026-04-18,사람메타뉴모바이러스,327.0,100.0,104,4
2026,16,2026-04-12,2026-04-18,사람보카바이러스,44.0,71.15384615384616,104,2
2026,16,2026-04-12,2026-04-18,사람코로나바이러스,241.0,99.03846153846155,104,4
2026,16,2026-04-12,2026-04-18,아데노바이러스,99.0,97.11538461538461,104,4
2026,16,2026-04-12,2026-04-18,인플루엔자바이러스,65.0,64.42307692307693,104,2
2026,16,2026-04-12,2026-04-18,코로나19,63.0,5.769230769230769,104,1
2026,16,2026-04-12,2026-04-18,클라미디아균,6.0,67.3076923076923,104,2
2026,16,2026-04-12,2026-04-18,파라인플루엔자바이러스,125.0,54.807692307692314,104,1
2026,16,2026-04-12,2026-04-18,호흡기세포융합바이러스,194.0,65.38461538461539,104,2
2026,17,2026-04-19,2026-04-25,리노바이러스,439.0,89.42307692307693,104,2
2026,17,2026-04-19,2026-04-25,마이코플라즈마균,31.0,9.615384615384617,104,1
2026,17,2026-04-19,2026-04-25,사람메타뉴모바이러스,322.0,100.0,104,4
2026,17,2026-04-19,2026-04-25,사람보카바이러스,73.0,84.61538461538461,104,2
2026,17,2026-04-19,2026-04-25,사람코로나바이러스,224.0,98.07692307692307,104,4
2026,17,2026-04-19,2026-04-25,아데노바이러스,107.0,99.03846153846155,104,4
2026,17,2026-04-19,2026-04-25,인플루엔자바이러스,58.0,58.65384615384615,104,1
2026,17,2026-04-19,2026-04-25,코로나19,56.0,2.8846153846153846,104,1
2026,17,2026-04-19,2026-04-25,클라미디아균,7.0,75.0,104,2
2026,17,2026-04-19,2026-04-25,파라인플루엔자바이러스,161.0,62.5,104,2
2026,17,2026-04-19,2026-04-25,호흡기세포융합바이러스,156.0,59.61538461538461,104,1
2026,18,2026-04-26,2026-05-02,리노바이러스,460.0,93.26923076923077,104,3
2026,18,2026-04-26,2026-05-02,마이코플라즈마균,25.0,1.9230769230769231,104,1
2026,18,2026-04-26,2026-05-02,사람메타뉴모바이러스,289.0,100.0,104,4
2026,18,2026-04-26,2026-05-02,사람보카바이러스,64.0,78.84615384615384,104,2
2026,18,2026-04-26,2026-05-02,사람코로나바이러스,163.0,80.76923076923077,104,2
2026,18,2026-04-26,2026-05-02,아데노바이러스,132.0,100.0,104,4
2026,18,2026-04-26,2026-05-02,인플루엔자바이러스,20.0,26.923076923076923,104,1
2026,18,2026-04-26,2026-05-02,코로나19,40.0,0.0,104,1
2026,18,2026-04-26,2026-05-02,클라미디아균,5.0,56.730769230769226,104,1
2026,18,2026-04-26,2026-05-02,파라인플루엔자바이러스,167.0,63.46153846153846,104,2
2026,18,2026-04-26,2026-05-02,호흡기세포융합바이러스,116.0,54.807692307692314,104,1
2026,19,2026-05-03,2026-05-09,리노바이러스,458.0,93.26923076923077,104,3
2026,19,2026-05-03,2026-05-09,마이코플라즈마균,16.0,0.9615384615384616,104,1
2026,19,2026-05-03,2026-05-09,사람메타뉴모바이러스,304.0,100.0,104,4
2026,19,2026-05-03,2026-05-09,사람보카바이러스,100.0,90.38461538461539,104,3
2026,19,2026-05-03,2026-05-09,사람코로나바이러스,166.0,83.65384615384616,104,2
2026,19,2026-05-03,2026-05-09,아데노바이러스,135.0,100.0,104,4
2026,19,2026-05-03,2026-05-09,인플루엔자바이러스,16.0,20.192307692307693,104,1
2026,19,2026-05-03,2026-05-09,코로나19,40.0,0.0,104,1
2026,19,2026-05-03,2026-05-09,클라미디아균,7.0,75.0,104,2
2026,19,2026-05-03,2026-05-09,파라인플루엔자바이러스,217.0,73.07692307692307,104,2
2026,19,2026-05-03,2026-05-09,호흡기세포융합바이러스,100.0,51.92307692307693,104,1
2026,20,2026-05-10,2026-05-16,리노바이러스,457.0,93.26923076923077,104,3
2026,20,2026-05-10,2026-05-16,마이코플라즈마균,17.0,0.9615384615384616,104,1
2026,20,2026-05-10,2026-05-16,사람메타뉴모바이러스,330.0,100.0,104,4
2026,20,2026-05-10,2026-05-16,사람보카바이러스,112.0,96.15384615384616,104,4
2026,20,2026-05-10,2026-05-16,사람코로나바이러스,159.0,80.76923076923077,104,2
2026,20,2026-05-10,2026-05-16,아데노바이러스,123.0,100.0,104,4
2026,20,2026-05-10,2026-05-16,인플루엔자바이러스,27.0,34.61538461538461,104,1
2026,20,2026-05-10,2026-05-16,코로나19,42.0,0.0,104,1
2026,20,2026-05-10,2026-05-16,클라미디아균,7.0,75.0,104,2
2026,20,2026-05-10,2026-05-16,파라인플루엔자바이러스,257.0,78.84615384615384,104,2
2026,20,2026-05-10,2026-05-16,호흡기세포융합바이러스,77.0,46.15384615384615,104,1
2026,21,2026-05-17,2026-05-23,리노바이러스,491.0,98.07692307692307,104,4
2026,21,2026-05-17,2026-05-23,마이코플라즈마균,19.0,0.9615384615384616,104,1
2026,21,2026-05-17,2026-05-23,사람메타뉴모바이러스,325.0,100.0,104,4
2026,21,2026-05-17,2026-05-23,사람보카바이러스,129.0,97.11538461538461,104,4
2026,21,2026-05-17,2026-05-23,사람코로나바이러스,134.0,77.88461538461539,104,2
2026,21,2026-05-17,2026-05-23,아데노바이러스,143.0,100.0,104,4
2026,21,2026-05-17,2026-05-23,인플루엔자바이러스,14.0,19.230769230769234,104,1
2026,21,2026-05-17,2026-05-23,코로나19,29.0,0.0,104,1
2026,21,2026-05-17,2026-05-23,클라미디아균,5.0,56.730769230769226,104,1
2026,21,2026-05-17,2026-05-23,파라인플루엔자바이러스,328.0,89.42307692307693,104,2
2026,21,2026-05-17,2026-05-23,호흡기세포융합바이러스,51.0,39.42307692307692,104,1
2026,22,2026-05-24,2026-05-30,리노바이러스,384.0,72.11538461538461,104,2
2026,22,2026-05-24,2026-05-30,마이코플라즈마균,20.0,0.9615384615384616,104,1
2026,22,2026-05-24,2026-05-30,사람메타뉴모바이러스,216.0,92.3076923076923,104,3
2026,22,2026-05-24,2026-05-30,사람보카바이러스,100.0,90.38461538461539,104,3
2026,22,2026-05-24,2026-05-30,사람코로나바이러스,86.0,71.15384615384616,104,2
2026,22,2026-05-24,2026-05-30,아데노바이러스,148.0,100.0,104,4
2026,22,2026-05-24,2026-05-30,인플루엔자바이러스,11.0,10.576923076923077,104,1
2026,22,2026-05-24,2026-05-30,코로나19,30.0,0.0,104,1
2026,22,2026-05-24,2026-05-30,클라미디아균,1.0,1.9230769230769231,104,1
2026,22,2026-05-24,2026-05-30,파라인플루엔자바이러스,330.0,89.42307692307693,104,2
2026,22,2026-05-24,2026-05-30,호흡기세포융합바이러스,38.0,31.73076923076923,104,1
2026,23,2026-05-31,2026-06-06,리노바이러스,355.0,62.5,104,2
2026,23,2026-05-31,2026-06-06,마이코플라즈마균,25.0,1.9230769230769231,104,1
2026,23,2026-05-31,2026-06-06,사람메타뉴모바이러스,205.0,88.46153846153845,104,2
2026,23,2026-05-31,2026-06-06,사람보카바이러스,89.0,88.46153846153845,104,2
2026,23,2026-05-31,2026-06-06,사람코로나바이러스,70.0,63.46153846153846,104,2
2026,23,2026-05-31,2026-06-06,아데노바이러스,103.0,98.07692307692307,104,4
2026,23,2026-05-31,2026-06-06,인플루엔자바이러스,13.0,15.384615384615385,104,1
2026,23,2026-05-31,2026-06-06,코로나19,9.0,0.0,104,1
2026,23,2026-05-31,2026-06-06,클라미디아균,2.0,5.769230769230769,104,1
2026,23,2026-05-31,2026-06-06,파라인플루엔자바이러스,354.0,92.3076923076923,104,3
2026,23,2026-05-31,2026-06-06,호흡기세포융합바이러스,41.0,33.65384615384615,104,1
2026,24,2026-06-07,2026-06-13,리노바이러스,379.0,71.15384615384616,104,2
2026,24,2026-06-07,2026-06-13,마이코플라즈마균,24.0,0.9615384615384616,104,1
2026,24,2026-06-07,2026-06-13,사람메타뉴모바이러스,198.0,86.53846153846155,104,2
2026,24,2026-06-07,2026-06-13,사람보카바이러스,117.0,97.11538461538461,104,4
2026,24,2026-06-07,2026-06-13,사람코로나바이러스,53.0,54.807692307692314,104,1
2026,24,2026-06-07,2026-06-13,아데노바이러스,110.0,99.03846153846155,104,4
2026,24,2026-06-07,2026-06-13,인플루엔자바이러스,3.0,0.0,104,1
2026,24,2026-06-07,2026-06-13,코로나19,16.0,0.0,104,1
2026,24,2026-06-07,2026-06-13,클라미디아균,2.0,5.769230769230769,104,1
2026,24,2026-06-07,2026-06-13,파라인플루엔자바이러스,362.0,95.1923076923077,104,4
2026,24,2026-06-07,2026-06-13,호흡기세포융합바이러스,27.0,25.961538461538463,104,1
2026,25,2026-06-14,2026-06-20,리노바이러스,358.0,62.5,104,2
2026,25,2026-06-14,2026-06-20,마이코플라즈마균,11.0,0.0,104,1
2026,25,2026-06-14,2026-06-20,사람메타뉴모바이러스,161.0,76.92307692307693,104,2
2026,25,2026-06-14,2026-06-20,사람보카바이러스,74.0,84.61538461538461,104,2
2026,25,2026-06-14,2026-06-20,사람코로나바이러스,55.0,55.769230769230774,104,1
2026,25,2026-06-14,2026-06-20,아데노바이러스,88.0,90.38461538461539,104,3
2026,25,2026-06-14,2026-06-20,인플루엔자바이러스,8.0,3.8461538461538463,104,1
2026,25,2026-06-14,2026-06-20,코로나19,14.0,0.0,104,1
2026,25,2026-06-14,2026-06-20,클라미디아균,4.0,30.76923076923077,104,1
2026,25,2026-06-14,2026-06-20,파라인플루엔자바이러스,351.0,91.34615384615384,104,3
2026,25,2026-06-14,2026-06-20,호흡기세포융합바이러스,17.0,8.653846153846153,104,1
2026,26,2026-06-21,2026-06-27,리노바이러스,358.0,62.5,104,2
2026,26,2026-06-21,2026-06-27,마이코플라즈마균,18.0,0.9615384615384616,104,1
2026,26,2026-06-21,2026-06-27,사람메타뉴모바이러스,120.0,68.26923076923077,104,2
2026,26,2026-06-21,2026-06-27,사람보카바이러스,83.0,88.46153846153845,104,2
2026,26,2026-06-21,2026-06-27,사람코로나바이러스,42.0,47.11538461538461,104,1
2026,26,2026-06-21,2026-06-27,아데노바이러스,94.0,96.15384615384616,104,4
2026,26,2026-06-21,2026-06-27,인플루엔자바이러스,4.0,0.0,104,1
2026,26,2026-06-21,2026-06-27,코로나19,10.0,0.0,104,1
2026,26,2026-06-21,2026-06-27,클라미디아균,1.0,1.9230769230769231,104,1
2026,26,2026-06-21,2026-06-27,파라인플루엔자바이러스,383.0,98.07692307692307,104,4
2026,26,2026-06-21,2026-06-27,호흡기세포융합바이러스,21.0,17.307692307692307,104,1
2026,27,2026-06-28,2026-07-04,리노바이러스,313.0,50.96153846153846,104,1
2026,27,2026-06-28,2026-07-04,마이코플라즈마균,21.0,0.9615384615384616,104,1
2026,27,2026-06-28,2026-07-04,사람메타뉴모바이러스,122.0,69.23076923076923,104,2
2026,27,2026-06-28,2026-07-04,사람보카바이러스,60.0,77.88461538461539,104,2
2026,27,2026-06-28,2026-07-04,사람코로나바이러스,41.0,46.15384615384615,104,1
2026,27,2026-06-28,2026-07-04,아데노바이러스,95.0,97.11538461538461,104,4
2026,27,2026-06-28,2026-07-04,인플루엔자바이러스,6.0,0.9615384615384616,104,1
2026,27,2026-06-28,2026-07-04,코로나19,12.0,0.0,104,1
2026,27,2026-06-28,2026-07-04,클라미디아균,2.0,5.769230769230769,104,1
2026,27,2026-06-28,2026-07-04,파라인플루엔자바이러스,428.0,99.03846153846155,104,4
2026,27,2026-06-28,2026-07-04,호흡기세포융합바이러스,13.0,2.8846153846153846,104,1
2026,28,2026-07-05,2026-07-11,리노바이러스,356.0,62.5,104,2
2026,28,2026-07-05,2026-07-11,마이코플라즈마균,24.0,0.9615384615384616,104,1
2026,28,2026-07-05,2026-07-11,사람메타뉴모바이러스,135.0,72.11538461538461,104,2
2026,28,2026-07-05,2026-07-11,사람보카바이러스,51.0,73.07692307692307,104,2
2026,28,2026-07-05,2026-07-11,사람코로나바이러스,35.0,42.30769230769231,104,1
2026,28,2026-07-05,2026-07-11,아데노바이러스,85.0,88.46153846153845,104,2
2026,28,2026-07-05,2026-07-11,인플루엔자바이러스,12.0,12.5,104,1
2026,28,2026-07-05,2026-07-11,코로나19,15.0,0.0,104,1
2026,28,2026-07-05,2026-07-11,클라미디아균,7.0,75.0,104,2
2026,28,2026-07-05,2026-07-11,파라인플루엔자바이러스,413.0,98.07692307692307,104,4
2026,28,2026-07-05,2026-07-11,호흡기세포융합바이러스,12.0,2.8846153846153846,104,1
2026,29,2026-07-12,2026-07-18,리노바이러스,293.0,44.230769230769226,104,1
2026,29,2026-07-12,2026-07-18,마이코플라즈마균,24.0,0.9615384615384616,104,1
2026,29,2026-07-12,2026-07-18,사람메타뉴모바이러스,93.0,62.5,104,2
2026,29,2026-07-12,2026-07-18,사람보카바이러스,43.0,71.15384615384616,104,2
2026,29,2026-07-12,2026-07-18,사람코로나바이러스,33.0,41.34615384615385,104,1
2026,29,2026-07-12,2026-07-18,아데노바이러스,82.0,85.57692307692307,104,2
2026,29,2026-07-12,2026-07-18,인플루엔자바이러스,12.0,12.5,104,1
2026,29,2026-07-12,2026-07-18,코로나19,15.0,0.0,104,1
2026,29,2026-07-12,2026-07-18,클라미디아균,4.0,30.76923076923077,104,1
2026,29,2026-07-12,2026-07-18,파라인플루엔자바이러스,390.0,98.07692307692307,104,4
2026,29,2026-07-12,2026-07-18,호흡기세포융합바이러스,16.0,4.807692307692308,104,1
2026,30,2026-07-19,2026-07-25,리노바이러스,323.0,52.88461538461539,104,1
2026,30,2026-07-19,2026-07-25,마이코플라즈마균,21.0,0.9615384615384616,104,1
2026,30,2026-07-19,2026-07-25,사람메타뉴모바이러스,123.0,69.23076923076923,104,2
2026,30,2026-07-19,2026-07-25,사람보카바이러스,53.0,75.0,104,2
2026,30,2026-07-19,2026-07-25,사람코로나바이러스,30.0,38.46153846153847,104,1
2026,30,2026-07-19,2026-07-25,아데노바이러스,83.0,86.53846153846155,104,2
2026,30,2026-07-19,2026-07-25,인플루엔자바이러스,31.0,40.38461538461539,104,1
2026,30,2026-07-19,2026-07-25,코로나19,23.0,0.0,104,1
2026,30,2026-07-19,2026-07-25,클라미디아균,3.0,16.346153846153847,104,1
2026,30,2026-07-19,2026-07-25,파라인플루엔자바이러스,477.0,100.0,104,4
2026,30,2026-07-19,2026-07-25,호흡기세포융합바이러스,10.0,1.9230769230769231,104,1
2026,31,2026-07-26,2026-08-01,리노바이러스,301.0,46.15384615384615,104,1
2026,31,2026-07-26,2026-08-01,마이코플라즈마균,23.0,0.9615384615384616,104,1
2026,31,2026-07-26,2026-08-01,사람메타뉴모바이러스,107.0,66.34615384615384,104,2
2026,31,2026-07-26,2026-08-01,사람보카바이러스,44.0,71.15384615384616,104,2
2026,31,2026-07-26,2026-08-01,사람코로나바이러스,32.0,40.38461538461539,104,1
2026,31,2026-07-26,2026-08-01,아데노바이러스,79.0,81.73076923076923,104,2
2026,31,2026-07-26,2026-08-01,인플루엔자바이러스,38.0,45.19230769230769,104,1
2026,31,2026-07-26,2026-08-01,코로나19,27.0,0.0,104,1
2026,31,2026-07-26,2026-08-01,클라미디아균,2.0,5.769230769230769,104,1
2026,31,2026-07-26,2026-08-01,파라인플루엔자바이러스,401.0,98.07692307692307,104,4
2026,31,2026-07-26,2026-08-01,호흡기세포융합바이러스,28.0,25.961538461538463,104,1
2026,32,2026-08-02,2026-08-08,리노바이러스,246.0,34.61538461538461,104,1
2026,32,2026-08-02,2026-08-08,마이코플라즈마균,24.0,0.9615384615384616,104,1
2026,32,2026-08-02,2026-08-08,사람메타뉴모바이러스,97.0,65.38461538461539,104,2
2026,32,2026-08-02,2026-08-08,사람보카바이러스,32.0,56.730769230769226,104,1
2026,32,2026-08-02,2026-08-08,사람코로나바이러스,26.0,33.65384615384615,104,1
2026,32,2026-08-02,2026-08-08,아데노바이러스,97.0,97.11538461538461,104,4
2026,32,2026-08-02,2026-08-08,인플루엔자바이러스,43.0,47.11538461538461,104,1
2026,32,2026-08-02,2026-08-08,코로나19,48.0,0.9615384615384616,104,1
2026,32,2026-08-02,2026-08-08,클라미디아균,3.0,16.346153846153847,104,1
2026,32,2026-08-02,2026-08-08,파라인플루엔자바이러스,383.0,98.07692307692307,104,4
2026,32,2026-08-02,2026-08-08,호흡기세포융합바이러스,13.0,2.8846153846153846,104,1
2026,33,2026-08-09,2026-08-15,리노바이러스,261.0,37.5,104,1
2026,33,2026-08-09,2026-08-15,마이코플라즈마균,23.0,0.9615384615384616,104,1
2026,33,2026-08-09,2026-08-15,사람메타뉴모바이러스,84.0,59.61538461538461,104,1
2026,33,2026-08-09,2026-08-15,사람보카바이러스,31.0,54.807692307692314,104,1
2026,33,2026-08-09,2026-08-15,사람코로나바이러스,22.0,31.73076923076923,104,1
2026,33,2026-08-09,2026-08-15,아데노바이러스,84.0,86.53846153846155,104,2
2026,33,2026-08-09,2026-08-15,인플루엔자바이러스,78.0,67.3076923076923,104,2
2026,33,2026-08-09,2026-08-15,코로나19,57.0,3.8461538461538463,104,1
2026,33,2026-08-09,2026-08-15,클라미디아균,12.0,97.11538461538461,104,4
2026,33,2026-08-09,2026-08-15,파라인플루엔자바이러스,350.0,91.34615384615384,104,3
2026,33,2026-08-09,2026-08-15,호흡기세포융합바이러스,20.0,15.384615384615385,104,1
2026,34,2026-08-16,2026-08-22,리노바이러스,195.0,19.230769230769234,104,1
2026,34,2026-08-16,2026-08-22,마이코플라즈마균,26.0,2.8846153846153846,104,1
2026,34,2026-08-16,2026-08-22,사람메타뉴모바이러스,73.0,56.730769230769226,104,1
2026,34,2026-08-16,2026-08-22,사람보카바이러스,14.0,11.538461538461538,104,1
2026,34,2026-08-16,2026-08-22,사람코로나바이러스,21.0,31.73076923076923,104,1
2026,34,2026-08-16,2026-08-22,아데노바이러스,71.0,68.26923076923077,104,2
2026,34,2026-08-16,2026-08-22,인플루엔자바이러스,89.0,70.1923076923077,104,2
2026,34,2026-08-16,2026-08-22,코로나19,61.0,3.8461538461538463,104,1
2026,34,2026-08-16,2026-08-22,클라미디아균,2.0,5.769230769230769,104,1
2026,34,2026-08-16,2026-08-22,파라인플루엔자바이러스,279.0,81.73076923076923,104,2
2026,34,2026-08-16,2026-08-22,호흡기세포융합바이러스,19.0,13.461538461538462,104,1
2026,35,2026-08-23,2026-08-29,리노바이러스,277.0,41.34615384615385,104,1
2026,35,2026-08-23,2026-08-29,마이코플라즈마균,30.0,8.653846153846153,104,1
2026,35,2026-08-23,2026-08-29,사람메타뉴모바이러스,100.0,65.38461538461539,104,2
2026,35,2026-08-23,2026-08-29,사람보카바이러스,20.0,34.61538461538461,104,1
2026,35,2026-08-23,2026-08-29,사람코로나바이러스,21.0,31.73076923076923,104,1
2026,35,2026-08-23,2026-08-29,아데노바이러스,98.0,97.11538461538461,104,4
2026,35,2026-08-23,2026-08-29,인플루엔자바이러스,166.0,75.96153846153845,104,2
2026,35,2026-08-23,2026-08-29,코로나19,115.0,40.38461538461539,104,1
2026,35,2026-08-23,2026-08-29,클라미디아균,6.0,67.3076923076923,104,2
2026,35,2026-08-23,2026-08-29,파라인플루엔자바이러스,253.0,78.84615384615384,104,2
2026,35,2026-08-23,2026-08-29,호흡기세포융합바이러스,19.0,13.461538461538462,104,1
2026,36,2026-08-30,2026-09-05,리노바이러스,299.0,46.15384615384615,104,1
2026,36,2026-08-30,2026-09-05,마이코플라즈마균,24.0,0.9615384615384616,104,1
2026,36,2026-08-30,2026-09-05,사람메타뉴모바이러스,54.0,50.96153846153846,104,1
2026,36,2026-08-30,2026-09-05,사람보카바이러스,20.0,34.61538461538461,104,1
2026,36,2026-08-30,2026-09-05,사람코로나바이러스,21.0,31.73076923076923,104,1
2026,36,2026-08-30,2026-09-05,아데노바이러스,87.0,89.42307692307693,104,2
2026,36,2026-08-30,2026-09-05,인플루엔자바이러스,304.0,81.73076923076923,104,2
2026,36,2026-08-30,2026-09-05,코로나19,196.0,61.53846153846154,104,2
2026,36,2026-08-30,2026-09-05,클라미디아균,5.0,56.730769230769226,104,1
2026,36,2026-08-30,2026-09-05,파라인플루엔자바이러스,234.0,75.0,104,2
2026,36,2026-08-30,2026-09-05,호흡기세포융합바이러스,27.0,25.961538461538463,104,1
2026,37,2026-09-06,2026-09-12,리노바이러스,297.0,45.19230769230769,104,1
2026,37,2026-09-06,2026-09-12,마이코플라즈마균,32.0,11.538461538461538,104,1
2026,37,2026-09-06,2026-09-12,사람메타뉴모바이러스,46.0,42.30769230769231,104,1
2026,37,2026-09-06,2026-09-12,사람보카바이러스,21.0,36.53846153846153,104,1
2026,37,2026-09-06,2026-09-12,사람코로나바이러스,21.0,31.73076923076923,104,1
2026,37,2026-09-06,2026-09-12,아데노바이러스,90.0,92.3076923076923,104,3
2026,37,2026-09-06,2026-09-12,인플루엔자바이러스,428.0,85.57692307692307,104,2
2026,37,2026-09-06,2026-09-12,코로나19,308.0,72.11538461538461,104,2
2026,37,2026-09-06,2026-09-12,클라미디아균,7.0,75.0,104,2
2026,37,2026-09-06,2026-09-12,파라인플루엔자바이러스,219.0,73.07692307692307,104,2
2026,37,2026-09-06,2026-09-12,호흡기세포융합바이러스,51.0,39.42307692307692,104,1
2026,38,2026-09-13,2026-09-19,리노바이러스,296.0,44.230769230769226,104,1
2026,38,2026-09-13,2026-09-19,마이코플라즈마균,25.0,1.9230769230769231,104,1
2026,38,2026-09-13,2026-09-19,사람메타뉴모바이러스,47.0,43.269230769230774,104,1
2026,38,2026-09-13,2026-09-19,사람보카바이러스,15.0,14.423076923076922,104,1
2026,38,2026-09-13,2026-09-19,사람코로나바이러스,29.0,37.5,104,1
2026,38,2026-09-13,2026-09-19,아데노바이러스,68.0,63.46153846153846,104,2
2026,38,2026-09-13,2026-09-19,인플루엔자바이러스,438.0,85.57692307692307,104,2
2026,38,2026-09-13,2026-09-19,코로나19,337.0,73.07692307692307,104,2
2026,38,2026-09-13,2026-09-19,클라미디아균,4.0,30.76923076923077,104,1
2026,38,2026-09-13,2026-09-19,파라인플루엔자바이러스,160.0,62.5,104,2
2026,38,2026-09-13,2026-09-19,호흡기세포융합바이러스,42.0,34.61538461538461,104,1
