공연ID,공연시설ID,공연장ID,공연명,공연장르,공연시작일,공연종료일,공연시간,공연시간_분,공연일정,공연시설위도,공연시설경도,공연시설주소,공연장명,공연장좌석수,지역_시도,지역_구군,좌석단계,시간단계,행사노출단계
PF301902,FC002916,FC002916-01,"까치산 클럽 투어: 여기, 까치산입니다. [전주]",대중음악,2026.11.21,2026.11.21,1시간 30분,90.0,토요일(19:00),35.8187007,127.1420682,전라북도 전주시 완산구 전주객사3길 35(고사동),더뮤지션,0.0,전북,전주시,,2,
PF301901,FC001091,FC001091-02,"제2회 스카이씨어터 연극제, 나, 배우: 보르헤스식 꿈꾸기",연극,2026.09.30,2026.10.18,1시간 30분,90.0,"월요일 ~ 금요일(19:30), 토요일(15:00,19:00), 일요일(15:00), HOL(15:00)",37.5829439,127.00262709999993,서울특별시 종로구 대학로8가길 52 (동숭동),2관(5층 구 JK아트홀),130.0,서울,종로구,1,2,1
PF301900,FC004296,FC004296-01,"제22회 부산국제합창제, 그랜드 콘서트",서양음악(클래식),2026.10.22,2026.10.22,1시간 40분,100.0,목요일(19:30),35.1693728,129.0542532,부산광역시 부산진구 동평로 250 (연지동),콘서트홀,2011.0,부산,부산진구,4,2,3
PF301899,FC000017,FC000017-02,서가콘서트: 참을 수 없는 존재의 가벼움 [수원],서양음악(클래식),2026.11.20,2026.11.20,1시간 30분,90.0,금요일(19:30),37.2618899,127.0374319,경기도 수원시 팔달구 효원로307번길 20 (인계동) 경기도문화의전당,소극장,502.0,경기,수원시,3,2,2
PF301898,FC004469,FC004469-02,"낙동아트센터 마티네 콘서트, 실내악시리즈 Ⅳ. 10월의 샤콘느 & 사계",서양음악(클래식),2026.10.29,2026.10.29,1시간,60.0,목요일(11:00),35.102094,128.903987,부산광역시 강서구 명지국제1로 141 (명지동),앙상블극장,292.0,부산,강서구,1,2,1
PF301896,FC002949,FC002949-01,"여전히 소란스럽게 Vol.02 노브레인 with 크라잉넛, 초록불꽃소년단",대중음악,2026.11.06,2026.11.06,2시간 20분,140.0,금요일(20:00),37.5515788,126.9198284,서울특별시 마포구 잔다리로 32(서교동),무신사 개러지 (구. 왓챠홀) ,144.0,서울,마포구,1,3,2
PF301888,FC005066,FC005066-01,뮤지컬 스토리 콘서트 [시흥],뮤지컬,2026.10.18,2026.10.18,1시간 20분,80.0,일요일(15:00),37.369613,126.72345,경기도 시흥시 서울대학로 255 (배곧동),대공연장,710.0,경기,시흥시,3,2,2
PF301886,FC003128,FC003128-01,마술사 제이티의 과학실험실: 과학마술쇼 [대구],서커스/마술,2026.11.08,2026.11.08,1시간,60.0,일요일(14:00),,,,,,,,,2,
PF301885,FC000016,FC000016-02,이은결 30주년: ONE OF ONE [성남],서커스/마술,2026.12.18,2026.12.20,2시간,120.0,"금요일(19:30), 토요일(14:00,18:30), 일요일(14:00)",,,,,,,,,3,
PF301884,FC000863,FC000863-01,장수탕 선녀님 [고령],뮤지컬,2026.10.17,2026.10.17,1시간 30분,90.0,"토요일(11:00,14:00)",,,,,,,,,2,
PF301883,FC000564,FC000564-01,스크루지 아저씨의 크리스마스 캐롤 [부천],뮤지컬,2026.12.20,2026.12.20,1시간,60.0,"일요일(11:00,14:00,16:00)",,,,,,,,,2,
PF301879,FC001855,FC001855-01,피노키오 [시흥],뮤지컬,2026.11.15,2026.11.15,1시간,60.0,"일요일(11:00,13:00,15:00)",,,,,,,,,2,
PF301878,FC000493,FC000493-01,겨울왕국 [순천],뮤지컬,2026.11.29,2026.11.29,1시간,60.0,"일요일(11:00,13:00,15:00)",,,,,,,,,2,
PF301877,FC000082,FC000082-01,영혼을 울리는 기타리스트 김광석 響 (향),대중음악,2026.11.13,2026.11.13,1시간 30분,90.0,금요일(19:00),,,,,,,,,2,
PF301876,FC000406,FC000406-01,어린이 서커스 쇼 [김해],서커스/마술,2026.11.28,2026.11.28,1시간,60.0,"토요일(11:00,13:00,15:00)",,,,,,,,,2,
PF301875,FC001074,FC001074-01,"미스터트롯3 TOP7 콘서트: 다시, 우리 [부산]",대중음악,2026.10.31,2026.11.01,2시간,120.0,"토요일(13:00,18:00), 일요일(13:00)",,,,,,,,,3,
PF301851,FC000020,FC000020-02,제5회 트리오 메리디오 정기연주회,서양음악(클래식),2026.11.05,2026.11.05,1시간 30분,90.0,목요일(19:30),,,,,,,,,2,
PF301850,FC004065,FC004065-01,이별을 위한 세레나데 Ⅱ. 자화상: 거울 속의 이방인 [수원],연극,2026.10.17,2026.10.18,1시간 30분,90.0,토요일 ~ 일요일(16:00),,,,,,,,,2,
PF301849,FC002737,FC002737-01,이한얼 솔로 피아노 콘서트: 리멤버 재즈 Vol.6,대중음악,2026.10.31,2026.10.31,1시간 5분,65.0,토요일(18:00),,,,,,,,,2,
PF301848,FC001848,FC001848-01,최영장군과 황금돌원정대 (11시) [서울],뮤지컬,2026.10.21,2026.10.21,40분,40.0,수요일(11:00),,,,,,,,,1,
PF301847,FC000128,FC000128-01,"두리춤터 크리에이터 프로젝트, 권보빈: ___님이 초대되었습니다",무용(서양/한국무용),2026.10.25,2026.10.25,1시간 10분,70.0,일요일(19:00),,,,,,,,,2,
PF301827,FC000623,FC000623-01,"제17회 대전국제소극장연극축제: 소네자키, 붉은 이슬로 맺히다",연극,2026.10.05,2026.10.06,1시간 10분,70.0,"월요일(16:00), 화요일(19:30)",,,,,,,,,2,
PF301826,FC005089,FC005089-01,얼리버드,연극,2026.09.28,2026.12.27,1시간 10분,70.0,"월요일 ~ 화요일(19:30), 금요일(19:30), 토요일(14:00,17:00), 일요일(14:00)",,,,,,,,,2,
PF301825,FC004149,FC004149-01,"한·일 인디 음악 협연, 손님맞이 (차강사르, 문웅주, 밍기뉴, 웃옷)",대중음악,2026.10.24,2026.10.24,3시간,180.0,토요일(19:00),,,,,,,,,4,
PF301824,FC000197,FC000197-05,"미스터트롯3 TOP7 콘서트: 다시, 우리 [서울]",대중음악,2026.11.14,2026.11.15,2시간,120.0,"토요일 ~ 일요일(13:00,18:00)",,,,,,,,,3,
PF301823,FC001761,FC001761-01,"까치산 클럽 투어: 여기, 까치산입니다. [부산]",대중음악,2026.11.14,2026.11.14,1시간 30분,90.0,토요일(19:00),,,,,,,,,2,
PF301822,FC003405,FC003405-01,"재즈 in 강서, Swing & Pop",대중음악,2026.10.18,2026.10.18,1시간 30분,90.0,일요일(15:00),,,,,,,,,2,
PF301821,FC004136,FC004136-01,피아노포르테 (PianoForte) : 교향곡 읽어주는 지휘자와 작곡가의 작업실,서양음악(클래식),2026.10.23,2026.10.25,1시간 10분,70.0,"금요일(19:30), 일요일(17:00)",,,,,,,,,2,
PF301704,FC000028,FC000028-01,"키즈 콘서트 Ⅲ, 클랩! 그림책 콘서트 (10.25)",서양음악(클래식),2026.10.25,2026.10.25,1시간,60.0,"일요일(14:00,17:00)",,,,,,,,,2,
PF301703,FC000885,FC000885-01,"제10회 뮤직페스티벌창원, 피아니스트 손열음",서양음악(클래식),2026.11.05,2026.11.05,1시간 20분,80.0,목요일(19:30),,,,,,,,,2,
PF301702,FC000885,FC000885-01,"제10회 뮤직페스티벌창원, 창원시립교향악단 with Vn.김덕우 X Vc.주연선 X Pf.이주은",서양음악(클래식),2026.11.06,2026.11.06,1시간 20분,80.0,금요일(19:30),,,,,,,,,2,
PF301562,FC001366,FC001366-10,조용필 & 위대한탄생 콘서트 [대구],대중음악,2026.12.19,2026.12.19,2시간 30분,150.0,토요일(18:00),,,,,,,,,3,
PF301561,FC005080,FC005080-01,라라라온 [더 마스카니],대중음악,2026.10.06,2026.10.06,1시간 40분,100.0,화요일(20:00),,,,,,,,,2,
PF301559,FC000433,FC000433-01,쿠웅따 사안책 [세종],서양음악(클래식),2026.11.18,2026.11.18,1시간,60.0,"수요일(09:40,11:10,14:00)",,,,,,,,,2,
PF301558,FC000178,FC000178-02,"제96회 예술공감: 사계의 빛깔, 트리오뉴의 울림 [부산]",서양음악(클래식),2026.10.20,2026.10.20,1시간 10분,70.0,화요일(19:30),,,,,,,,,2,
PF301556,FC003645,FC003645-01,말콤 토드 첫 내한공연,대중음악,2026.12.02,2026.12.02, ,,수요일(20:00),,,,,,,,,,
PF301555,FC001081,FC001081-01,더 쇼! 신라 [경주],뮤지컬,2026.10.17,2026.11.01,1시간 20분,80.0,"목요일 ~ 금요일(19:00), 토요일 ~ 일요일(15:00)",,,,,,,,,2,
PF301554,FC000178,FC000178-02,"제95회 예술공감, BRASS IN HARMONY 을숙도의 선율",서양음악(클래식),2026.10.13,2026.10.13,1시간 10분,70.0,화요일(19:30),,,,,,,,,2,
PF301536,FC000447,FC000447-01,제58회 군산 진포예술제 개막식 [군산],복합,2026.10.01,2026.10.01,1시간 40분,100.0,목요일(19:30),,,,,,,,,2,
PF301535,FC000205,FC000205-01,DJMAX MIRACLE,대중음악,2026.10.10,2026.10.10,4시간 10분,250.0,토요일(17:00),,,,,,,,,4,
PF301534,FC001345,FC001345-02,조용필 & 위대한탄생 콘서트 [부산],대중음악,2026.12.12,2026.12.13,2시간 10분,130.0,"토요일(18:00), 일요일(17:00)",,,,,,,,,3,
PF301533,FC000885,FC000885-01,"제23회 경남필하모닉 오케스트라 정기연주회: 평화와 화합의 하모니, 베토벤 교향곡 9번: 합창 [창원]",서양음악(클래식),2026.10.10,2026.10.10, ,,토요일(17:30),,,,,,,,,,
PF301532,FC000009,FC000009-02,"임정민 대금 독주회, 마주하다: Dialogue",한국음악(국악),2026.10.14,2026.10.14,1시간 10분,70.0,수요일(19:30),,,,,,,,,2,
PF301531,FC001094,FC001094-01,구원자들 [대학로],연극,2026.10.15,2026.10.25,1시간 30분,90.0,"월요일(20:00), 수요일 ~ 금요일(20:00), 토요일 ~ 일요일(16:00)",,,,,,,,,2,
PF301530,FC004500,FC004500-01,AUTUMN LIVE,대중음악,2026.10.02,2026.10.02,2시간 30분,150.0,금요일(19:00),,,,,,,,,3,
PF301528,FC004500,FC004500-01,"티어드랍, 네 번째 단독공연: TEARDROP IV",대중음악,2026.10.25,2026.10.25,3시간,180.0,일요일(17:00),,,,,,,,,4,
PF301526,FC004809,FC004809-01,한국장단음악축제: 장단유희 (2일차),한국음악(국악),2026.10.11,2026.10.11,2시간,120.0,일요일(19:00),,,,,,,,,3,
PF301520,FC000323,FC000323-02,산타클로스와 브레멘음악대 [대전],뮤지컬,2026.12.06,2026.12.06,55분,55.0,"일요일(13:00,15:00,17:00)",,,,,,,,,1,
PF301517,FC000081,FC000081-01,"천년의 빛, 하나의 울림 [울산]",서양음악(클래식),2026.10.29,2026.10.29,1시간 50분,110.0,목요일(19:30),,,,,,,,,2,
PF301513,FC000009,FC000009-04,김예진 동초제 심청가: 경심수예,한국음악(국악),2026.10.21,2026.10.21,2시간,120.0,수요일(19:00),,,,,,,,,3,
PF301509,FC002127,FC002127-01,블루아워,대중음악,2026.10.02,2026.10.02,1시간 45분,105.0,금요일(17:30),,,,,,,,,2,
PF301507,FC001366,FC001366-01,더 보컬 [대구],대중음악,2026.11.21,2026.11.21,2시간 30분,150.0,토요일(17:00),,,,,,,,,3,
PF301505,FC004646,FC004646-01,HANIL FES vol.5,대중음악,2026.10.10,2026.10.10,2시간 30분,150.0,토요일(11:30),,,,,,,,,3,
PF301497,FC000191,FC000191-01,"화요국악무대, 가을의 풍류 [대구]",한국음악(국악),2026.10.20,2026.10.20,1시간 10분,70.0,화요일(19:30),,,,,,,,,2,
PF301493,FC004395,FC004395-01,천탈쌀롱: 탈춤은 어떻게 오늘이 되는가? (9월),한국음악(국악),2026.09.29,2026.09.29,1시간 20분,80.0,화요일(19:30),,,,,,,,,2,
PF301492,FC000472,FC000472-01,"왁스&정인 콘서트: Dear Autumn, 나의 가을에게 [대전]",대중음악,2026.11.07,2026.11.07,2시간,120.0,토요일(17:00),,,,,,,,,3,
PF301488,FC004809,FC004809-01,"헤이스트링, 서큘레이터 Circulator",한국음악(국악),2026.10.15,2026.10.15,1시간,60.0,목요일(19:30),,,,,,,,,2,
PF301483,FC004981,FC004981-01,버블버블쇼 [양산],서커스/마술,2026.10.18,2026.10.18,1시간,60.0,"일요일(11:00,13:00)",,,,,,,,,2,
PF301482,FC002242,FC002242-01,할로윈매직쇼: 흑마술사의 비밀 [부산],서커스/마술,2026.10.03,2026.11.01,50분,50.0,"토요일(13:00), 일요일(11:00)",,,,,,,,,1,
PF301481,FC000167,FC000167-04,질문이 있는 김민정 피아노 독주회 [부산],서양음악(클래식),2026.10.09,2026.10.09,1시간 25분,85.0,금요일(17:00),,,,,,,,,2,
PF301422,FC005079,FC005079-01,더 보컬 [대전],대중음악,2026.12.25,2026.12.25,2시간 30분,150.0,금요일(18:00),,,,,,,,,3,
PF301419,FC000842,FC000842-01,"명가의 초대, 시와 그리고, 안젤라 김 Concert",대중음악,2026.10.17,2026.10.17,1시간 40분,100.0,토요일(17:00),,,,,,,,,2,
PF301417,FC004800,FC004800-01,GLOBAL CALLING: CAMELPHAT,대중음악,2026.11.12,2026.11.13,6시간,360.0,목요일(23:00),,,,,,,,,4,
PF301416,FC002770,FC002770-01,"안애순 컴퍼니, 춤이 말하다: 문소리 x 리아킴 [서울]",무용(서양/한국무용),2026.10.16,2026.10.17,1시간 10분,70.0,"금요일(19:30), 토요일(14:00)",,,,,,,,,2,
PF301409,FC000424,FC000424-02,카메라타 필 앙상블 여성작곡가 시리즈 Ⅱ. Piano Trio: 나의 이름으로 [당진],서양음악(클래식),2026.11.19,2026.11.19,1시간 30분,90.0,목요일(19:30),,,,,,,,,2,
PF301408,FC003580,FC003580-01,"제2회 휴서사 창작연극제, 릴스 영화제",연극,2026.10.17,2026.10.18,1시간 10분,70.0,"토요일 ~ 일요일(14:00,18:00)",,,,,,,,,2,
PF301405,FC004769,FC004769-01,양치기 소년 [전주],뮤지컬,2026.10.09,2026.11.15,45분,45.0,"토요일(11:00), 일요일(14:00), HOL(14:00)",,,,,,,,,1,
PF301404,FC001792,FC001792-01,"어쩌다 페스티벌, 국카스텐 X 김뜻돌",대중음악,2026.11.15,2026.11.15,2시간,120.0,일요일(17:00),,,,,,,,,3,
PF301403,FC001193,FC001193-02,제14회 리에목관5중주 정기연주회 [대구],서양음악(클래식),2026.10.09,2026.10.09,1시간 30분,90.0,금요일(19:30),,,,,,,,,2,
PF301399,FC000175,FC000175-01,"김장훈 전국투어 콘서트, 원맨쇼: 김장훈, 다시 날다 [부산]",대중음악,2026.12.18,2026.12.20,2시간,120.0,"금요일(20:00), 토요일(18:00), 일요일(17:00)",,,,,,,,,3,
PF301397,FC003580,FC003580-01,"제2회 휴서사 창작연극제, 오토 픽션",연극,2026.10.21,2026.10.22,1시간 10분,70.0,"수요일 ~ 목요일(16:00,19:30)",,,,,,,,,2,
PF301396,FC000477,FC000477-04,"한국소리문화의전당 신진예술인 발굴 프로젝트 시리즈 See: Rise, Ep.02 박종훈 트리오 [전주]",대중음악,2026.10.17,2026.10.17,1시간,60.0,토요일(16:00),,,,,,,,,2,
PF301395,FC000084,FC000084-01,루돌프와 산타클로스: 크리스마스를 잃어버린 루돌프 [울산 북구],뮤지컬,2026.12.06,2026.12.06,55분,55.0,"일요일(13:00,15:00,17:00)",,,,,,,,,1,
PF301393,FC001784,FC001784-03,프레디 켐프 피아노 리사이틀 [부산],서양음악(클래식),2026.10.25,2026.10.25,1시간 30분,90.0,일요일(17:00),,,,,,,,,2,
PF301390,FC000030,FC000030-01,"국립남도국악원 토요상설: 국악이 좋다, 성금연가락보존회 초청공연: 소리길을 찾아서, 현의 어울림",한국음악(국악),2026.10.10,2026.10.10,1시간 20분,80.0,토요일(15:00),34.3849048,126.22479020000004,전남광주통합특별시 진도군 임회면 진도대로 3818,진악당,520.0,전남광주,진도군,3,2,2
PF301388,FC000030,FC000030-01,"국립남도국악원 토요상설: 국악이 좋다, 국립남도국악원 국악연주단: 국악의 향연",한국음악(국악),2026.10.31,2026.10.31,1시간 20분,80.0,토요일(15:00),34.3849048,126.22479020000004,전남광주통합특별시 진도군 임회면 진도대로 3818,진악당,520.0,전남광주,진도군,3,2,2
PF301345,FC000003,FC000003-04,강태홍류 산조춤의 선물,무용(서양/한국무용),2026.10.25,2026.10.25,1시간 10분,70.0,일요일(18:00),,,,,,,,,2,
PF301342,FC003302,FC003302-01,빨간코 루돌프와 산타클로스 [진주],뮤지컬,2026.11.28,2026.11.28,55분,55.0,"토요일(11:00,13:00,15:00)",,,,,,,,,1,
PF301341,FC001170,FC001170-01,"블랙박스 뮤G컬 작품의 발견: 우리 & 여우, 누이 & 삼대 [김해]",뮤지컬,2026.11.11,2026.11.11,1시간 40분,100.0,수요일(19:30),,,,,,,,,2,
PF301340,FC000518,FC000518-01,"제78회 구미시립합창단 정기연주회, 제185회 경상북도립교향악단 정기연주회 [구미]",서양음악(클래식),2026.10.15,2026.10.15,2시간 15분,135.0,목요일(19:30),,,,,,,,,3,
PF301338,FC000142,FC000142-01,"수요일엔 수레울 콘서트, 수수콘 Vol.3: 탱고 살롱 [연천]",서양음악(클래식),2026.10.21,2026.10.21,1시간 10분,70.0,수요일(11:00),,,,,,,,,2,
PF301337,FC000076,FC000076-02,소프라노 심윤지 독창회 [대전],서양음악(클래식),2026.10.31,2026.10.31,1시간 30분,90.0,토요일(17:00),,,,,,,,,2,
PF301336,FC001203,FC001203-01,"범, 범, 범벅",연극,2026.10.10,2026.10.11,1시간 10분,70.0,"토요일 ~ 일요일(14:00,18:00)",,,,,,,,,2,
PF300980,FC001415,FC001415-01,꿈돌이: 사라진 바다왕국 [대전],뮤지컬,2026.10.09,2026.10.10,1시간,60.0,"HOL(14:00), 토요일(11:00,14:00)",,,,,,,,,2,
PF300979,FC001561,FC001561-01,알라딘 [구미],뮤지컬,2026.10.03,2026.11.01,50분,50.0,"토요일 ~ 일요일(12:00,14:00)",,,,,,,,,1,
PF300978,FC002246,FC002246-01,제4회 푸르지오아트홀 뮤직페스티벌,서양음악(클래식),2026.10.02,2026.10.04,1시간 30분,90.0,"금요일(19:30), 토요일 ~ 일요일(17:00)",,,,,,,,,2,
PF300970,FC002803,FC002803-01,라라라온 [전주 더바인홀],대중음악,2026.10.03,2026.10.03,1시간 40분,100.0,토요일(18:00),,,,,,,,,2,
PF300969,FC005077,FC005077-01,"어디서극장, 워렌 부인의 직업",연극,2026.10.12,2026.10.31,1시간,60.0,"월요일 ~ 수요일(20:00), 금요일(20:00), 토요일(20:00)",37.593368,127.080923,서울특별시 중랑구 동일로114길 9 (상봉동),바람길(2F),0.0,서울,중랑구,,2,
PF300966,FC000323,FC000323-01,헬로카봇: 카봇크루가 되어줘! [대전],뮤지컬,2026.11.28,2026.11.29,1시간 10분,70.0,"토요일(11:00,14:00,16:30), 일요일(11:00,14:00)",,,,,,,,,2,
PF300964,FC000878,FC000878-01,모차르트 스페셜 콘서트 with 피아니스트 백건우 [거제],서양음악(클래식),2026.11.13,2026.11.13,1시간 40분,100.0,금요일(19:30),,,,,,,,,2,
PF300963,FC001565,FC001565-01,벌거벗은 임금님 [금천],뮤지컬,2026.09.19,2026.10.18,55분,55.0,"토요일 ~ 일요일(14:00), HOL(14:00)",37.4704705,126.89566919999992,서울특별시 금천구 두산로 71 (독산동),레미어린이극장 [금천] ,194.0,서울,금천구,1,1,1
PF300962,FC001975,FC001975-01,"TONE STUDIO LIVE, 올드 잉글리쉬 쉽독",대중음악,2026.10.10,2026.10.10,1시간 30분,90.0,토요일(19:00),,,,,,,,,2,
PF300961,FC003954,FC003954-01,nafla instinct tour,대중음악,2026.10.03,2026.10.03,1시간 30분,90.0,토요일(18:00),,,,,,,,,2,
PF300960,FC000612,FC000612-01,"포천시민의 날 특별공연, 시민과 함께하는 Pride 클래식 콘서트 [포천]",서양음악(클래식),2026.10.10,2026.10.10,1시간 40분,100.0,토요일(17:00),37.8958535,127.21221459999992,경기도 포천시 군내면 청성로 111,대극장,910.0,경기,포천시,3,2,2
PF300959,FC001345,FC001345-01,윤수일 BAND 전국투어 콘서트 [부산],대중음악,2026.10.08,2026.10.08,2시간,120.0,목요일(19:00),,,,,,,,,3,
PF300941,FC001212,FC001212-01,사춘기 [대학로],뮤지컬,2026.11.09,2027.01.31,1시간 40분,100.0,"화요일(20:00), 수요일(16:00,20:00), 목요일 ~ 금요일(20:00), 토요일(15:00,19:00), 일요일(14:00,18:00)",,,,,,,,,2,
PF300932,FC001094,FC001094-01,"인문유랑극장: 당신의 잠은, 안녕하십니까?",연극,2026.10.31,2026.11.01,1시간 30분,90.0,"토요일(19:30), 일요일(17:00)",,,,,,,,,2,
PF300931,FC000035,FC000035-01,"해보리 가을 가족극 페스티벌: 얘야, 아무개야, 거시기야! & 웃음 약과 [양주]",연극,2026.10.18,2026.10.18,1시간 40분,100.0,"일요일(13:00,16:00)",,,,,,,,,2,
PF300930,FC000406,FC000406-01,백설공주 [김해],뮤지컬,2026.10.25,2026.10.25,1시간,60.0,"일요일(11:00,13:00,15:00)",,,,,,,,,2,
PF300910,FC000174,FC000174-03,AKMU CONCERT: 소문의 낙원 (Paradise of Rumors) [대전],대중음악,2026.12.05,2026.12.06,2시간 30분,150.0,"토요일(17:00), 일요일(16:00)",,,,,,,,,3,
PF300908,FC002040,FC002040-01,"먼데이프로젝트 시즌9, My Universe: 고요 단독 콘서트",대중음악,2026.10.01,2026.10.01,1시간 30분,90.0,목요일(20:00),,,,,,,,,2,
PF300907,FC001131,FC001131-01,"톡톡 클래식 시리즈, 사랑에 빠지다 Fall in Love: 쇼팽과 사랑에 빠진 지브리",서양음악(클래식),2026.10.23,2026.10.23,1시간 30분,90.0,금요일(19:30),,,,,,,,,2,
PF300906,FC000001,FC000001-02,김진세 클래식 기타 독주회: 사적인 플레이리스트,서양음악(클래식),2026.10.10,2026.10.10,1시간 30분,90.0,토요일(14:00),,,,,,,,,2,
PF300905,FC004646,FC004646-01,"idol wave, 突破: Breakthrough",대중음악,2026.10.17,2026.10.17,3시간 50분,230.0,토요일(11:20),,,,,,,,,4,
PF300904,FC002183,FC002183-01,유유상종 Vol.2: 퇴근길 with Bendersea,대중음악,2026.10.09,2026.10.09,1시간 30분,90.0,HOL(19:00),,,,,,,,,2,
PF300903,FC004174,FC004174-01,"제26회 SPAF, 아시아 극작가 프로젝트 낭독 공연: 네오메트로 폴리스 & 발파라이소의 긴 비탈을 내려가는 이야기",연극,2026.10.14,2026.10.15,1시간 40분,100.0,수요일 ~ 목요일(19:00),,,,,,,,,2,
PF300901,FC000752,FC000752-01,"제17회 대전국제소극장연극축제, 장주몽첩",연극,2026.10.08,2026.10.09,1시간 10분,70.0,수요일 ~ 목요일(19:30),36.3243771,127.42044770000008,대전광역시 중구 선화서로 2 (대흥동),드림아트홀 [대전] ,77.0,대전,중구,1,2,1
PF300896,FC000336,FC000336-01,겨울왕국 [평택],뮤지컬,2026.10.24,2026.10.24,55분,55.0,"토요일(11:00,14:00,16:00)",,,,,,,,,1,
PF300889,FC000227,FC000227-01,"제6회 여주인공 페스티벌, 희재",연극,2026.10.14,2026.10.18,1시간 30분,90.0,"수요일 ~ 금요일(19:30), 토요일 ~ 일요일(15:00)",,,,,,,,,2,
PF300888,FC002049,FC002049-01,김장훈 전국투어 콘서트: 원맨쇼 [서울],대중음악,2026.12.05,2026.12.06,1시간 50분,110.0,"토요일(18:00), 일요일(16:00)",37.5164791,127.0729996,서울특별시 송파구 올림픽로 25 (잠실동),본관,5400.0,서울,송파구,4,2,3
PF300887,FC001345,FC001345-02,AKMU CONCERT: 소문의 낙원 (Paradise of Rumors) [부산],대중음악,2026.12.19,2026.12.20,2시간 30분,150.0,"토요일(17:00), 일요일(16:00)",,,,,,,,,3,
PF300880,FC001249,FC001249-01,여백 [대학로],연극,2026.11.28,2026.11.29,1시간 10분,70.0,토요일 ~ 일요일(16:00),,,,,,,,,2,
PF300879,FC000287,FC000287-01,로보카폴리: 브룸스타운의 에너지를 지켜라! [대구],뮤지컬,2026.12.05,2026.12.06,1시간 5분,65.0,"토요일(11:00,14:00,16:30), 일요일(11:00,14:00)",,,,,,,,,2,
PF300878,FC000323,FC000323-02,빨간코 루돌프와 산타클로스 [대전],뮤지컬,2026.11.08,2026.11.08,1시간,60.0,"일요일(12:00,14:00,16:00)",,,,,,,,,2,
PF300876,FC003631,FC003631-01,보고싶습니다 [수원],연극,2026.10.10,2026.10.18,1시간 30분,90.0,"토요일 ~ 일요일(14:00,17:00)",,,,,,,,,2,
PF300867,FC002035,FC002035-01,"먼데이프로젝트 시즌9, 폴리아모리 정규 앨범 발매 공연: 균의 만연",대중음악,2026.09.30,2026.09.30,1시간 40분,100.0,수요일(20:00),,,,,,,,,2,
PF300865,FC001827,FC001827-01,"제23회 호러와 함께 대구국제힐링공연예술제, 신팽슬여사 행장기",연극,2026.10.08,2026.10.16,1시간 40분,100.0,"목요일 ~ 금요일(19:30), 토요일(15:00), HOL(11:00,15:00)",,,,,,,,,2,
PF300864,FC001441,FC001441-01,나윤영의 만정제 춘향가,한국음악(국악),2026.10.25,2026.10.25,2시간,120.0,일요일(15:00),,,,,,,,,3,
PF300863,FC003150,FC003150-01,리드 테츨로프 피아노 리사이틀 [부천],서양음악(클래식),2026.12.06,2026.12.06,1시간 50분,110.0,일요일(17:00),,,,,,,,,2,
PF300862,FC003150,FC003150-01,"사운드 오브BAC 오르간 유니버스: 피날레 콘서트, 오르간 with 발레 [부천]",복합,2026.10.10,2026.10.10,1시간 20분,80.0,토요일(19:00),,,,,,,,,2,
PF300859,FC000481,FC000481-01,로큰롤 심봉사전 [강진],연극,2026.10.15,2026.10.15,1시간 10분,70.0,수요일(19:00),,,,,,,,,2,
PF300856,FC000017,FC000017-02,"량성희 소해금 평화콘서트: 잇고, 있고 [수원]",한국음악(국악),2026.10.13,2026.10.13,1시간 30분,90.0,화요일(19:30),37.2618899,127.0374319,경기도 수원시 팔달구 효원로307번길 20 (인계동) 경기도문화의전당,소극장,502.0,경기,수원시,3,2,2
PF300855,FC000001,FC000001-12,"해설이 있는 김보라 피아노 독주회: 피아니스트 김보라의 고전음악의 이해 시리즈 Ⅳ. 리스트, 나르시시스트와 비르투오소",서양음악(클래식),2026.10.11,2026.10.11,1시간 40분,100.0,일요일(14:00),,,,,,,,,2,
PF300854,FC001366,FC001366-10,AKMU CONCERT: 소문의 낙원 (Paradise of Rumors) [대구],대중음악,2026.11.21,2026.11.22,2시간 30분,150.0,"토요일(17:00), 일요일(16:00)",,,,,,,,,3,
PF300853,FC001085,FC001085-01,정의의 사람들 [대학로],연극,2026.10.09,2026.10.11,1시간 40분,100.0,"금요일(19:00), 토요일(15:00,19:00), 일요일(15:00)",37.5812279,127.00391100000002,서울특별시 종로구 대학로12길 63 (동숭동),소극장 혜화당 (구. 까망소극장) ,105.0,서울,종로구,1,2,1
PF300852,FC000751,FC000751-01,띠띠~씽! 12동물: 하늘문 너머 [영월],한국음악(국악),2026.10.21,2026.10.21,50분,50.0,"수요일(14:00,17:00)",,,,,,,,,1,
PF300831,FC000001,FC000001-12,유수현 피아노 독주회: All that Schumann Ⅱ,서양음악(클래식),2026.10.09,2026.10.09,1시간 30분,90.0,HOL(14:00),,,,,,,,,2,
PF300816,FC001370,FC001370-01,서초 심포니 오케스트라 13주년 정기 연주회,서양음악(클래식),2026.10.31,2026.10.31,1시간 40분,100.0,토요일(17:00),,,,,,,,,2,
PF300811,FC000676,FC000676-01,김시라의 품바: Original [원주],연극,2026.10.30,2026.10.30,2시간,120.0,금요일(20:00),37.3418293,127.91946759999996,강원도 원주시 시청로 1 (무실동),원주백운아트홀,962.0,강원,원주시,3,3,3
PF300810,FC003387,FC003387-01,피노키오 [울산],뮤지컬,2026.10.13,2026.10.22,55분,55.0,"화요일 ~ 금요일(10:20,11:20), 토요일 ~ 일요일(12:00,14:00,16:00)",,,,,,,,,1,
PF300808,FC000323,FC000323-02,미녀와 야수 [대전 서구],뮤지컬,2026.11.28,2026.11.29,1시간,60.0,"토요일(13:00,15:00,17:00), 일요일(11:00,14:00,16:00)",,,,,,,,,2,
PF300804,FC001608,FC001608-01,사토시 고고 내한 공연,대중음악,2026.11.08,2026.11.08,1시간 40분,100.0,일요일(17:00),,,,,,,,,2,
PF300802,FC001451,FC001451-01,라푼젤 [서울 강동],뮤지컬,2026.10.10,2026.10.10,1시간,60.0,"토요일(11:00,14:00,16:00)",37.5457299,127.14120419999996,서울특별시 강동구 상암로 168 (천호동) 강동구민회관,대강당,609.0,서울,강동구,3,2,2
PF300796,FC001216,FC001216-01,"모든 컴퍼니, PISTE: 여덟개의 순간",무용(서양/한국무용),2026.10.17,2026.10.17,1시간,60.0,토요일(16:00),,,,,,,,,2,
PF300787,FC000110,FC000110-01,불후의 명곡 브람스 [경기 광주],서양음악(클래식),2026.10.25,2026.10.25,1시간 50분,110.0,일요일(17:00),,,,,,,,,2,
PF300786,FC004693,FC004693-01,"XSCALA SERIES, 먼데이키즈",대중음악,2026.10.24,2026.10.24,1시간 40분,100.0,토요일(18:00),,,,,,,,,2,
PF300785,FC000584,FC000584-01,변진섭 LEGEND of BALLAD [함안],대중음악,2026.10.02,2026.10.02,2시간,120.0,금요일(19:30),,,,,,,,,3,
PF300783,FC000127,FC000127-02,방향인터내셔날 창립 10주년 기념 콘서트: With Us,대중음악,2026.10.20,2026.10.21,1시간 40분,100.0,화요일 ~ 수요일(19:30),,,,,,,,,2,
PF300782,FC004086,FC004086-01,밤은 무자비한 달의 여왕,연극,2026.10.03,2026.10.03,1시간 20분,80.0,"토요일(15:00,18:00)",37.5508138,126.916494,"서울특별시 마포구 양화로 72 (서교동, 서교동 효성 해링턴 타워)",서교스퀘어,0.0,서울,마포구,,2,
PF300781,FC000323,FC000323-01,백설공주 [대전 서구],뮤지컬,2026.11.07,2026.11.07,1시간,60.0,"토요일(12:00,14:00,16:00)",,,,,,,,,2,
PF300779,FC001191,FC001191-01,호미곶범맞이굿: 깜깜 day [포항],한국음악(국악),2026.10.03,2026.10.03,1시간,60.0,토요일(15:00),,,,,,,,,2,
PF300778,FC002626,FC002626-02,"해설이 있는 음악회 서.클.스, 하모니카로 쓴 편지 (10월)",서양음악(클래식),2026.10.13,2026.10.13,1시간 20분,80.0,화요일(19:30),35.5612048,129.1313812,울산광역시 울주군 언양읍 언양로 40-7,공연장,326.0,울산,울주군,2,2,2
PF300777,FC000407,FC000407-01,공룡 애니멀 쇼 시즌3 [충주],서커스/마술,2026.10.24,2026.10.24,55분,55.0,"토요일(12:00,14:00,16:00)",,,,,,,,,1,
PF300774,FC000362,FC000362-01,야유나무 아래에서,연극,2026.10.01,2026.10.04,1시간 40분,100.0,"목요일 ~ 금요일(19:30), 토요일 ~ 일요일(15:00)",,,,,,,,,2,
PF300773,FC001893,FC001893-01,"W필하모닉오케스트라, 가을의 노래",서양음악(클래식),2026.10.21,2026.10.21,2시간,120.0,수요일(19:30),,,,,,,,,3,
PF300769,FC000001,FC000001-12,큐리어스 (K'urius) 의 피아노 스펙트럼 Ⅲ. 韻 (운) ; 빛과 어둠의 울림 Schubert & Rachmaninoff,서양음악(클래식),2026.10.14,2026.10.14,1시간 50분,110.0,수요일(19:30),,,,,,,,,2,
PF300763,FC000001,FC000001-12,제2회 피아노 앙상블 파스토랄 정기연주회,서양음악(클래식),2026.10.01,2026.10.01,1시간 30분,90.0,목요일(19:30),,,,,,,,,2,
PF300760,FC001216,FC001216-02,"청소년극 릴-레이, 노래←말",연극,2026.10.15,2026.10.25, ,,"목요일 ~ 금요일(19:30), 토요일 ~ 일요일(15:00)",,,,,,,,,,
PF300759,FC000384,FC000384-01,제18회 성악음악학술연구회 정기연구회: 4인 4색,서양음악(클래식),2026.10.13,2026.10.13,1시간 40분,100.0,화요일(19:30),,,,,,,,,2,
PF300758,FC004644,FC004644-01,"클래시카 서울 기획공연, 제4회 루 피아노 콘서트: 너에게 루 가는 길",대중음악,2026.10.11,2026.10.11,1시간 30분,90.0,일요일(17:00),,,,,,,,,2,
PF300750,FC000167,FC000167-03,로보카폴리: 브룸스타운의 에너지를 지켜라! [부산],뮤지컬,2026.11.14,2026.11.15,1시간 5분,65.0,"토요일(11:00,14:00,16:30), 일요일(11:00,14:00)",,,,,,,,,2,
PF300749,FC001250,FC001250-01,바둑이와 세리 [대학로],뮤지컬,2026.10.01,2026.11.08,1시간 30분,90.0,"화요일 ~ 금요일(20:00), 토요일 ~ 일요일(14:00,18:00), HOL(14:00,18:00)",,,,,,,,,2,
PF300748,FC000113,FC000113-01,SAY MY NAME 2nd Anniversary Fan Concert: SAY MY ACADEMY,대중음악,2026.10.17,2026.10.17,2시간,120.0,"토요일(14:00,19:00)",,,,,,,,,3,
PF300747,FC000001,FC000001-06,"국립발레단, 지젤",무용(서양/한국무용),2026.10.13,2026.10.18,2시간,120.0,"화요일 ~ 금요일(19:30), 토요일(14:00,18:30), 일요일(14:00)",,,,,,,,,3,
PF300746,FC001438,FC001438-01,"해설이 있는 스트릿댄스, 카르페디엠 [수원]",대중무용,2026.10.31,2026.10.31,1시간,60.0,토요일(17:00),,,,,,,,,2,
PF300720,FC002674,FC002674-01,하녀들 [부산],연극,2026.10.08,2026.10.11,1시간 30분,90.0,"목요일(19:30), 토요일 ~ 일요일(15:00), HOL(15:00)",,,,,,,,,2,
PF300718,FC001213,FC001213-04,인생은 오디션 TOP 5 콘서트 [서울],대중음악,2026.10.09,2026.10.10,2시간,120.0,"금요일(13:00,18:00), 토요일(13:00,18:00)",,,,,,,,,3,
PF300717,FC000310,FC000310-01,신데렐라 [인천 검단],뮤지컬,2026.10.17,2026.10.17,55분,55.0,"토요일(11:00,14:00,16:00)",,,,,,,,,1,
PF300714,FC004419,FC004419-01,"앳모스피어 뮤직 시리즈, AUTUMN LIGHT",서양음악(클래식),2026.10.10,2026.10.10,1시간 10분,70.0,토요일(13:00),,,,,,,,,2,
PF300706,FC001345,FC001345-01,"Awesome Stage, N.Flying x Hi-Fi Un!corn",대중음악,2026.11.14,2026.11.15,3시간,180.0,"토요일(16:00), 일요일(15:00)",,,,,,,,,4,
PF300705,FC001961,FC001961-01,"제23회 평창 대관령 음악제, 4色 콘서트: 인다코 콰르텟 [강릉]",서양음악(클래식),2026.10.21,2026.10.21, ,,수요일(19:30),,,,,,,,,,
PF300688,FC000028,FC000028-02,"서울 오페라 페스티벌, 마술피리",서양음악(클래식),2026.10.24,2026.10.24,2시간 30분,150.0,토요일(17:00),,,,,,,,,3,
PF300686,FC000084,FC000084-01,"제23회 무룡예술제: 가을밤에 번지는 노래, 김기태 [울산]",대중음악,2026.10.07,2026.10.07,1시간 30분,90.0,수요일(19:30),,,,,,,,,2,
PF300685,FC000819,FC000819-01,로보카폴리: 브룸스타운의 에너지를 지켜라! [고양],뮤지컬,2026.11.28,2026.11.29,1시간 5분,65.0,"토요일(11:00,14:00,16:30), 일요일(11:00,14:00)",,,,,,,,,2,
PF300684,FC001908,FC001908-01,HEARTBEAT BY DUDUDO,대중음악,2026.10.17,2026.10.18,8시간,480.0,토요일 ~ 일요일(12:00),,,,,,,,,4,
PF300683,FC001575,FC001575-01,Stained Glass 2,서양음악(클래식),2026.10.10,2026.10.10,1시간 40분,100.0,토요일(17:00),,,,,,,,,2,
PF300677,FC000521,FC000521-01,"대관령음악제 기획공연, 4色 콘서트: Super Brass Stars 슈퍼 브라스 스타즈 [춘천]",대중음악,2026.10.22,2026.10.22, ,,목요일(19:30),37.8691718944428,127.744539492098,강원도 춘천시 강원대학길 1 (효자동),강원대학교 백령아트센터,1600.0,강원,춘천시,4,,
PF300676,FC002632,FC002632-01,"SICF 서울 국제 안무 페스티벌, PULSE & Silence & Prayer",무용(서양/한국무용),2026.10.30,2026.10.30,1시간 30분,90.0,금요일(19:30),,,,,,,,,2,
PF300675,FC004876,FC004876-01,아직 안 떠났소 [인천],연극,2026.10.07,2026.10.10,1시간 20분,80.0,"수요일 ~ 목요일(19:00), HOL(14:00,17:00), 토요일(14:00)",,,,,,,,,2,
PF300638,FC001696,FC001696-01,"트라이보울 시리즈, 백연 발레프로젝트와이: MELTING 멜팅 [인천]",무용(서양/한국무용),2026.12.12,2026.12.12,1시간,60.0,토요일(16:00),,,,,,,,,2,
PF300637,FC000233,FC000233-02,제8회 공연예술축제 그라제 X 시립국악관현악단: 추상,한국음악(국악),2026.10.01,2026.10.01,1시간,60.0,목요일(20:00),,,,,,,,,2,
PF300636,FC001193,FC001193-01,"대구 비르투오조 챔버 아트 콘서트: 색채의 울림, 고흐 & 고갱 [대구]",서양음악(클래식),2026.11.25,2026.11.25,1시간 40분,100.0,수요일(19:30),,,,,,,,,2,
PF300634,FC001696,FC001696-01,"트라이보울 시리즈: 99 아트컴퍼니의 제, 타오르는 삶 [인천]",무용(서양/한국무용),2026.11.25,2026.11.25,1시간,60.0,수요일(19:30),,,,,,,,,2,
PF300633,FC001594,FC001594-01,뽀로로와 타요: 올스타 어드벤처 [창원],뮤지컬,2026.11.28,2026.11.29,1시간 15분,75.0,"토요일 ~ 일요일(11:00,14:00,16:30)",,,,,,,,,2,
PF300627,FC001247,FC001247-05,심규선 단독 콘서트: SANCTUARY,대중음악,2026.10.24,2026.11.01,2시간 30분,150.0,"토요일(18:00), 일요일(17:00)",,,,,,,,,3,
PF300623,FC001234,FC001234-01,별을 갖고 튀어라 [광주],연극,2026.10.08,2026.11.15,1시간 40분,100.0,"화요일 ~ 금요일(19:30), 토요일 ~ 일요일(14:00,17:00)",,,,,,,,,2,
PF300616,FC004285,FC004285-01,너를 들고 간다 [대학로],연극,2026.10.09,2027.01.03,1시간 30분,90.0,"화요일 ~ 금요일(19:30), 토요일 ~ 일요일(14:00,17:30)",,,,,,,,,2,
PF300615,FC000020,FC000020-02,한희준 피아노 독주회,서양음악(클래식),2026.10.08,2026.10.08,1시간 30분,90.0,목요일(19:30),,,,,,,,,2,
PF300612,FC001958,FC001958-01,"고음악 오디세이, 음악의 언어: 수사학",서양음악(클래식),2026.11.17,2026.11.17,1시간 40분,100.0,화요일(19:30),,,,,,,,,2,
PF300610,FC000001,FC000001-12,피아니스 현영경 반주 리사이틀: 시의 숨결,서양음악(클래식),2026.10.08,2026.10.08,1시간 30분,90.0,목요일(19:30),,,,,,,,,2,
PF300609,FC001193,FC001193-01,"대구 비르투오조 챔버 특별음악회, 열린음악회: 모두를 위한 배리어프리 콘서트 [대구]",서양음악(클래식),2026.11.03,2026.11.03,1시간 40분,100.0,화요일(19:30),,,,,,,,,2,
PF300608,FC000020,FC000020-02,"리성야 , 류셴지 X 기타듀오 보티 (Botti) 콘서트 [서울]",서양음악(클래식),2026.10.31,2026.10.31,1시간 40분,100.0,토요일(17:00),,,,,,,,,2,
PF300603,FC000076,FC000076-01,제11회 대전아트필하모닉오케스트라 정기연주회: 시대의 교향곡 [대전],서양음악(클래식),2026.10.27,2026.10.27,1시간 25분,85.0,화요일(19:30),,,,,,,,,2,
PF300598,FC001384,FC001384-01,수레바퀴 아래서 [대학로],뮤지컬,2026.10.13,2027.01.03,1시간 30분,90.0,"화요일 ~ 금요일(20:00), 토요일 ~ 일요일(14:00,18:00), HOL(14:00,18:00)",,,,,,,,,2,
PF300596,FC001931,FC001931-01,제14회 남양주시립소년소녀합창단 기획연주회: 귀농아 놀자,뮤지컬,2026.10.03,2026.10.03,1시간 20분,80.0,토요일(17:00),,,,,,,,,2,
PF300595,FC000840,FC000840-01,"최고다 호기심딱지 시즌4, 피사총사: 우리 몸은 우리가 지킨다! [인천]",뮤지컬,2026.11.21,2026.11.22,1시간 20분,80.0,"토요일 ~ 일요일(11:00,14:00,16:30)",,,,,,,,,2,
PF300593,FC000493,FC000493-01,"김현철, 현마에 웃음과 감동의 오케스트라: 미리 크리스마스 [순천]",서양음악(클래식),2026.12.05,2026.12.05,1시간 40분,100.0,토요일(18:00),,,,,,,,,2,
PF300591,FC000032,FC000032-01,왕세자 실종사건,뮤지컬,2026.10.22,2026.10.22,1시간 40분,100.0,목요일(19:30),,,,,,,,,2,
PF300590,FC002949,FC002949-01,ZAZEN BOYS MATSURI SESSION [서울],대중음악,2026.12.06,2026.12.06,1시간 30분,90.0,일요일(17:00),37.5515788,126.9198284,서울특별시 마포구 잔다리로 32(서교동),무신사 개러지 (구. 왓챠홀) ,144.0,서울,마포구,1,2,1
PF300589,FC000018,FC000018-03,오색: 난장 [안산],무용(서양/한국무용),2026.09.30,2026.09.30,50분,50.0,수요일(20:00),,,,,,,,,1,
PF300588,FC003954,FC003954-01,TAKASE TOYA ASIA TOUR: ∞ [서울],대중음악,2026.10.18,2026.10.18,1시간 30분,90.0,일요일(19:00),,,,,,,,,2,
PF300585,FC000164,FC000164-01,바리톤 박대용 독창회 [부산],서양음악(클래식),2026.10.08,2026.10.08,1시간 30분,90.0,목요일(19:30),,,,,,,,,2,
PF300582,FC001166,FC001166-02,보물찾기 [울산],연극,2026.10.28,2026.11.11,1시간 30분,90.0,"월요일 ~ 금요일(19:30), 토요일(14:00,18:00)",,,,,,,,,2,
PF300576,FC000039,FC000039-02,제29회 창작신인안무가전,무용(서양/한국무용),2026.10.01,2026.10.01,1시간 30분,90.0,목요일(19:00),,,,,,,,,2,
PF300534,FC002785,FC002785-01,"[패키지] 부산국제공연예술마켓 (BPAM) , 오피셜 초이스: 음악 패키지",복합,2026.10.04,2026.10.04,1시간 10분,70.0,일요일(19:30),,,,,,,,,2,
PF300533,FC000001,FC000001-05,"제18회 서울 국제 음악제, 이안 보스트리지: 슈만 시인의 사랑",서양음악(클래식),2026.10.15,2026.10.15,1시간 20분,80.0,목요일(19:30),,,,,,,,,2,
PF300532,FC000020,FC000020-02,홍지연 첼로 독주회,서양음악(클래식),2026.10.16,2026.10.16,1시간 30분,90.0,금요일(19:30),,,,,,,,,2,
PF300531,FC002989,FC002989-01,타오르는 어둠 속에서 [대학로],연극,2026.09.19,2026.10.04,1시간 40분,100.0,"월요일 ~ 금요일(20:00), 토요일(15:00,19:00), 일요일(14:00,18:00)",,,,,,,,,2,
PF300530,FC002849,FC002849-01,하나의별 VOL.1,대중음악,2026.10.06,2026.10.06, ,,화요일(19:00),,,,,,,,,,
PF300529,FC001108,FC001108-01,팬레터 [김천],뮤지컬,2026.10.08,2026.10.09,2시간 40분,160.0,"목요일(19:30), HOL(15:00)",,,,,,,,,3,
PF300527,FC000262,FC000262-01,"국립오페라단 오페레타, 박쥐 [제주]",서양음악(클래식),2026.10.02,2026.10.03,2시간 30분,150.0,"금요일(19:30), 토요일(15:00)",,,,,,,,,3,
PF300524,FC000016,FC000016-03,I Miss You [성남],서양음악(클래식),2026.10.17,2026.10.17,1시간 40분,100.0,토요일(19:00),,,,,,,,,2,
PF300523,FC000001,FC000001-12,경희 솔로이스츠,서양음악(클래식),2026.10.20,2026.10.20,2시간,120.0,화요일(19:30),,,,,,,,,3,
PF300522,FC000477,FC000477-04,"한국소리문화의전당 신진예술인 발굴 프로젝트 시리즈 See: Rise, Ep.01 모아 [전주]",한국음악(국악),2026.10.01,2026.10.01,1시간 10분,70.0,목요일(19:30),,,,,,,,,2,
PF300375,FC000155,FC000155-01,호두까기 인형 [성남],무용(서양/한국무용),2026.12.05,2026.12.26,1시간 5분,65.0,"월요일(11:00), 수요일(11:00), 금요일(11:00), 토요일(11:00,14:00), HOL(11:00,14:00,17:00)",,,,,,,,,2,
PF300372,FC000371,FC000371-01,사의 찬미 [춘천],뮤지컬,2026.11.13,2026.11.14,1시간 50분,110.0,"금요일(19:30), 토요일(15:00)",,,,,,,,,2,
PF300370,FC001814,FC001814-01,범인의 조건 [대학로],연극,2026.10.01,2026.11.01,1시간 30분,90.0,"화요일 ~ 금요일(19:30), 토요일(15:00,18:00), 일요일(15:00)",,,,,,,,,2,
PF300369,FC000760,FC000760-01,"제3회 옥천전국연극제, 프리마돈나 (10.02)",연극,2026.10.02,2026.10.02,1시간 30분,90.0,금요일(18:30),36.3036801,127.57420619999994,충청북도 옥천군 옥천읍 문정1길 32,옥천문화예술회관,478.0,충북,옥천군,2,2,2
PF300366,FC001199,FC001199-01,컴포터 [대학로],뮤지컬,2026.09.22,2026.11.08,1시간 40분,100.0,"월요일(20:00), 수요일 ~ 목요일(20:00), 금요일(16:00,20:00), 토요일(15:00,19:00), 일요일(14:00,18:00), HOL(14:00,18:00)",37.5809157,127.0037003,서울특별시 종로구 대학로8길 25 (동숭동),브릭스씨어터 (구. 콘텐츠 그라운드),202.0,서울,종로구,1,2,1
PF300365,FC004816,FC004816-01,곁에두는음악 Series 27. 루닐스라운지: DUOLOGUE,대중음악,2026.09.30,2026.09.30,1시간 10분,70.0,수요일(20:00),37.470973,127.040876,"서울특별시 서초구 언남길 15-13 (양재동, 파크하우스)",음악의집,0.0,서울,서초구,,2,
PF300364,FC001271,FC001271-02,정연서 피아노 독주회 [통영],서양음악(클래식),2026.10.13,2026.10.13,1시간 45분,105.0,화요일(19:30),34.8261089,128.43976640000005,경상남도 통영시 큰발개1길 38 (도남동),블랙박스,254.0,경남,통영시,1,2,1
PF300352,FC003048,FC003048-01,"제4회 PLOT STAGE: 파도를 달리는, 빛으로 흐르는",연극,2026.09.30,2026.10.01,1시간 40분,100.0,"수요일(16:00,19:30), 목요일(19:00)",37.5576008,126.9381984,서울특별시 서대문구 연세로4길 27(창천동),극장 PLOT,100.0,서울,서대문구,1,2,1
PF300347,FC001191,FC001191-01,"포항국제음악제, 과거에서 현재로",서양음악(클래식),2026.11.09,2026.11.09,1시간 40분,100.0,월요일(19:00),,,,,,,,,2,
PF300342,FC001513,FC001513-01,"이탈리아 Euregio Klassika 내한공연, 콘서트오페라: 라보엠",서양음악(클래식),2026.10.10,2026.10.11,2시간,120.0,"토요일(19:30), 일요일(18:00)",37.5130605,127.10349500000008,서울특별시 송파구 올림픽로 300 (신천동) 롯데월드몰 8층 롯데문화재단,롯데콘서트홀,2036.0,서울,송파구,4,3,3
PF300332,FC000760,FC000760-01,프리마돈나 [옥천],연극,2026.10.01,2026.10.01,1시간 30분,90.0,목요일(18:30),36.3036801,127.57420619999994,충청북도 옥천군 옥천읍 문정1길 32,옥천문화예술회관,478.0,충북,옥천군,2,2,2
PF300329,FC000724,FC000724-01,"시크릿쥬쥬: 별의보석, 잃어버린 빛을 찾아서 [제주]",뮤지컬,2026.11.07,2026.11.08,1시간 5분,65.0,"토요일 ~ 일요일(11:00,14:00,16:30)",33.4762933,126.47489870000004,제주특별자치도 제주시 한라대학로 38 (노형동),대극장,831.0,제주,제주시,3,2,2
PF300327,FC004809,FC004809-01,윤덕경의 춤: 기쁨도 슬픔도 넘치지 않고,무용(서양/한국무용),2026.09.30,2026.09.30,1시간 10분,70.0,수요일(19:30),,,,,,,,,2,
PF300325,FC005064,FC005064-01,"제3회 옥천전국연극제, 백조의 노래",연극,2026.10.05,2026.10.05,1시간 10분,70.0,HOL(14:00),36.303988,127.575041,충청북도 옥천군 옥천읍 문정1길 37,생활체육관,435.0,충북,옥천군,2,2,2
PF300324,FC000001,FC000001-12,이선아 피아노 독주회: J.S.Bach Keyboard Suite 전곡 시리즈 Ⅳ,서양음악(클래식),2026.10.18,2026.10.18,1시간 30분,90.0,일요일(14:00),,,,,,,,,2,
PF300322,FC001191,FC001191-01,"포항국제음악제, 포항시립교향악단 with 김영욱 & 율리안 슈테켈",서양음악(클래식),2026.11.10,2026.11.10,1시간 20분,80.0,화요일(19:00),,,,,,,,,2,
PF300321,FC001420,FC001420-01,이상한 나라의 이상해씨 [창원 (앵콜) ],연극,2026.10.02,2026.10.25,1시간,60.0,"금요일(19:00), 토요일(17:00), 일요일(14:00,17:00), HOL(14:00)",35.2299871,128.6810528,경상남도 창원시 성산구 용지로169번길 11-13(용호동),나비아트홀,120.0,경남,창원시,1,2,1
PF300320,FC001191,FC001191-01,"포항국제음악제, 오로라 (Northern Lights)",서양음악(클래식),2026.11.07,2026.11.07,1시간 25분,85.0,토요일(17:00),,,,,,,,,2,
PF300319,FC001347,FC001347-01,"부산국제공연예술마켓 (BPAM) , 나를 잊지 말아요",연극,2026.10.03,2026.10.03,1시간 10분,70.0,토요일(19:30),35.1731656,129.12766,부산광역시 해운대구 센텀중앙로 55 (우동) 경남정보대학교및동서대학교센텀산학캠퍼스,우리은행홀 (구. 신한카드홀),1134.0,부산,해운대구,4,2,3
PF300315,FC000009,FC000009-04,이결의 대금정악 시리즈: 가즌회상,한국음악(국악),2026.10.01,2026.10.01,1시간 20분,80.0,목요일(19:30),,,,,,,,,2,
PF300314,FC000001,FC000001-02,에튀드 스펙트럼 Ⅰ: 지유경 리게티 피아노 에튀드 전곡 리사이틀,서양음악(클래식),2026.11.01,2026.11.01,1시간 40분,100.0,일요일(20:00),,,,,,,,,2,
PF300312,FC001908,FC001908-01,웨이브투어스 서울 단독 콘서트,대중음악,2026.12.18,2026.12.20,2시간,120.0,"금요일(20:00), 토요일(18:00), 일요일(17:00)",,,,,,,,,3,
PF300302,FC004802,FC004802-01,"월간 피오레, 마경록 피아니스트 (9월)",서양음악(클래식),2026.09.30,2026.09.30,1시간 30분,90.0,수요일(19:00),37.483599,127.012844,서울특별시 서초구 효령로52길 16 (서초동),공연장,0.0,서울,서초구,,2,
PF300297,FC002379,FC002379-01,"플레이리스트 와와 vol.3, 포스트이너서클 & 코토바",대중음악,2026.10.02,2026.10.02,2시간 30분,150.0,금요일(19:00),37.5565279,126.935024,서울특별시 서대문구 연세로5다길 10 (창천동),복합문화공간 몽향,100.0,서울,서대문구,1,3,2
PF300296,FC000865,FC000865-01,"클래식으로 듣는 우리의 밤은 당신의 노래로: 가을날, 삶을 위로하는 음악들 [군위]",서양음악(클래식),2026.10.01,2026.10.01,1시간 30분,90.0,목요일(19:30),36.237268,128.57393809999996,경상북도 군위군 군위읍 군청로 158,공연장,473.0,대구,군위군,2,2,2
PF300294,FC000537,FC000537-02,지브리와 사랑에 빠지다: 지브리 영화음악 콘서트 [안동],서양음악(클래식),2026.10.31,2026.10.31,1시간 30분,90.0,토요일(15:00),36.5595259,128.7256906,경상북도 안동시 축제장길 66 (안흥동),백조홀,276.0,경북,안동시,1,2,1
PF300291,FC000371,FC000371-01,윌리엄과 윌리엄의 윌리엄들 [춘천],뮤지컬,2026.10.23,2026.10.24,1시간 40분,100.0,"금요일(19:30), 토요일(15:00)",,,,,,,,,2,
PF300286,FC000073,FC000073-01,예빛 단독 콘서트: DEMO,대중음악,2026.10.03,2026.10.03,1시간 30분,90.0,토요일(18:00),37.5484417,126.9201058,서울특별시 마포구 어울마당로 35 (서교동) 지하 1층,롤링홀,200.0,서울,마포구,1,2,1
PF300285,FC004957,FC004957-01,영유아를 위한 아장아장 콘서트: 내 아이의 첫 클래식 [대전] (10.17),서양음악(클래식),2026.10.17,2026.10.17,50분,50.0,"토요일(11:00,13:00,15:00)",36.386291,127.311994,대전광역시 유성구 지족로328번길 14-26 (지족동),음악정원홀 ,50.0,대전,유성구,1,1,1
PF300284,FC000127,FC000127-02,출해: 이무기 이야기 [고양],한국음악(국악),2026.10.17,2026.10.17,1시간 10분,70.0,토요일(17:00),,,,,,,,,2,
PF300283,FC001590,FC001590-01,오즈의 마법사 [고양],뮤지컬,2026.10.31,2026.11.01,55분,55.0,"토요일 ~ 일요일(11:00,14:00,16:00)",37.6677307,126.75104379999992,경기도 고양시 일산서구 호수로 817 (대화동),문화홀 (9층),540.0,경기,고양시,3,1,2
PF300282,FC000017,FC000017-02,유네스코 · 경기도 세계무형문화유산축전 [수원],복합,2026.09.29,2026.09.30,2시간,120.0,화요일 ~ 수요일(19:00),37.2618899,127.0374319,경기도 수원시 팔달구 효원로307번길 20 (인계동) 경기도문화의전당,소극장,502.0,경기,수원시,3,3,3
PF300277,FC000013,FC000013-01,"스테이지149, 그림자극: 핸드쉐도우 판타지 ANIMARE 아니마레 [인천]",연극,2026.10.29,2026.10.31,1시간,60.0,"목요일 ~ 금요일(17:00), 토요일(11:00,14:00)",37.4477666,126.70008329999996,인천광역시 남동구 예술로 149 (구월동),소공연장,486.0,인천,남동구,2,2,2
PF300275,FC000926,FC000926-01,신데렐라 [수원],뮤지컬,2026.11.04,2026.11.29,50분,50.0,"수요일 ~ 금요일(10:00,11:10), 토요일 ~ 일요일(11:00,13:00)",37.271128,127.03089,경기도 수원시 팔달구 인계로 123 (인계동),KBS 수원아트홀,190.0,경기,수원시,1,1,1
PF300272,FC001217,FC001217-01,"이희문프로젝트, 날: NAL [성남]",한국음악(국악),2026.11.07,2026.11.07,1시간 10분,70.0,토요일(17:00),37.4448723,127.13890700000002,경기도 성남시 수정구 수정로171번길 10,대극장,645.0,경기,성남시,3,2,2
PF300271,FC001556,FC001556-01,조주연 피아노 독주회,서양음악(클래식),2026.10.09,2026.10.09,1시간 30분,90.0,금요일(15:00),37.564089,126.93898089999992,서울특별시 서대문구 연세로 50 (신촌동) 연세대학교 백양누리 B1 금호아트홀 연세,금호아트홀 연세,390.0,서울,서대문구,2,2,2
PF300267,FC004796,FC004796-01,"링크원스테이지 LINK ONE, 히미츠 (HeMeets) 어쿠스틱 단독 콘서트",대중음악,2026.10.10,2026.10.10, ,,토요일(19:00),37.582936,126.913858,서울특별시 서대문구 응암로 118 (북가좌동),링크원스테이지(LINK ONE STAGE),80.0,서울,서대문구,1,,
PF300266,FC000001,FC000001-02,정다슬 피아노 독주회,서양음악(클래식),2026.10.07,2026.10.07,1시간 30분,90.0,수요일(19:30),,,,,,,,,2,
PF300265,FC000711,FC000711-01,장화신은 고양이 [김해],뮤지컬,2026.11.08,2026.11.08,50분,50.0,"일요일(11:00,13:00,15:00)",35.1914593,128.79697080000005,경상남도 김해시 대청로176번길 7 (대청동),공연장,333.0,경남,김해시,2,1,1
PF300262,FC001860,FC001860-01,"수림 뉴 웨이브, 김효영: 비껴선 시선",한국음악(국악),2026.10.22,2026.10.22,1시간 15분,75.0,목요일(19:30),37.5905713,127.0429186,서울특별시 동대문구 홍릉로 118 (청량리동),SPACE 1(다목적홀),140.0,서울,동대문구,1,2,1
PF300109,FC000847,FC000847-01,Nujabes Metaphorical Ensemble Live 누자베스 메타포리컬 앙상블 [서울],대중음악,2026.10.31,2026.10.31,1시간 40분,100.0,토요일(18:00),37.5515008,126.9139502,"서울특별시 마포구 양화로 45 (서교동, 메세나폴리스)",동양생명홀,424.0,서울,마포구,2,2,2
PF300108,FC004661,FC004661-01,"영암 가을 월출산, 재즈에 물들다",대중음악,2026.10.02,2026.10.02,2시간,120.0,금요일(17:00),34.761103,126.617384,전남광주통합특별시 영암군 군서면 구림로 147,야외 공연장,0.0,전남광주,영암군,,3,
PF300105,FC001441,FC001441-01,"피아노 병창 최준 작곡발표회, 판소리는 재즈를 좋아해 (Pansori Likes Jazz)",복합,2026.10.01,2026.10.01,1시간 30분,90.0,목요일(19:30),,,,,,,,,2,
PF300104,FC000127,FC000127-03,김창완 밴드 콘서트 [고양],대중음악,2026.10.31,2026.10.31,2시간,120.0,토요일(17:00),,,,,,,,,3,
PF300103,FC003921,FC003921-01,특.별.반 [김포],뮤지컬,2026.09.05,2026.11.29,1시간,60.0,"토요일 ~ 일요일(14:00), HOL(14:00)",37.6449162,126.6244803,"경기도 김포시 김포한강9로75번길 180 (구래동, 두원타워)",소다아트홀,0.0,경기,김포시,,2,
PF300102,FC001618,FC001618-01,당신만이 [김포],뮤지컬,2026.10.03,2026.10.03,2시간,120.0,"토요일(11:00,16:00)",37.6189366,126.72017299999992,경기도 김포시 돌문로 26 (사우동),김포아트홀,503.0,경기,김포시,3,3,3
PF300048,FC003195,FC003195-01,"바티멘토 듀오 내한공연, Batimento Dúo Tango Live Tour with Tanaka Shinji, Koh Sangji",대중음악,2026.10.31,2026.10.31,1시간 10분,70.0,토요일(16:00),37.5195101,127.019106,서울특별시 강남구 강남대로 652(신사동),거암아트홀,144.0,서울,강남구,1,2,1
PF300046,FC001415,FC001415-02,제6회 디벨렌트리오 정기연주회 [대전],서양음악(클래식),2026.10.30,2026.10.30,1시간 40분,100.0,금요일(19:30),,,,,,,,,2,
PF300045,FC003574,FC003574-01,더퍼포머 매직나잇 [청주],서커스/마술,2026.09.04,2026.09.29,50분,50.0,화요일 ~ 금요일(19:00),36.6373135,127.4894553,충청북도 청주시 상당구 사직대로 379 (북문로2가),더퍼포머 마술극장,0.0,충북,청주시,,1,
PF300044,FC001675,FC001675-02,"영남의 전통예술, 밀양이 잇다 Ⅱ: 밀양백중놀이 & 밀양법흥상원놀이 [밀양]",한국음악(국악),2026.09.29,2026.09.29,1시간 10분,70.0,화요일(19:30),35.5036034,128.7583247,경상남도 밀양시 밀양대공원로 112 (교동),소공연장,236.0,경남,밀양시,1,2,1
PF300042,FC001193,FC001193-01,"대구메세나협회 창립 3주년 기념, 대구 클라리넷 앙상블 정기연주회",서양음악(클래식),2026.09.29,2026.09.29,1시간 30분,90.0,화요일(19:30),,,,,,,,,2,
PF300016,FC000068,FC000068-01,로맨틱 하모니: Harmony of Two Nations [광주],서양음악(클래식),2026.10.02,2026.10.02,1시간 30분,90.0,금요일(19:30),35.1481359,126.90864540000008,전남광주통합특별시 남구 천변좌로338번길 7 (구동),공연장,715.0,전남광주,남구,3,2,2
PF300014,FC001215,FC001215-01,올모스트 메인 [대학로],연극,2026.10.10,2026.10.11,2시간,120.0,"토요일(15:00,19:00), 일요일(13:00,17:00)",37.5824263,126.9977518,서울특별시 종로구 창경궁로 227(명륜4가),소극장 창덕궁,150.0,서울,종로구,1,3,2
PF300012,FC000113,FC000113-01,인싸가족 [서울 서초],뮤지컬,2026.11.07,2026.11.08,1시간 10분,70.0,"토요일 ~ 일요일(11:00,14:00,16:30)",,,,,,,,,2,
PF300011,FC005056,FC005056-01,장화신은 고양이 [부산],뮤지컬,2026.11.07,2026.11.07,50분,50.0,"토요일(11:00,14:00,16:00)",35.340381,129.164337,부산광역시 기장군 정관읍 모전로 11,소학대홀,626.0,부산,기장군,3,1,2
PF300009,FC001125,FC001125-01,"창작ing, 돌쇠전",뮤지컬,2026.10.02,2026.10.15,1시간 30분,90.0,"월요일 ~ 금요일(19:30), 일요일(14:00,18:00), HOL(14:00,18:00)",37.5667701,126.97608230000004,서울특별시 중구 세종대로19길 16 (정동),국립정동극장 세실 (구.세실극장),234.0,서울,중구,1,2,1
PF300007,FC001415,FC001415-02,이진 피아노 독주회 [대전],서양음악(클래식),2026.10.18,2026.10.18,1시간 20분,80.0,일요일(17:00),,,,,,,,,2,
PF300006,FC001242,FC001242-01,겨울이야기 [여수],뮤지컬,2026.10.17,2026.10.17,1시간,60.0,"토요일(11:00,13:00,15:00)",34.7469581,127.72792270000002,전남광주통합특별시 여수시 좌수영로 69 (광무동),대공연장,960.0,전남광주,여수시,3,2,2
PF299697,FC000564,FC000564-01,호두까기인형 [부천],뮤지컬,2026.11.28,2026.11.28,50분,50.0,"토요일(11:00,14:00)",,,,,,,,,1,
PF299696,FC001675,FC001675-02,CINEMA OST CONCERT: 우리가 사랑한 애니메이션 & 영화음악의 모든 것 [밀양],서양음악(클래식),2026.11.07,2026.11.07,1시간 20분,80.0,토요일(18:00),35.5036034,128.7583247,경상남도 밀양시 밀양대공원로 112 (교동),소공연장,236.0,경남,밀양시,1,2,1
PF299695,FC001298,FC001298-01,망원동 브라더스 [대학로],연극,2026.10.09,2026.10.31,1시간 40분,100.0,"수요일 ~ 금요일(19:30), 토요일 ~ 일요일(14:00)",37.5829439,127.00262709999993,서울특별시 종로구 대학로8가길 52 (동숭동),루미나아트홀 (구. 시온아트홀) ,144.0,서울,종로구,1,2,1
PF299694,FC000332,FC000332-02,피터팬 [평택],뮤지컬,2026.11.01,2026.11.01,50분,50.0,"일요일(11:30,14:00)",37.0668137,127.06494380000004,경기도 평택시 경기대로 1366 (서정동),소공연장,282.0,경기,평택시,1,1,1
PF299692,FC000160,FC000160-01,금정의 편지 [부산],복합,2026.10.17,2026.10.17,1시간 40분,100.0,토요일(17:00),35.2459085,129.0941378,부산광역시 금정구 체육공원로 7 (구서동),대공연장(금빛누리홀),880.0,부산,금정구,3,2,2
PF299691,FC004296,FC004296-01,HELLO 발레: 발레의 초대 [부산],복합,2026.10.30,2026.10.31,1시간 20분,80.0,"금요일(19:30), 토요일(17:00)",35.1693728,129.0542532,부산광역시 부산진구 동평로 250 (연지동),콘서트홀,2011.0,부산,부산진구,4,2,3
PF299690,FC001832,FC001832-01,AIMI ASIA TOUR: STAR RISING in Seoul,대중음악,2026.11.07,2026.11.07,1시간 30분,90.0,토요일(17:00),37.5096777,127.0555363,서울특별시 강남구 삼성로 534 (삼성동),GB가빈아트홀,329.0,서울,강남구,2,2,2
PF299689,FC001333,FC001333-01,"어린이 참여공연, 아빠와 난 초등1학년 [울산]",연극,2026.10.23,2026.10.24,1시간 10분,70.0,"금요일(19:30), 토요일(11:00,14:00,16:30)",35.5634452,129.3355305,울산광역시 중구 번영로 470 (반구동),J아트홀,220.0,울산,중구,1,2,1
PF299676,FC000240,FC000240-01,알라딘 [과천],뮤지컬,2026.11.14,2026.11.15,55분,55.0,"토요일 ~ 일요일(11:00,14:00,16:00)",37.4382454,127.0059149,경기도 과천시 상하벌로 110 (과천동),어울림홀,495.0,경기,과천시,2,1,1
PF299675,FC001131,FC001131-01,"라 리저브 첫 아시아 투어, 레이블 콘서트: 케이티 조지 & 루시 예기아자리안 & 마리아 킴",대중음악,2026.11.15,2026.11.15,1시간 30분,90.0,일요일(19:00),,,,,,,,,2,
PF299674,FC000584,FC000584-01,"함안문화예술회관 하우스콘서트, 우리 & 김재원 (9월)",서양음악(클래식),2026.09.30,2026.09.30,1시간,60.0,수요일(19:30),,,,,,,,,2,
PF299563,FC001247,FC001247-03,"10CM FAN CONCERT: THE MISSING TRACKS 사라진 곡들의 행방, CASE No.1011",대중음악,2026.10.11,2026.10.11, ,,일요일(18:00),,,,,,,,,,
PF299561,FC000214,FC000214-05,"마티네콘서트 마실, 인생예찬",복합,2026.09.30,2026.09.30,1시간,60.0,수요일(11:00),37.3874966,126.7246381,인천광역시 남동구 아암대로1437번길 32 (논현동),소래극장 (대공연장) ,703.0,인천,남동구,3,2,2
PF299560,FC000064,FC000064-01,"리: 바운드 축제, 브람스를 좋아하세요?",서양음악(클래식),2026.10.21,2026.10.21,1시간 50분,110.0,수요일(19:30),37.6036744,126.927865,서울특별시 은평구 녹번로 16 (녹번동),공연장,670.0,서울,은평구,3,2,2
PF299559,FC005046,FC005046-01,"리: 바운드 축제, 로미오와 줄리엣",한국음악(국악),2026.10.22,2026.10.22,1시간 20분,80.0,목요일(19:30),37.505119,126.960611,서울특별시 동작구 서달로 129 (흑석동),아트홀 ,100.0,서울,동작구,1,2,1
PF299557,FC001100,FC001100-01,"리: 바운드 축제, 꽃신 그 길을 따라",연극,2026.10.23,2026.10.24,1시간,60.0,"금요일(19:30), 토요일(15:00)",37.4837128,127.04643740000006,서울특별시 강남구 남부순환로378길 34-9 (도곡동),오유아트홀,138.0,서울,강남구,1,2,1
PF299553,FC001166,FC001166-01,손민수 피아노 리사이틀 [울산],서양음악(클래식),2026.10.23,2026.10.23,2시간 10분,130.0,금요일(19:30),,,,,,,,,3,
PF299552,FC000001,FC000001-02,이상미 피아노 독주회,서양음악(클래식),2026.10.17,2026.10.17,1시간 30분,90.0,토요일(20:00),,,,,,,,,2,
PF299551,FC001791,FC001791-01,"리: 바운드 축제, 동동마을을 구해주세요",한국음악(국악),2026.10.17,2026.10.17,50분,50.0,"토요일(11:00,14:00)",37.6543814,127.06366559999992,서울특별시 노원구 노해로 502 (상계동),노원어린이극장 (구.노원어울림극장) ,204.0,서울,노원구,1,1,1
PF299550,FC001629,FC001629-01,소프라노 인수연 독창회,서양음악(클래식),2026.10.06,2026.10.06,1시간 40분,100.0,화요일(19:30),37.5372055,127.00552319999996,서울특별시 용산구 한남대로 98 (한남동),일신홀,189.0,서울,용산구,1,2,1
PF299466,FC001629,FC001629-01,TIMF앙상블 SPICE Ⅲ. 믹스 앤 매치,서양음악(클래식),2026.10.23,2026.10.23,1시간 20분,80.0,금요일(19:30),37.5372055,127.00552319999996,서울특별시 용산구 한남대로 98 (한남동),일신홀,189.0,서울,용산구,1,2,1
PF299462,FC001296,FC001296-02,정글북 [대전],뮤지컬,2026.10.31,2026.10.31,50분,50.0,"토요일(11:30,14:00)",36.3679381,127.3442986,대전광역시 유성구 대학로 99,백마홀,450.0,대전,유성구,2,1,1
PF299456,FC000240,FC000240-01,"엄마까투리: 유치원도, 도시도 처음이야 [과천]",뮤지컬,2026.11.07,2026.11.08,1시간 10분,70.0,"토요일 ~ 일요일(11:00,14:00,16:30)",37.4382454,127.0059149,경기도 과천시 상하벌로 110 (과천동),어울림홀,495.0,경기,과천시,2,2,2
PF299450,FC000424,FC000424-01,"브라소닛 빅밴드와 앰비규어스댄스컴퍼니, Body & Voice [당진]",복합,2026.10.17,2026.10.17,1시간 30분,90.0,토요일(17:00),,,,,,,,,2,
PF299448,FC000001,FC000001-02,바이올리니스트 옥유아 바흐 무반주 전곡 시리즈 I,서양음악(클래식),2026.10.01,2026.10.01,1시간 30분,90.0,목요일(19:30),,,,,,,,,2,
PF299447,FC003948,FC003948-01,"제천 달빛아레 콘서트, 멜로디 오브 드라마 (10월)",서양음악(클래식),2026.10.15,2026.10.15,1시간 10분,70.0,목요일(19:30),37.1356797,128.2083233,충청북도 제천시 동명로 77 (명동),대공연장,799.0,충북,제천시,3,2,2
PF299443,FC000200,FC000200-01,라이어 1탄 [대구],연극,2026.11.25,2026.12.13,1시간 40분,100.0,"화요일 ~ 금요일(19:30), 토요일(14:00,17:00), 일요일(15:00)",35.8631367,128.59656180000002,대구광역시 중구 봉산문화길 77 (봉산동),가온홀,424.0,대구,중구,2,2,2
PF299438,FC001347,FC001347-01,윤종신 전국투어 콘서트: 가을 냄새 [부산],대중음악,2026.10.31,2026.10.31,2시간,120.0,토요일(17:00),35.1731656,129.12766,부산광역시 해운대구 센텀중앙로 55 (우동) 경남정보대학교및동서대학교센텀산학캠퍼스,우리은행홀 (구. 신한카드홀),1134.0,부산,해운대구,4,3,3
PF299301,FC004725,FC004725-01,"Sac on Screen, 유니버설발레단: 라 바야데르 [화성] (영상화)",무용(서양/한국무용),2026.12.05,2026.12.05,1시간 42분,102.0,토요일(15:00),37.192637,127.086362,경기도 화성시 노작로 11-1 (오산동),동탄아트홀,1450.0,경기,화성시,4,2,3
PF299295,FC000537,FC000537-02,필근이 온다 [안동],연극,2026.10.23,2026.10.24,1시간 30분,90.0,"금요일(14:00), 토요일(17:00)",36.5595259,128.7256906,경상북도 안동시 축제장길 66 (안흥동),백조홀,276.0,경북,안동시,1,2,1
PF299294,FC001359,FC001359-01,어린이 서커스 매직쇼 [파주],서커스/마술,2026.10.11,2026.10.11,55분,55.0,"일요일(11:00,13:30,15:30)",37.724262,126.751094,경기도 파주시 와석순환로 415 (와동동),공연장,536.0,경기,파주시,3,1,2
PF299291,FC004835,FC004835-01,도어 넥스트 헤븐 [대학로],연극,2026.09.15,2026.11.01,1시간 15분,75.0,"월요일 ~ 금요일(20:30), 토요일 ~ 일요일(19:00), HOL(19:00)",37.584528,127.002688,서울특별시 종로구 대학로14길 26-1 (혜화동),로비 바이 컨템포러리 테일즈(B1),0.0,서울,종로구,,2,
PF299288,FC001608,FC001608-01,Ｈ△Ｇ 1st One Man Live: 夏の在りか [서울],대중음악,2026.10.17,2026.10.17,1시간 30분,90.0,토요일(19:00),,,,,,,,,2,
PF299287,FC001239,FC001239-01,드라큘라 [대구],뮤지컬,2026.10.27,2026.11.01,2시간 45분,165.0,"화요일 ~ 금요일(19:30), 토요일 ~ 일요일(14:00,19:00)",35.8570982,128.48714700000005,대구광역시 달서구 달구벌대로 1095 - 0 계명대학교,계명아트센터,1954.0,대구,달서구,4,3,3
PF299284,FC001415,FC001415-02,"대전시립 연정 국악단 풍류마당, 둥딩동! 가야금 소리나라!: 졸장만록",한국음악(국악),2026.10.17,2026.10.17,50분,50.0,"토요일(11:00,14:00)",,,,,,,,,1,
PF299277,FC000420,FC000420-01,로봇 특공대 [전남광주],뮤지컬,2026.11.08,2026.11.08,1시간,60.0,"일요일(14:00,16:00)",35.1570531,126.858156,전남광주통합특별시 서구 내방로 152 (쌍촌동),민주홀,802.0,전남광주,서구,3,2,2
PF299276,FC000204,FC000204-01,크리스마스 영화음악 & 캐롤 FESTA [대구],서양음악(클래식),2026.12.13,2026.12.13,2시간,120.0,일요일(13:00),35.8295426,128.62841500000002,대구광역시 수성구 무학로 180 (지산동),대극장 (대공연장) ,1159.0,대구,수성구,4,3,3
PF299275,FC001791,FC001791-01,방과후 공연놀이터,복합,2026.09.16,2026.12.09,1시간,60.0,수요일(14:30),37.6543814,127.06366559999992,서울특별시 노원구 노해로 502 (상계동),노원어린이극장 (구.노원어울림극장) ,204.0,서울,노원구,1,2,1
PF299274,FC001356,FC001356-01,"데뷔 60주년 기념공연, 남진 전국투어 콘서트 [익산]",대중음악,2026.11.07,2026.11.07,2시간,120.0,토요일(17:00),35.9515526,126.9869056,전라북도 익산시 동서로 490 (어양동),대공연장,1202.0,전북,익산시,4,3,3
PF299273,FC001873,FC001873-02,제6회 인천국제고음악제 Ⅱ. 아망딘 베예 X 코리안 바로크 소사이어티: Galaxia Vivaldi,서양음악(클래식),2026.11.01,2026.11.01,1시간 40분,100.0,일요일(17:00),37.393484099999995,126.6309586,인천광역시 연수구 아트센터대로 222 (송도동),콘서트홀,1727.0,인천,연수구,4,2,3
PF298967,FC000001,FC000001-03,"예술의전당 토요콘서트, 프리뷰 베토벤 (12월)",서양음악(클래식),2026.12.19,2026.12.19,1시간 30분,90.0,토요일(17:00),,,,,,,,,2,
PF298964,FC000005,FC000005-01,"국립극단, 안트로폴리스 Ⅲ: 오이디푸스",연극,2026.09.24,2026.10.18,2시간,120.0,"월요일(19:30), 수요일 ~ 금요일(19:30), 토요일 ~ 일요일(15:00), HOL(15:00)",37.563999,126.9841738,서울특별시 중구 명동길 35 (명동1가),명동예술극장,547.0,서울,중구,3,3,3
PF298962,FC000826,FC000826-02,시대악기로 듣는 모차르트 가족의 음악 이야기 [여수],서양음악(클래식),2026.10.22,2026.10.22,1시간 40분,100.0,목요일(19:30),34.7498095,127.66498990000002,전남광주통합특별시 여수시 예울마루로 100 (시전동),소극장,302.0,전남광주,여수시,2,2,2
PF298952,FC000323,FC000323-02,아트버블쇼: 눈꽃공연 [대전],서커스/마술,2026.10.03,2026.10.03,55분,55.0,"토요일(12:00,14:00,16:00)",,,,,,,,,1,
PF298950,FC001823,FC001823-01,tripleS World Tour: ANDLESS [서울],대중음악,2026.10.10,2026.10.11,2시간,120.0,토요일 ~ 일요일(18:00),37.5581719,127.0067176,서울특별시 중구 동호로 241 (장충동2가) ,장충체육관,4507.0,서울,중구,4,3,3
PF298948,FC004296,FC004296-01,제634회 부산시립교향악단 정기 연주회 [부산],서양음악(클래식),2026.10.16,2026.10.16,1시간 40분,100.0,금요일(19:30),35.1693728,129.0542532,부산광역시 부산진구 동평로 250 (연지동),콘서트홀,2011.0,부산,부산진구,4,2,3
PF298938,FC001438,FC001438-01,"베베핀, 두근두근 새친구 [수원]",뮤지컬,2026.10.10,2026.10.11,1시간 10분,70.0,"토요일 ~ 일요일(11:00,14:00,16:30)",,,,,,,,,2,
PF298937,FC000293,FC000293-01,헨젤과 그레텔 [대구],뮤지컬,2026.11.07,2026.11.08,1시간,60.0,"토요일 ~ 일요일(11:00,14:00,16:00)",35.8559656,128.6063335,대구광역시 중구 명덕로 333 (대봉동) 대백프라자,프라임홀,214.0,대구,중구,1,2,1
PF298931,FC000001,FC000001-02,비올리스트 강동엽 보웬 전곡 시리즈 Ⅱ,서양음악(클래식),2026.10.02,2026.10.02,1시간 30분,90.0,금요일(19:30),,,,,,,,,2,
PF298874,FC000118,FC000118-01,"문화의 날 렉처콘서트5, 살아있는 우리 춤 이야기 [화성]",한국음악(국악),2026.10.31,2026.10.31,1시간 10분,70.0,토요일(16:00),37.2006588,127.07391230000007,경기도 화성시 노작로 134 (반송동),반석아트홀,548.0,경기,화성시,3,2,2
PF298873,FC001193,FC001193-01,"월드오케스트라페스티벌, 대구 비르투오조 챔버 & 신비한 콘서트: 행성과 궤도 [대구]",서양음악(클래식),2026.10.17,2026.10.17,1시간 40분,100.0,토요일(17:00),,,,,,,,,2,
PF298872,FC000020,FC000020-01,장사익소리판: 길,한국음악(국악),2026.10.27,2026.10.27,1시간 50분,110.0,화요일(19:30),,,,,,,,,2,
PF298871,FC001193,FC001193-01,"월드오케스트라페스티벌, 경상북도 도립교향악단 [대구]",서양음악(클래식),2026.11.04,2026.11.04,1시간 40분,100.0,수요일(19:30),,,,,,,,,2,
PF298868,FC001193,FC001193-01,"월드오케스트라페스티벌, 한수진 & 잉글리시 챔버 오케스트라 [대구]",서양음악(클래식),2026.10.28,2026.10.28,1시간 40분,100.0,수요일(19:30),,,,,,,,,2,
PF298866,FC000118,FC000118-01,흥보 마누라 이혼소송 사건 [화성],한국음악(국악),2026.10.03,2026.10.03,1시간 30분,90.0,토요일(15:00),37.2006588,127.07391230000007,경기도 화성시 노작로 134 (반송동),반석아트홀,548.0,경기,화성시,3,2,2
PF298862,FC000001,FC000001-03,"디 오리지널 시리즈, 임동혁 X 오케스트라 디 오리지널, 리부트: 라흐마니노프",서양음악(클래식),2026.11.10,2026.11.10,1시간 50분,110.0,화요일(19:30),,,,,,,,,2,
PF298860,FC000853,FC000853-01,겨울 이야기 [부산],뮤지컬,2026.10.10,2026.10.10,1시간,60.0,"토요일(11:00,14:00,16:00)",35.1100718,129.02807269999994,부산광역시 중구 민주공원길 19 (영주동),큰방(중극장),419.0,부산,중구,2,2,2
PF298859,FC001193,FC001193-01,"월드오케스트라페스티벌, 경산시립교향악단 [대구]",서양음악(클래식),2026.10.14,2026.10.14,1시간 40분,100.0,수요일(19:30),,,,,,,,,2,
PF298857,FC000613,FC000613-01,김광석과 친구들 [화성],대중음악,2026.10.28,2026.10.28,2시간,120.0,수요일(19:30),37.2031308,127.03323210000008,경기도 화성시 태안로 145 (병점동),화성아트홀,678.0,경기,화성시,3,3,3
PF298856,FC001193,FC001193-01,"월드오케스트라페스티벌, 대구유스오케스트라 [대구]",서양음악(클래식),2026.11.11,2026.11.11,1시간 40분,100.0,수요일(19:30),,,,,,,,,2,
PF298823,FC001242,FC001242-01,매직컬 피터팬 [여수],서커스/마술,2026.10.11,2026.10.11,55분,55.0,"일요일(11:30,14:00,16:00)",34.7469581,127.72792270000002,전남광주통합특별시 여수시 좌수영로 69 (광무동),대공연장,960.0,전남광주,여수시,3,1,2
PF298812,FC005025,FC005025-01,마술사 제이티의 과학실험실: 과학마술쇼 [인제],서커스/마술,2026.10.10,2026.10.10,1시간,60.0,토요일(14:00),38.067769,128.175229,강원특별자치도 인제군 인제읍 비봉로29번길 17,대강당(2F),0.0,강원,인제군,,2,
PF298811,FC000020,FC000020-02,제42회 소리울 앙상블 정기 연주회,서양음악(클래식),2026.10.29,2026.10.29,2시간,120.0,목요일(19:30),,,,,,,,,3,
PF298807,FC000567,FC000567-02,"달빛 아래, 건반에 쓰는 시: 두 번째 시, 꿈숲에 머물다",서양음악(클래식),2026.10.17,2026.10.17,1시간 30분,90.0,토요일(19:00),37.6214312,127.0406246,서울특별시 강북구 월계로 173 (번동),콘서트홀,301.0,서울,강북구,2,2,2
PF298805,FC001193,FC001193-01,"월드오케스트라페스티벌, 양인모 & 헬싱키 필하모닉 오케스트라 [대구]",서양음악(클래식),2026.10.20,2026.10.20,1시간 40분,100.0,화요일(19:30),,,,,,,,,2,
PF298804,FC000743,FC000743-01,매직컬 피터팬 [광양],서커스/마술,2026.10.10,2026.10.10,55분,55.0,"토요일(11:30,14:00,16:00)",34.9799827,127.58758920000002,전남광주통합특별시 광양시 광양읍 향교길 9-30,대공연장,490.0,전남광주,광양시,2,1,1
PF298802,FC001893,FC001893-01,진미령 콘서트: 난생처음 50주년 되던 날,대중음악,2026.10.17,2026.10.17,1시간 30분,90.0,"토요일(14:00,18:00)",,,,,,,,,2,
PF298801,FC000052,FC000052-01,브람스 [서울],뮤지컬,2026.09.19,2026.10.25,1시간 40분,100.0,"화요일 ~ 금요일(20:00), 토요일(15:00,19:00), 일요일(14:00,18:00)",37.5065437,127.0653516,서울특별시 강남구 영동대로 416 (대치동),KT&G 상상마당 대치아트홀,422.0,서울,강남구,2,2,2
PF298796,FC000001,FC000001-05,김세준 비올라 리사이틀: 계보의 소리: 프랑코-벨지언 (Legacy in Sound: Franco-Belgian),서양음악(클래식),2026.10.27,2026.10.27,1시간 25분,85.0,화요일(19:30),,,,,,,,,2,
PF298792,FC000006,FC000006-01,섬: 1933~2019,뮤지컬,2026.09.22,2026.11.22,1시간 55분,115.0,"화요일 ~ 목요일(19:30), 금요일(15:00,19:30), 토요일(14:00,18:00), 일요일(14:00), HOL(14:00,18:00)",37.5659672,126.97285929999998,서울특별시 중구 정동길 43 (정동),국립정동극장,326.0,서울,중구,2,2,2
PF298787,FC001910,FC001910-06,원웨이 페스티벌,대중음악,2026.12.26,2026.12.27,9시간,540.0,토요일 ~ 일요일(12:00),37.6693071,126.74568449999992,경기도 고양시 일산서구 킨텍스로 217-60 (대화동),제2전시장 10홀,0.0,경기,고양시,,4,
PF298781,FC000113,FC000113-01,코밈 [서울 서초],뮤지컬,2026.10.24,2026.11.01,1시간 10분,70.0,"토요일 ~ 일요일(11:00,14:00,16:30)",,,,,,,,,2,
PF298780,FC003018,FC003018-01,"제26회 SPAF, 플뢰르 앨리스 노블: 그녀의 2차원적 삶",복합,2026.10.10,2026.10.11,45분,45.0,"토요일(19:30), 일요일(14:00,18:00)",37.583699,127.0037167,서울특별시 종로구 동숭길 122(동숭동),대학로극장 쿼드 (예술청) ,372.0,서울,종로구,2,1,1
PF298779,FC002632,FC002632-02,"제26회 SPAF, 뺨을 맞지 않고 사는 게 삶의 전부가 될 순 없더라",연극,2026.10.15,2026.10.16,1시간 35분,95.0,목요일 ~ 금요일(19:30),,,,,,,,,2,
PF298778,FC001216,FC001216-01,"제26회 SPAF, 모든 컴퍼니: 씨름",무용(서양/한국무용),2026.10.14,2026.10.15,1시간 10분,70.0,수요일 ~ 목요일(20:00),,,,,,,,,2,
PF298772,FC000840,FC000840-01,내 모든 걸 [인천],연극,2026.10.03,2026.10.03,1시간 30분,90.0,토요일(15:00),,,,,,,,,2,
PF298763,FC001130,FC001130-01,피터팬 [광명],뮤지컬,2026.08.29,2026.10.11,55분,55.0,토요일 ~ 일요일(13:00),37.4622125,126.88134300000002,경기도 광명시 하안로288번길 15 (하안동),공연장,200.0,경기,광명시,1,1,1
PF298759,FC002633,FC002633-02,"서울아트마켓 (PAMS) x SPAF, 건져올렸지만 가라앉으려는 경향",무용(서양/한국무용),2026.10.09,2026.10.10,1시간 40분,100.0,"금요일(16:00), 토요일(16:00)",37.5820961,127.0031785,서울특별시 종로구 대학로10길 17 (동숭동),소극장,132.0,서울,종로구,1,2,1
PF298756,FC000371,FC000371-01,플로리안 노악 피아노 리사이틀 [춘천],서양음악(클래식),2026.11.29,2026.11.29,1시간 50분,110.0,일요일(17:00),,,,,,,,,2,
PF298751,FC002632,FC002632-01,"제26회 SPAF, 사이의 거리",연극,2026.10.08,2026.10.10,1시간 25분,85.0,"목요일(19:30), 금요일(15:00), 토요일(15:00)",,,,,,,,,2,
PF298703,FC000564,FC000564-01,"멜로우TV: Run it up, 팀나빠 [부천]",뮤지컬,2026.10.17,2026.10.18,1시간 10분,70.0,"토요일(11:00,14:00,16:30), 일요일(11:00,14:00)",,,,,,,,,2,
PF298692,FC000001,FC000001-03,성정문화재단 창립 45주년 기념 음악회,서양음악(클래식),2026.11.03,2026.11.03,1시간 40분,100.0,화요일(19:30),,,,,,,,,2,
PF298687,FC003045,FC003045-02,공명 콘서트: Resonance,한국음악(국악),2026.10.08,2026.10.08,1시간 30분,90.0,목요일(19:30),37.565363,126.8293888,서울특별시 강서구 마곡중앙로 136(마곡동),U+ 스테이지,365.0,서울,강서구,2,2,2
PF298686,FC001931,FC001931-01,리코더 왕국의 신나는 음악 여행 [남양주],서양음악(클래식),2026.09.30,2026.09.30,1시간 10분,70.0,수요일(19:30),,,,,,,,,2,
PF298677,FC000680,FC000680-01,사과가 쿵! [춘천],뮤지컬,2026.10.03,2026.10.03,55분,55.0,"토요일(11:00,14:00)",37.9210964,127.7199971,강원도 춘천시 영서로 3017 (사농동),대극장,485.0,강원,춘천시,2,1,1
PF298674,FC001258,FC001258-01,백설공주 [청주],뮤지컬,2026.11.07,2026.11.08,1시간,60.0,"토요일 ~ 일요일(11:00,14:00,16:00)",36.6374278,127.4694055,충청북도 청주시 서원구 예체로 118-1 (사직동),청주아트홀 (구. 청주시민회관) ,710.0,충북,청주시,3,2,2
PF298671,FC000371,FC000371-01,탱고 부에노스아이레스 [춘천],복합,2026.10.02,2026.10.02,1시간 50분,110.0,금요일(19:30),,,,,,,,,2,
PF298663,FC001167,FC001167-01,헬로카봇: 카봇크루가 되어줘! [군포],뮤지컬,2026.10.17,2026.10.18,1시간 10분,70.0,"토요일(11:00,14:00,16:30), 일요일(11:00,14:00)",37.3661695,126.92759120000004,경기도 군포시 고산로 599 (산본동),수리홀,1142.0,경기,군포시,4,2,3
PF298660,FC000463,FC000463-01,겨울왕국: 겨울이야기 [익산],뮤지컬,2026.10.03,2026.10.03,1시간,60.0,"토요일(11:00,14:00,16:00)",35.939343,126.96868100000006,전라북도 익산시 선화1로 106 (마동),중공연장,556.0,전북,익산시,3,2,2
PF298656,FC000808,FC000808-02,피터팬 [과천],뮤지컬,2026.11.07,2026.11.07,55분,55.0,"토요일(11:00,14:00,16:00)",37.4279091,126.98950450000008,경기도 과천시 통영로 5 (중앙동),소극장,380.0,경기,과천시,2,1,1
PF298655,FC002967,FC002967-01,지브리 하우스 콘서트: 가을하늘 공활한데 [부산],서양음악(클래식),2026.10.31,2026.10.31,1시간 30분,90.0,토요일(15:00),35.1748167,129.1960272,부산광역시 해운대구 송정광어골로 76(송정동),첼리스트의 서재,30.0,부산,해운대구,1,2,1
PF298645,FC005022,FC005022-01,겨울 이야기 [진천],뮤지컬,2026.10.17,2026.10.17,55분,55.0,"토요일(12:00,14:00,16:00)",36.90842,127.538018,충청북도 진천군 덕산읍 대하로 203,공연장 ,365.0,충북,진천군,2,1,1
PF298639,FC000310,FC000310-01,아기돼지 삼형제 [인천],뮤지컬,2026.11.29,2026.11.29,50분,50.0,"일요일(11:00,14:00,16:00)",,,,,,,,,1,
PF298632,FC001552,FC001552-01,빨간 모자 [대구],뮤지컬,2026.09.12,2026.11.08,50분,50.0,"토요일 ~ 일요일(11:00,14:00), HOL(11:00,14:00)",35.8663137,128.5918474,대구광역시 중구 달구벌대로 2085 (덕산동),동아백화점 아트홀,124.0,대구,중구,1,1,1
PF298609,FC000918,FC000918-02,백설공주 [제주],뮤지컬,2026.11.01,2026.11.01,1시간,60.0,"일요일(11:00,13:00,15:00)",33.4844207,126.50059499999998,제주특별자치도 제주시 선덕로8길 12 (연동),공연장,405.0,제주,제주시,2,2,2
PF298602,FC000160,FC000160-01,"카즈미 타테이시 트리오 내한공연: 지브리, 재즈를 만나다 [부산]",대중음악,2026.12.26,2026.12.26,1시간 40분,100.0,토요일(17:00),35.2459085,129.0941378,부산광역시 금정구 체육공원로 7 (구서동),대공연장(금빛누리홀),880.0,부산,금정구,3,2,2
PF298597,FC001349,FC001349-01,"최고다 호기심딱지 시즌4, 피사총사: 우리 몸은 우리가 지킨다! [강릉]",뮤지컬,2026.11.07,2026.11.07,1시간 20분,80.0,"토요일(11:00,14:00,16:30)",37.7708509,128.8714463,강원도 강릉시 죽헌길 7 (지변동),해람홀,1076.0,강원,강릉시,4,2,3
PF298596,FC001528,FC001528-04,제임스 바이런 딘: 디 오리지널 [대학로],뮤지컬,2026.09.15,2026.10.18,1시간 35분,95.0,"화요일 ~ 금요일(20:00), 토요일 ~ 일요일(15:00,19:00), HOL(15:00,19:00)",37.5820171,127.00353629999996,서울특별시 종로구 동숭길 123 (동숭동),드림 4관,205.0,서울,종로구,1,2,1
PF298593,FC000833,FC000833-01,아나키스트 [대학로],뮤지컬,2026.09.15,2026.12.06,2시간,120.0,"화요일(20:00), 수요일(16:00,20:00), 목요일 ~ 금요일(20:00), 토요일(15:00,19:00), 일요일(14:00,18:00), HOL(14:00,18:00)",37.5802316,127.0040004,서울특별시 종로구 대학로12길 83 (동숭동),1관,393.0,서울,종로구,2,3,2
PF298590,FC001292,FC001292-01,라푼젤 [대전],뮤지컬,2026.10.11,2026.10.11,1시간,60.0,"일요일(11:00,13:00,15:00)",36.3644802,127.43425439999999,대전광역시 대덕구 쌍청당로 25 (중리동),강당,413.0,대전,대덕구,2,2,2
PF298589,FC001406,FC001406-01,라푼젤 [광주],뮤지컬,2026.10.04,2026.10.04,1시간,60.0,"일요일(11:00,13:00,15:00)",35.2238269,126.8468487,전남광주통합특별시 북구 첨단과기로176번길 27 (오룡동),이벤트홀,300.0,전남광주,북구,2,2,2
PF298247,FC000908,FC000908-01,한국괴물백과사전 [아산],뮤지컬,2026.10.03,2026.10.03,1시간,60.0,토요일(14:00),36.7705363,126.99199020000005,충청남도 아산시 남부로 92 (용화동),아산아트홀(아산시평생학습관),509.0,충남,아산시,3,2,2
PF298237,FC004666,FC004666-01,털이 뭐길래 [영암],뮤지컬,2026.12.05,2026.12.05,1시간 10분,70.0,"토요일(14:00,17:00)",34.791567,126.685371,전남광주통합특별시 영암군 영암읍 기찬랜드로 19-10,한국트로트가요센터,206.0,전남광주,영암군,1,2,1
PF298218,FC004065,FC004065-01,스크루지 아저씨의 크리스마스 캐롤 [수원],뮤지컬,2026.12.26,2026.12.27,50분,50.0,"토요일(11:00,14:00,16:00), 일요일(11:00,14:00)",,,,,,,,,1,
PF298204,FC002305,FC002305-01,누가 내 머리에 똥 쌌어? [세종],뮤지컬,2026.12.24,2026.12.25,1시간,60.0,"목요일(10:10,11:20,13:30), 금요일(11:00,14:00,16:00)",36.4922533,127.3032718,세종특별자치시 국책연구원3로 12 (반곡동),다목적공연장,220.0,세종,세종특별자치시,1,2,1
PF298196,FC000908,FC000908-01,보물찾기 [아산],연극,2026.10.31,2026.10.31,1시간 30분,90.0,토요일(14:00),36.7705363,126.99199020000005,충청남도 아산시 남부로 92 (용화동),아산아트홀(아산시평생학습관),509.0,충남,아산시,3,2,2
PF298191,FC000918,FC000918-02,겨울왕국 [제주],뮤지컬,2026.10.17,2026.10.17,55분,55.0,"토요일(12:00,14:00,16:00)",33.4844207,126.50059499999998,제주특별자치도 제주시 선덕로8길 12 (연동),공연장,405.0,제주,제주시,2,1,1
PF298185,FC004769,FC004769-01,잠자는 숲속의 공주 [전주],뮤지컬,2026.08.22,2026.10.05,45분,45.0,"토요일(11:00), 일요일(14:00), HOL(14:00)",,,,,,,,,1,
PF298182,FC001575,FC001575-01,스트링 앙상블과 함께 하는 앨범 발표 기념 콘서트: 스콧해밀턴 & 롭반바벨 트리오,대중음악,2026.10.18,2026.10.18,1시간 20분,80.0,일요일(17:00),,,,,,,,,2,
PF298178,FC000878,FC000878-02,"경남 문화예술주간 거제 공연, 아빠들의 소꿉놀이 [거제]",연극,2026.10.17,2026.10.17,1시간 40분,100.0,"토요일(15:00,19:00)",,,,,,,,,2,
PF298171,FC000785,FC000785-01,오셀로와 이아고 [대학로],뮤지컬,2026.09.08,2026.11.22,1시간 30분,90.0,"화요일(20:00), 수요일(16:00,20:00), 목요일 ~ 금요일(20:00), 토요일 ~ 일요일(14:00,18:00), HOL(14:00,18:00)",37.5827026,127.00360520000004,서울특별시 종로구 대학로12길 31 (동숭동),대학로 자유극장 (자유문화발전소) ,233.0,서울,종로구,1,2,1
PF298169,FC000487,FC000487-01,김시라의 품바: Original [담양],연극,2026.10.24,2026.10.24,1시간 40분,100.0,토요일(13:00),35.3162926,126.98558789999991,전남광주통합특별시 담양군 담양읍 지침6길 29,대공연장,670.0,전남광주,담양군,3,2,2
PF298146,FC002905,FC002905-01,오늘부터 맑음 [전주],연극,2026.08.15,2026.10.31,1시간 5분,65.0,토요일(11:00),35.818148,127.1042953,전라북도 전주시 완산구 홍산북로 23-9(효자동2가),김영오 아트센터,190.0,전북,전주시,1,2,1
PF298103,FC000017,FC000017-03,"대한민국 피아노페스티벌, 베토벤 피아노 협주곡 전곡 Ⅱ. 제3,5번 [수원]",서양음악(클래식),2026.10.10,2026.10.10,1시간 30분,90.0,토요일(17:00),37.2618899,127.0374319,경기도 수원시 팔달구 효원로307번길 20 (인계동) 경기도문화의전당,대극장,1544.0,경기,수원시,4,2,3
PF298102,FC000832,FC000832-02,지브리를 품은 클래식: 비익련리 [부산],서양음악(클래식),2026.10.10,2026.10.10,1시간 30분,90.0,토요일(15:00),35.1711676,129.1740165,부산광역시 해운대구 양운로 97 (좌동),고운홀,130.0,부산,해운대구,1,2,1
PF298101,FC000095,FC000095-01,손민수 피아노 리사이틀 [하남],서양음악(클래식),2026.10.31,2026.10.31,2시간 15분,135.0,토요일(17:00),37.544736,127.20683669999994,경기도 하남시 신평로 125 (덕풍동),검단홀(대극장),911.0,경기,하남시,3,3,3
PF298096,FC003954,FC003954-01,"칸호 야쿠시지 첫 내한공연, 10주년 월드투어: Circle of Harmony",대중음악,2026.10.30,2026.10.30,1시간 40분,100.0,금요일(19:00),,,,,,,,,2,
PF298084,FC001406,FC001406-01,백설공주 [광주],뮤지컬,2026.10.18,2026.10.18,55분,55.0,"일요일(11:00,14:00)",35.2238269,126.8468487,전남광주통합특별시 북구 첨단과기로176번길 27 (오룡동),이벤트홀,300.0,전남광주,북구,2,1,1
PF298082,FC002433,FC002433-01,"집사TV 시즌2, Part.2: 대저택 끝 없는 문 [용인]",뮤지컬,2026.11.28,2026.11.29,1시간 10분,70.0,"토요일(11:00,14:00,16:30), 일요일(11:00,14:00)",37.3202647,127.0953462,경기도 용인시 수지구 문정로7번길 15 (풍덕천동),큰어울마당,599.0,경기,용인시,3,2,2
PF298081,FC001666,FC001666-01,토끼의 용궁여행 [울산],뮤지컬,2026.09.19,2026.10.10,50분,50.0,"토요일 ~ 일요일(11:30,14:00)",35.5760407,129.35899289999998,울산광역시 북구 진장유통로 64 (진장동),레미어린이극장 [울산진장],193.0,울산,북구,1,1,1
PF298070,FC003150,FC003150-02,크리스마스 영화음악 & 캐롤 콘서트 [부천],서양음악(클래식),2026.12.22,2026.12.22,1시간 30분,90.0,화요일(19:30),,,,,,,,,2,
PF298065,FC002072,FC002072-01,그곳에 있었다 [대학로],연극,2026.10.28,2026.11.01,1시간 10분,70.0,"수요일 ~ 금요일(15:00,17:00,19:30), 토요일(15:00,17:00,19:00), 일요일(14:00,16:00,18:00)",37.5801085,127.0042703,서울특별시 종로구 동숭길 41 (동숭동),업스테이지 (UP Stage) ,153.0,서울,종로구,1,2,1
PF298060,FC000407,FC000407-01,장화신은 고양이 [충주],뮤지컬,2026.10.11,2026.10.11,50분,50.0,"일요일(11:00,14:00)",,,,,,,,,1,
PF298039,FC000293,FC000293-01,피터팬 [대구],뮤지컬,2026.10.31,2026.11.01,55분,55.0,"토요일 ~ 일요일(11:00,14:00,16:00)",35.8559656,128.6063335,대구광역시 중구 명덕로 333 (대봉동) 대백프라자,프라임홀,214.0,대구,중구,1,1,1
PF298037,FC000017,FC000017-03,"대한민국 피아노페스티벌, 베토벤 피아노 협주곡 전곡 Ⅰ (제1,2,4번) [수원]",서양음악(클래식),2026.10.04,2026.10.04,2시간,120.0,일요일(17:00),37.2618899,127.0374319,경기도 수원시 팔달구 효원로307번길 20 (인계동) 경기도문화의전당,대극장,1544.0,경기,수원시,4,3,3
PF298024,FC002169,FC002169-01,미녀와 야수 [군산],뮤지컬,2026.10.18,2026.10.18,50분,50.0,"일요일(11:30,14:00)",35.9645869,126.693096,전라북도 군산시 대학로 330 (나운동),군산어린이공연장,330.0,전북,군산시,2,1,1
PF298019,FC001668,FC001668-01,AI로봇과 함께하는 사이언스 마술쇼 [서울 서대문],서커스/마술,2026.10.18,2026.10.18,55분,55.0,"일요일(12:00,14:00,16:00)",37.5808378,126.93175139999994,서울특별시 서대문구 백련사길 39 (홍은동),대극장,589.0,서울,서대문구,3,1,2
PF298011,FC000076,FC000076-02,김우경 & 유신희 & 정다은 성악 트리오 리사이틀 [대전],서양음악(클래식),2026.10.01,2026.10.01,1시간 35분,95.0,목요일(19:30),,,,,,,,,2,
PF298009,FC002784,FC002784-01,"디깅라이브세종, EP.23 우희준 [세종]",대중음악,2026.11.28,2026.11.28,1시간 15분,75.0,토요일(19:00),36.4985469,127.2638296,세종특별자치시 갈매로 387 (어진동),공연장,182.0,세종,세종특별자치시,1,2,1
PF297995,FC003685,FC003685-01,INDEX,대중음악,2026.10.01,2026.10.02,8시간,480.0,목요일(17:00),37.5514172,127.0025216,서울특별시 중구 장충단로 72 (장충동2가),크레스트72,0.0,서울,중구,,4,
PF297582,FC000076,FC000076-01,"유벨톤심포니오케스트라: 작곡가 시리즈 3. 프로코피에프, 얼어붙은 선율 [대전]",서양음악(클래식),2026.10.18,2026.10.18,1시간 30분,90.0,일요일(17:00),,,,,,,,,2,
PF297578,FC000155,FC000155-01,피터래빗 [성남],뮤지컬,2026.10.27,2026.11.28,55분,55.0,"토요일(11:00,14:00,16:00)",,,,,,,,,1,
PF297577,FC001242,FC001242-01,변진섭 전국투어 콘서트: 변천사 시즌 2.5: 시간여행 [여수],대중음악,2026.11.15,2026.11.15,2시간,120.0,일요일(17:00),34.7469581,127.72792270000002,전남광주통합특별시 여수시 좌수영로 69 (광무동),대공연장,960.0,전남광주,여수시,3,3,3
PF297455,FC003987,FC003987-01,생명을 지킨 별주부 [인천],뮤지컬,2026.10.29,2026.11.29,50분,50.0,"목요일 ~ 금요일(10:30), 토요일 ~ 일요일(11:00,13:00)",37.3810207,126.6608134,인천광역시 연수구 송도과학로16번길 13-18 (송도동),송도 건원테크노큐브,80.0,인천,연수구,1,1,1
PF297274,FC000071,FC000071-02,광명전통예술플랫폼 Vol.1 피리 & 댄스: 날좀보쑈!,복합,2026.10.21,2026.10.21,1시간 10분,70.0,수요일(19:30),37.4770159,126.86367769999993,경기도 광명시 시청로 20 (철산동),대공연장,530.0,경기,광명시,3,2,2
PF297271,FC000071,FC000071-02,광명전통예술플랫폼 Vol.1 연희 & 스카: 니나노 판서트,한국음악(국악),2026.11.26,2026.11.26,1시간 10분,70.0,목요일(19:30),37.4770159,126.86367769999993,경기도 광명시 시청로 20 (철산동),대공연장,530.0,경기,광명시,3,2,2
PF297249,FC003364,FC003364-01,숲속의 청소부 다롱이,뮤지컬,2026.09.01,2026.10.31,40분,40.0,"화요일 ~ 금요일(10:00,11:30), 토요일(11:40)",37.5027425,127.1284004,서울특별시 송파구 중대로 235(오금동),아이소리홀,154.0,서울,송파구,1,1,1
PF297245,FC003527,FC003527-06,세종 보헤미안 뮤직 페스티벌 (SBMF),대중음악,2026.10.30,2026.11.01,6시간 15분,375.0,"금요일(18:00), 토요일 ~ 일요일(14:30)",36.4917742,127.2717369,세종특별자치시 중앙공원로 60 (세종동),도시축제마당,300.0,세종,세종특별자치시,2,4,3
PF297237,FC001106,FC001106-01,노맨틱 코미디 [청주],연극,2026.11.20,2027.01.03,1시간 50분,110.0,"목요일 ~ 금요일(19:30), 토요일(14:00,17:00), 일요일(14:00), HOL(11:00,14:00,17:00)",36.6396573,127.4889033,충청북도 청주시 상당구 중앙로 30 (북문로2가),소명아트홀 (구.메가폴리스아트홀) ,112.0,충북,청주시,1,2,1
PF297228,FC000934,FC000934-01,겨울왕국: 겨울이야기 [평택],뮤지컬,2026.10.24,2026.10.24,55분,55.0,"토요일(11:00,14:00,16:00)",36.9909219,127.11427630000004,경기도 평택시 중앙로 277 (비전동),대공연장,606.0,경기,평택시,3,1,2
PF297223,FC001513,FC001513-01,한수진 x 잉글리시 체임버 오케스트라,서양음악(클래식),2026.10.30,2026.10.30,2시간,120.0,금요일(19:30),37.5130605,127.10349500000008,서울특별시 송파구 올림픽로 300 (신천동) 롯데월드몰 8층 롯데문화재단,롯데콘서트홀,2036.0,서울,송파구,4,3,3
PF297168,FC000001,FC000001-03,손열음 피아노 리사이틀 [서울],서양음악(클래식),2026.10.18,2026.10.18,1시간 30분,90.0,일요일(17:00),,,,,,,,,2,
PF296651,FC000076,FC000076-01,"장한나의 대전그랜드페스티벌, 오프닝 콘서트: Joy of Collaboration",서양음악(클래식),2026.10.04,2026.10.04,2시간,120.0,일요일(17:00),,,,,,,,,3,
PF296648,FC004655,FC004655-01,더 스토리 오브 언더더씨 [평택],뮤지컬,2026.10.17,2026.10.18,1시간 20분,80.0,"토요일(11:00,14:00,16:30), 일요일(11:00,14:00)",37.039462,127.033968,경기도 평택시 고덕로 310 (고덕동),대공연장,1318.0,경기,평택시,4,2,3
PF296647,FC000001,FC000001-05,제7회 뷔에르 앙상블 정기연주회,서양음악(클래식),2026.10.24,2026.10.24,1시간 25분,85.0,토요일(20:00),,,,,,,,,2,
PF296636,FC000826,FC000826-01,다비드 바뱅 & 아드리앙 몽도: 피아노 피아노 (Piano Piano) [여수],복합,2026.10.27,2026.10.27,1시간,60.0,화요일(19:30),34.7498095,127.66498990000002,전남광주통합특별시 여수시 예울마루로 100 (시전동),대극장,1021.0,전남광주,여수시,4,2,3
PF296633,FC004296,FC004296-01,"낭만주의 거장, 차이코프스키 [부산]",서양음악(클래식),2026.11.06,2026.11.06,2시간 30분,150.0,금요일(19:30),35.1693728,129.0542532,부산광역시 부산진구 동평로 250 (연지동),콘서트홀,2011.0,부산,부산진구,4,3,3
PF296631,FC003664,FC003664-01,장단의 재배치1: 수궁 [수원],한국음악(국악),2026.10.24,2026.10.24,1시간,60.0,토요일(16:00),37.2810212,127.0162158,경기도 수원시 팔달구 정조로 817 (팔달로1가),정조테마공연장,258.0,경기,수원시,1,2,1
PF296625,FC001271,FC001271-01,윤이상국제음악콩쿠르 결선 [통영],서양음악(클래식),2026.11.07,2026.11.07,1시간 40분,100.0,토요일(15:00),34.8261089,128.43976640000005,경상남도 통영시 큰발개1길 38 (도남동),콘서트홀,1309.0,경남,통영시,4,2,3
PF296602,FC003664,FC003664-01,박인선과 장군님들 [수원],한국음악(국악),2026.11.28,2026.11.28,1시간 10분,70.0,토요일(16:00),37.2810212,127.0162158,경기도 수원시 팔달구 정조로 817 (팔달로1가),정조테마공연장,258.0,경기,수원시,1,2,1
PF296589,FC000076,FC000076-02,"장한나의 대전그랜드페스티벌, 김세현 & 디토 체임버 오케스트라 [대전]",서양음악(클래식),2026.10.08,2026.10.08,1시간 40분,100.0,목요일(19:30),,,,,,,,,2,
PF296572,FC000001,FC000001-03,프레디 켐프: 쇼팽 피아노 협주곡,서양음악(클래식),2026.10.14,2026.10.14,2시간,120.0,수요일(19:30),,,,,,,,,3,
PF296559,FC001271,FC001271-01,파질 사이 피아노 리사이틀 [통영],서양음악(클래식),2026.10.18,2026.10.18,1시간 40분,100.0,일요일(15:00),34.8261089,128.43976640000005,경상남도 통영시 큰발개1길 38 (도남동),콘서트홀,1309.0,경남,통영시,4,2,3
PF296556,FC000076,FC000076-02,피아트 초청 첼리스트 정재윤 리사이틀 [대전],서양음악(클래식),2026.10.17,2026.10.17,2시간 30분,150.0,토요일(16:00),,,,,,,,,3,
PF296546,FC000191,FC000191-02,"제23회 대구국제오페라축제, 오페라 갈라 콘서트: 50스타즈Ⅵ",서양음악(클래식),2026.10.18,2026.10.18,1시간 40분,100.0,일요일(19:00),,,,,,,,,2,
PF296539,FC001178,FC001178-01,"제23회 대구국제오페라축제, 오페라 쇼케이스: 코리아 콘체르토",서양음악(클래식),2026.10.21,2026.10.21,1시간 40분,100.0,수요일(19:30),35.9351297,128.54623719999995,대구광역시 북구 구암로 47 (관음동),함지홀(대공연장),425.0,대구,북구,2,2,2
PF296518,FC003664,FC003664-01,김준수: 수궁 [수원],한국음악(국악),2026.12.12,2026.12.12,1시간 10분,70.0,토요일(16:00),37.2810212,127.0162158,경기도 수원시 팔달구 정조로 817 (팔달로1가),정조테마공연장,258.0,경기,수원시,1,2,1
PF296506,FC001271,FC001271-01,통영국제음악재단 기획공연: 아트하우스 17 [통영],서양음악(클래식),2026.10.17,2026.10.17,1시간 40분,100.0,토요일(15:00),34.8261089,128.43976640000005,경상남도 통영시 큰발개1길 38 (도남동),콘서트홀,1309.0,경남,통영시,4,2,3
PF296476,FC000057,FC000057-01,"빅3 시즌2, 행복한 만남: 강진, 김용임, 진성 [용인]",대중음악,2026.10.09,2026.10.09,2시간,120.0,"금요일(13:00,17:00)",37.3256631,127.10469480000006,경기도 용인시 수지구 포은대로 499 (죽전동),용인포은아트홀,1259.0,경기,용인시,4,3,3
PF296475,FC001910,FC001910-06,씨야 20주년 전국 투어 콘서트: THE FAN [고양],대중음악,2026.10.04,2026.10.04,2시간,120.0,일요일(16:00),37.6693071,126.74568449999992,경기도 고양시 일산서구 킨텍스로 217-60 (대화동),제2전시장 10홀,0.0,경기,고양시,,3,
PF296445,FC000191,FC000191-02,"제23회 대구국제오페라축제, 미인 [대구]",서양음악(클래식),2026.10.30,2026.10.31,2시간 20분,140.0,"금요일(14:00,19:30), 토요일(15:00)",,,,,,,,,3,
PF296437,FC000328,FC000328-01,민트페스타 vol.87,대중음악,2026.10.04,2026.10.04,2시간 30분,150.0,일요일(17:00),37.550925,126.92114200000005,서울특별시 마포구 어울마당로 65 (서교동),KT&G 상상마당 라이브홀 [마포] ,150.0,서울,마포구,1,3,2
PF296435,FC001169,FC001169-01,"제23회 대구국제오페라축제, 양촌리 러브 스캔들",서양음악(클래식),2026.10.23,2026.10.24,2시간,120.0,"금요일(19:30), 토요일(15:00)",35.8797836,128.65196030000004,대구광역시 동구 효동로2길 24 (효목동),아양홀,1100.0,대구,동구,4,3,3
PF296425,FC003645,FC003645-01,Morgenshtern Alisher World Tour Part 2 [서울],대중음악,2026.11.11,2026.11.11,2시간,120.0,수요일(20:00),,,,,,,,,3,
PF296382,FC001812,FC001812-01,첼리스타 첼로 앙상블: 시네마 콘서트 [안성],서양음악(클래식),2026.09.30,2026.09.30,1시간,60.0,수요일(19:30),37.0010012,127.2790334,경기도 안성시 발화대길 21 (현수동),대공연장,991.0,경기,안성시,3,2,2
PF296339,FC000059,FC000059-01,"카즈미 타테이시 트리오 내한공연: 지브리, 재즈를 만나다 [서울]",대중음악,2026.12.22,2026.12.22,1시간 40분,100.0,화요일(19:30),37.526038,126.90008899999998,서울특별시 영등포구 국회대로 596 (당산동3가),영등포아트홀,526.0,서울,영등포구,3,2,2
PF296319,FC004779,FC004779-01,다이브 [대학로],뮤지컬,2026.08.18,2026.11.08,1시간 50분,110.0,"화요일(20:00), 수요일(16:00,20:00), 목요일 ~ 금요일(20:00), 토요일(15:00,19:00), 일요일(14:00,18:00), HOL(14:00,18:00)",37.581375,127.003527,서울특별시 종로구 대학로8가길 105 (동숭동),1관,280.0,서울,종로구,1,2,1
PF296308,FC002949,FC002949-01,"Touche Amore, Stage Four 10 Year Anniversary [서울]",대중음악,2026.11.07,2026.11.07,1시간 30분,90.0,토요일(19:00),37.5515788,126.9198284,서울특별시 마포구 잔다리로 32(서교동),무신사 개러지 (구. 왓챠홀) ,144.0,서울,마포구,1,2,1
PF296289,FC002382,FC002382-01,Sunday Vibe (선데이 바이브),서양음악(클래식),2026.08.02,2026.12.06,1시간 30분,90.0,일요일(17:00),37.5346187,127.0830326,서울특별시 광진구 자양로11길 18 (자양동),자양스테이션(파리뮤직포럼),50.0,서울,광진구,1,2,1
PF296286,FC000826,FC000826-01,러커스: 더 스쿨 [여수],뮤지컬,2026.11.26,2026.11.28,1시간 15분,75.0,"목요일(11:00,14:30), 금요일(11:00,19:30), 토요일(14:00,17:00)",34.7498095,127.66498990000002,전남광주통합특별시 여수시 예울마루로 100 (시전동),대극장,1021.0,전남광주,여수시,4,2,3
PF296278,FC000832,FC000832-01,마이클 마요 첫 단독 내한공연 [부산],대중음악,2026.10.18,2026.10.18,1시간 30분,90.0,일요일(17:00),35.1711676,129.1740165,부산광역시 해운대구 양운로 97 (좌동),해운홀,458.0,부산,해운대구,2,2,2
PF296273,FC000537,FC000537-01,유키 구라모토 콘서트: Peacefully [안동],서양음악(클래식),2026.12.17,2026.12.17,1시간 40분,100.0,목요일(19:30),36.5595259,128.7256906,경상북도 안동시 축제장길 66 (안흥동),웅부홀,994.0,경북,안동시,3,2,2
PF295917,FC000003,FC000003-04,"국립무용단, 안무가 프로젝트",무용(서양/한국무용),2026.11.06,2026.11.08,1시간 40분,100.0,"금요일(19:30), 토요일 ~ 일요일(15:00)",,,,,,,,,2,
PF295909,FC000003,FC000003-04,"국립창극단, 완창판소리 (10월)",한국음악(국악),2026.10.24,2026.10.24,3시간 30분,210.0,토요일(15:00),,,,,,,,,4,
PF295905,FC000003,FC000003-03,"국립국악관현악단, 정오의 음악회 (12월)",한국음악(국악),2026.12.03,2026.12.03,1시간 10분,70.0,목요일(11:00),,,,,,,,,2,
PF295895,FC001337,FC001337-01,숲속 100층짜리 집 [대구],뮤지컬,2026.11.21,2026.11.22,1시간 10분,70.0,"토요일(11:00,14:00,16:30), 일요일(11:00,14:00)",35.8367325,128.754368,경상북도 경산시 대학로 280 (대동),그랜드홀,1889.0,경북,경산시,4,2,3
PF295894,FC000003,FC000003-01,"SNU공연예술센터 바른노래프로젝트, 바른노래: 머무는 빛",한국음악(국악),2026.10.28,2026.10.28,1시간 10분,70.0,수요일(19:30),,,,,,,,,2,
PF295891,FC000003,FC000003-03,"양방언 솔로 데뷔 30주년 기념 공연, UTOPIA: New Horizon",서양음악(클래식),2026.11.28,2026.11.29,1시간 50분,110.0,"토요일(18:00), 일요일(16:00)",,,,,,,,,2,
PF295889,FC000003,FC000003-03,대한민국 전통춤 축제,무용(서양/한국무용),2026.10.23,2026.10.25,1시간 10분,70.0,"금요일(19:30), 토요일 ~ 일요일(15:00)",,,,,,,,,2,
PF293285,FC001247,FC001247-05,최현우 30주년 기념 공연: LEGACY,서커스/마술,2026.11.28,2027.01.03,2시간,120.0,"수요일 ~ 금요일(19:30), 토요일(15:00,19:00), 일요일(14:00)",,,,,,,,,3,
PF293269,FC001528,FC001528-03,죽음에 관하여,뮤지컬,2026.07.21,2026.10.11,1시간 40분,100.0,"화요일(20:00), 수요일(16:00,20:00), 목요일 ~ 금요일(20:00), 토요일(15:00,19:00), 일요일(14:00,18:00), HOL(14:00,18:00)",37.5820171,127.00353629999996,서울특별시 종로구 동숭길 123 (동숭동),드림 3관,211.0,서울,종로구,1,2,1
PF293251,FC000838,FC000838-01,리온의 신비한 과자상점 [부산],서커스/마술,2026.06.27,2026.12.26,50분,50.0,"토요일(11:00,13:00), 일요일(11:00)",35.1381412947754,129.065077043576,부산광역시 동구 자성로 133번길 10,1관,150.0,부산,동구,1,1,1
PF293224,FC000204,FC000204-02,"수성르네상스 프로젝트, 젊은 예술가 리사이틀 Ⅶ, 박재오 피아노 리사이틀 [대구]",서양음악(클래식),2026.11.25,2026.11.25,1시간 10분,70.0,수요일(19:30),35.8295426,128.62841500000002,대구광역시 수성구 무학로 180 (지산동),소극장 (소공연장) ,301.0,대구,수성구,2,2,2
PF293214,FC000001,FC000001-03,더중앙플러스 클래식 시리즈: 손민수 피아노 리사이틀,서양음악(클래식),2026.10.27,2026.10.27,2시간,120.0,화요일(19:30),,,,,,,,,3,
PF293198,FC002433,FC002433-01,"멜로우TV: Run it up, 팀 나빠 [용인]",뮤지컬,2026.10.31,2026.11.01,1시간 10분,70.0,"토요일 ~ 일요일(11:00,14:00,16:30)",37.3202647,127.0953462,경기도 용인시 수지구 문정로7번길 15 (풍덕천동),큰어울마당,599.0,경기,용인시,3,2,2
PF292910,FC000537,FC000537-01,"유니버설발레단, 잠자는 숲속의 미녀 [안동]",무용(서양/한국무용),2026.10.16,2026.10.17,2시간 5분,125.0,"금요일(19:30), 토요일(17:00)",36.5595259,128.7256906,경상북도 안동시 축제장길 66 (안흥동),웅부홀,994.0,경북,안동시,3,3,3
PF292543,FC001910,FC001910-03,G2A,대중음악,2026.10.09,2026.10.09,10시간,600.0,HOL(12:00),37.6693071,126.74568449999992,경기도 고양시 일산서구 킨텍스로 217-60 (대화동),제1전시장,1000.0,경기,고양시,4,4,4
PF292516,FC000471,FC000471-01,백설공주 [정읍],뮤지컬,2026.11.15,2026.11.15,50분,50.0,"일요일(11:00,14:00)",35.5529153,126.8615625,전라북도 정읍시 시기4길 13 (시기동),정읍사예술회관,603.0,전북,정읍시,3,1,2
PF292488,FC000649,FC000649-01,빨간모자와 늑대 [수원 장안],뮤지컬,2026.10.31,2026.10.31,50분,50.0,"토요일(11:00,14:00)",37.3039008,127.01016819999997,경기도 수원시 장안구 송원로 101 (조원동),한누리아트홀,499.0,경기,수원시,2,1,1
PF292469,FC004761,FC004761-01,룰렛,뮤지컬,2026.07.09,2026.10.11,1시간 30분,90.0,"월요일(20:00), 수요일 ~ 금요일(20:00), 토요일 ~ 일요일(16:00,20:00), HOL(16:00)",37.487474,127.047105,서울특별시 강남구 남부순환로 2753 (도곡동),7관,302.0,서울,강남구,2,2,2
PF292440,FC001345,FC001345-01,에그박사와 아마존 대탐험 [부산],뮤지컬,2026.10.10,2026.10.11,1시간 20분,80.0,"토요일 ~ 일요일(11:00,14:00,16:30)",,,,,,,,,2,
PF292398,FC000001,FC000001-03,후지타 마오 피아노 리사이틀,서양음악(클래식),2026.10.04,2026.10.04,2시간,120.0,일요일(17:00),,,,,,,,,3,
PF292356,FC000017,FC000017-03,더스토리 오브 언더더씨 [수원],뮤지컬,2026.11.14,2026.11.15,1시간 20분,80.0,"토요일(11:00,14:00,16:30), 일요일(11:00,14:00)",37.2618899,127.0374319,경기도 수원시 팔달구 효원로307번길 20 (인계동) 경기도문화의전당,대극장,1544.0,경기,수원시,4,2,3
PF292345,FC001169,FC001169-01,더 스토리 오브 언더더씨 [대구],뮤지컬,2026.11.07,2026.11.08,1시간 20분,80.0,"토요일(11:00,14:00,16:30), 일요일(11:00,14:00)",35.8797836,128.65196030000004,대구광역시 동구 효동로2길 24 (효목동),아양홀,1100.0,대구,동구,4,2,3
PF292343,FC000819,FC000819-2,더 스토리 오브 언더더씨 [고양],뮤지컬,2026.11.21,2026.11.22,1시간 20분,80.0,"토요일(11:00,14:00,16:30), 일요일(11:00,14:00)",,,,,,,,,2,
PF292342,FC001208,FC001208-02,더 헬멧 [대학로],연극,2026.07.09,2026.10.11,1시간 10분,70.0,"화요일(19:30,21:15), 수요일(17:00,19:30,21:15), 목요일 ~ 금요일(19:30), 토요일 ~ 일요일(15:00,17:00,19:30), HOL(15:00,17:00,19:30)",37.5769696,127.00203310000006,서울특별시 종로구 대학로 57 (연건동),소극장,150.0,서울,종로구,1,2,1
PF291637,FC000017,FC000017-03,최현우 19+I [수원],서커스/마술,2026.11.21,2026.11.22,1시간 50분,110.0,"토요일(15:00,19:00), 일요일(14:00,18:00)",37.2618899,127.0374319,경기도 수원시 팔달구 효원로307번길 20 (인계동) 경기도문화의전당,대극장,1544.0,경기,수원시,4,2,3
PF291607,FC002932,FC002932-01,스위치 [대학로],연극,2026.05.01,2026.09.30,1시간 30분,90.0,"월요일(15:00,17:30), 화요일 ~ 목요일(17:30), 금요일(15:00,17:30), 토요일(13:30,15:40,17:50,20:00), 일요일(14:30,16:40,18:50)",37.5836705,127.0025639,서울특별시 종로구 동숭길 140(혜화동),아스가르드 씨어터 (구. 낙산씨어터) ,92.0,서울,종로구,1,2,1
PF291593,FC001286,FC001286-01,속임수에 걸린 꾀보토끼 [광주],연극,2026.06.06,2026.11.07,50분,50.0,"토요일(14:00,16:00)",35.1492131,126.91577430000007,전남광주통합특별시 동구 금남로 218-9 (금남로3가),공연일번지,70.0,전남광주,동구,1,1,1
PF291557,FC000204,FC000204-01,"[패키지] 수성아트피아 스테이지 S시리즈, 송영주의 재즈 포레스트 [대구]",대중음악,2026.06.17,2026.10.23,1시간 30분,90.0,"수요일(19:30), 금요일(19:30), 토요일(19:30)",35.8295426,128.62841500000002,대구광역시 수성구 무학로 180 (지산동),대극장 (대공연장) ,1159.0,대구,수성구,4,2,3
PF291533,FC001233,FC001233-02,빨래: 32차 프로덕션,뮤지컬,2026.06.11,2027.02.21,2시간 45분,165.0,"수요일 ~ 금요일(19:30), 토요일 ~ 일요일(14:00,18:30)",37.5811328,127.00369969999996,서울특별시 종로구 대학로12길 64 (동숭동),2관(중극장),269.0,서울,종로구,1,3,2
PF291511,FC000204,FC000204-01,"수성아트피아 스테이지 S시리즈, 송영주의 재즈 포레스트 EP.3: 신유 [대구]",대중음악,2026.10.23,2026.10.23,1시간 30분,90.0,금요일(19:30),35.8295426,128.62841500000002,대구광역시 수성구 무학로 180 (지산동),대극장 (대공연장) ,1159.0,대구,수성구,4,2,3
PF291510,FC004831,FC004831-01,트랜스엠파이어 션 타이어스 내한,대중음악,2026.05.13,2036.05.13,7시간,420.0,금요일(19:00),37.542623,127.059283,서울특별시 성동구 연무장15길 11 (성수동2가),심심(XIMXIM) ,0.0,서울,성동구,,4,
PF291507,FC001910,FC001910-07,제이슨 므라즈 (Jason Mraz) 아시아 투어,대중음악,2026.11.14,2026.11.14, ,,토요일(19:00),37.6693071,126.74568449999992,경기도 고양시 일산서구 킨텍스로 217-60 (대화동),제1전시장 1홀,0.0,경기,고양시,,,
PF291313,FC000081,FC000081-01,사랑해 엄마 [울산],연극,2026.12.19,2026.12.20,1시간 40분,100.0,"토요일(18:00), 일요일(14:00)",,,,,,,,,2,
PF291262,FC001383,FC001383-01,사랑해 엄마 [천안],연극,2026.11.07,2026.11.08,1시간 40분,100.0,토요일 ~ 일요일(14:00),36.7561303,127.2248886,충청남도 천안시 동남구 성남면 종합휴양지로 185,대공연장,1642.0,충남,천안시,4,2,3
PF291256,FC000497,FC000497-02,시간의 저편에서: OTHELLO Part Ⅱ [부산],연극,2026.10.08,2026.10.09,1시간 10분,70.0,"목요일(14:00,19:30), HOL(16:00)",35.138781,129.06525499999998,부산광역시 동구 자성로133번길 16 (범일동),소극장,385.0,부산,동구,2,2,2
PF291109,FC000127,FC000127-03,최현우 19+I [고양],서커스/마술,2026.11.07,2026.11.08,1시간 50분,110.0,"토요일(15:00,19:00), 일요일(14:00,18:00)",,,,,,,,,2,
PF291062,FC001379,FC001379-01,NEW 오! 나의 귀신님 [대학로],연극,2026.06.05,2027.01.31,1시간 30분,90.0,"월요일 ~ 화요일(15:30), 수요일 ~ 목요일(19:30), 금요일(16:30,19:00), 토요일(13:30,16:00), 일요일(12:00,14:30)",37.5828996,127.00240359999998,서울특별시 종로구 대학로8가길 48 (동숭동),"아루또소극장 (구. 소담소극장, 구. 코메디컬센터) ",97.0,서울,종로구,1,2,1
PF291041,FC000472,FC000472-01,한영애 50주년 콘서트: Snowrain [대전],대중음악,2026.10.24,2026.10.24,2시간 30분,150.0,토요일(18:00),,,,,,,,,3,
PF290945,FC002766,FC002766-01,안산시립국악단 기획연주회: 목요보노음악회 [안산],한국음악(국악),2026.05.21,2026.12.17,1시간,60.0,목요일(19:00),37.3012795,126.8673218,경기도 안산시 상록구 본오로 182 (본오동),보노마루,151.0,경기,안산시,1,2,1
PF288216,FC001556,FC001556-01,"아름다운 목요일: 고요, 그 너머에: 조진주 Violin Solo",서양음악(클래식),2026.12.03,2026.12.03,1시간 40분,100.0,목요일(19:30),37.564089,126.93898089999992,서울특별시 서대문구 연세로 50 (신촌동) 연세대학교 백양누리 B1 금호아트홀 연세,금호아트홀 연세,390.0,서울,서대문구,2,2,2
PF288145,FC000191,FC000191-02,"유니버설 발레단, 잠자는 숲속의 미녀 [대구]",무용(서양/한국무용),2026.10.09,2026.10.10,2시간 5분,125.0,"금요일(19:30), 토요일(15:00)",,,,,,,,,3,
PF288064,FC000017,FC000017-02,신데렐라 [수원],뮤지컬,2026.11.14,2026.11.15,1시간,60.0,"토요일 ~ 일요일(11:00,14:00,16:00)",37.2618899,127.0374319,경기도 수원시 팔달구 효원로307번길 20 (인계동) 경기도문화의전당,소극장,502.0,경기,수원시,3,2,2
PF288063,FC001513,FC001513-01,오르간 시리즈 II. 올리비에 라트리 & 이신영: 포 핸즈,서양음악(클래식),2026.10.06,2026.10.06,1시간 40분,100.0,화요일(19:30),37.5130605,127.10349500000008,서울특별시 송파구 올림픽로 300 (신천동) 롯데월드몰 8층 롯데문화재단,롯데콘서트홀,2036.0,서울,송파구,4,2,3
PF287657,FC000016,FC000016-03,신데렐라 [성남],뮤지컬,2026.10.03,2026.10.04,1시간,60.0,"토요일 ~ 일요일(11:00,14:00,16:00)",,,,,,,,,2,
PF287509,FC004812,FC004812-01,썰: 친구고추본썰,연극,2026.03.20,2026.10.31,1시간 10분,70.0,"수요일 ~ 금요일(19:30), 토요일(15:00,19:00), 일요일(15:00)",37.507965,127.023609,서울특별시 강남구 학동로2길 56 (논현동),레드루즈씨어터,40.0,서울,강남구,1,2,1
PF287489,FC000076,FC000076-01,사랑해 엄마 [대전],연극,2026.12.25,2026.12.26,1시간 40분,100.0,"토요일(15:00), HOL(15:00,19:00)",,,,,,,,,2,
PF287430,FC000009,FC000009-04,토요국악동화,한국음악(국악),2026.04.04,2026.11.28,1시간,60.0,토요일(14:00),,,,,,,,,2,
PF287353,FC000001,FC000001-02,"신영증권과 함께하는 예술의전당 THE NEXT, 송현정 오보에 리사이틀",서양음악(클래식),2026.11.05,2026.11.05,1시간 20분,80.0,목요일(19:30),,,,,,,,,2,
PF287252,FC002803,FC002803-01,제5회 전주미니재즈페스티벌,대중음악,2026.04.18,2026.10.31, ,,"금요일(19:30), 토요일(19:30)",,,,,,,,,,
PF287053,FC000001,FC000001-03,제210회 국립합창단 정기연주회: 헨델 메시아,서양음악(클래식),2026.12.15,2026.12.15,2시간 20분,140.0,화요일(19:30),,,,,,,,,3,
PF286928,FC002928,FC002928-01,제1회 은곡마을 음악축제: ENCOUNTER,복합,2026.04.05,2026.11.23,1시간 10분,70.0,"월요일(20:00), 금요일(20:00), 토요일 ~ 일요일(17:00)",37.4668167,127.0976059,서울특별시 강남구 헌릉로569길 37(세곡동),야기스튜디오,0.0,서울,강남구,,2,
PF286899,FC000009,FC000009-05,연희판판,한국음악(국악),2026.04.04,2026.10.31,1시간 30분,90.0,토요일(17:00),,,,,,,,,2,
PF286762,FC000001,FC000001-03,제209회 국립합창단 정기연주회: 베토벤 & 슈베르트,서양음악(클래식),2026.09.30,2026.09.30,1시간 50분,110.0,수요일(19:30),,,,,,,,,2,
PF286553,FC001316,FC001316-02,차와 이야기가 있는 국악콘서트: 다담 [남원],한국음악(국악),2026.03.25,2026.11.25,1시간 10분,70.0,수요일(19:00),35.4018262,127.39142549999995,전라북도 남원시 양림길 54 - 0 국립민속국악원,예음헌,100.0,전북,남원시,1,2,1
PF286543,FC001247,FC001247-04,백 번째 리뷰,연극,2026.04.04,2026.12.27,1시간 20분,80.0,토요일 ~ 일요일(15:00),,,,,,,,,2,
PF286031,FC000028,FC000028-01,"한밤의 공연 산책 Ⅳ, 포스트맨+서커스클래식",복합,2026.11.27,2026.11.27, ,,금요일(20:00),,,,,,,,,,
PF286003,FC002589,FC002589-01,"돌고돌아, 도라희",연극,2026.03.14,2026.10.30,1시간 30분,90.0,"화요일(19:30), 수요일(19:30), 금요일(19:30), 토요일(16:00), 일요일(15:00)",37.5366733,127.0584054,서울특별시 성동구 성덕정길 135-1 (성수동2가),성수 소극장(일루미 스튜디오),90.0,서울,성동구,1,2,1
PF285993,FC000428,FC000428-01,"부여군충남국악단의 토요상설 국악공연, 유종지미: 끝맺음의 아름다움 [부여]",한국음악(국악),2026.03.07,2026.10.31,1시간,60.0,토요일(14:00),36.304602,126.8995592,충청남도 부여군 규암면 백제문로 388,부여국악의전당,165.0,충남,부여군,1,2,1
PF285984,FC000016,FC000016-01,"성남아트센터 마티네 콘서트: 독일, 음악의 숲",서양음악(클래식),2026.03.19,2026.12.17,1시간 40분,100.0,목요일(11:00),,,,,,,,,2,
PF285983,FC003682,FC003682-01,스크루테이프의 편지 [대학로],뮤지컬,2026.04.17,2026.10.31,1시간 30분,90.0,"금요일(19:00), 토요일(13:00), HOL(13:00)",37.586808,126.9967585,서울특별시 종로구 성균관로 48-2 (명륜1가),명륜아트홀,119.0,서울,종로구,1,2,1
PF285591,FC002226,FC002226-01,저항: 찬송이 된 사람들,뮤지컬,2026.04.10,2026.12.19,1시간 55분,115.0,"월요일 ~ 화요일(19:30), 수요일(14:00), 금요일(19:30), 토요일(14:00,18:00), HOL(14:00,18:00)",37.5238653,127.0396166,서울특별시 강남구 선릉로 806 (청담동),광야아트센터,216.0,서울,강남구,1,2,1
PF285541,FC004343,FC004343-01,피노키오 [대전],서양음악(클래식),2026.11.03,2026.11.06,50분,50.0,"화요일 ~ 금요일(10:00,11:10)",36.3763434,127.3904662,대전광역시 유성구 엑스포로97번길 40 (도룡동),플랜에이 B홀,150.0,대전,유성구,1,1,1
PF285499,FC003939,FC003939-01,"동대문문화재단 기획공연, 와인et멜로디",대중음악,2026.03.27,2026.11.27,1시간 25분,85.0,금요일(19:30),37.5811838,127.0318885,서울특별시 동대문구 무학로44길 38 (제기동),제2전시실 (B3) ,0.0,서울,동대문구,,2,
PF285466,FC004296,FC004296-01,"파이프오르간 시리즈, 카롤 모사코프스키 리사이틀",서양음악(클래식),2026.10.23,2026.10.23,1시간 45분,105.0,금요일(19:30),35.1693728,129.0542532,부산광역시 부산진구 동평로 250 (연지동),콘서트홀,2011.0,부산,부산진구,4,2,3
PF284789,FC000664,FC000664-01,"키즈인비또 스페셜, 클래식 어드벤처: 음악 왕국으로 떠나는 대모험! [용인]",서양음악(클래식),2026.04.11,2026.12.12,50분,50.0,"토요일(11:00,15:00)",37.2406893,127.17915360000006,경기도 용인시 처인구 중부대로 1199 (삼가동),마루홀,290.0,경기,용인시,1,1,1
PF284729,FC002264,FC002264-01,정선아리랑 토요상설공연: 뗏꾼,한국음악(국악),2026.04.04,2026.11.28,1시간 15분,75.0,토요일(14:00),37.3754322,128.6714877,강원도 정선군 정선읍 애산로 51,아리랑홀,612.0,강원,정선군,3,2,2
PF284594,FC002349,FC002349-03,장수탕 선녀님 [서울 광진],뮤지컬,2026.03.14,2026.11.01,1시간,60.0,"토요일 ~ 일요일(11:00,14:00), HOL(11:00,14:00)",37.5495623,127.0810303,서울특별시 광진구 능동로 216 (능동),아트센터,454.0,서울,광진구,2,2,2
PF284522,FC000016,FC000016-03,"연극만원5, 시뮬라시옹",연극,2026.10.23,2026.10.24,1시간 35분,95.0,"금요일(14:00,19:30), 토요일(14:00,18:00)",,,,,,,,,2,
PF284492,FC000415,FC000415-01,스냅 [공주],뮤지컬,2026.10.23,2026.10.24,1시간 10분,70.0,"금요일(19:30), 토요일(15:00)",36.46003280000001,127.11140380000006,충청남도 공주시 고마나루길 5 (웅진동),대공연장,629.0,충남,공주시,3,2,2
PF284463,FC001217,FC001217-01,"DF예술단, 세 여인의 낭만이야기 [성남]",서양음악(클래식),2026.10.18,2026.10.18,1시간 30분,90.0,일요일(14:00),37.4448723,127.13890700000002,경기도 성남시 수정구 수정로171번길 10,대극장,645.0,경기,성남시,3,2,2
PF284416,FC000081,FC000081-01,"울산시립교향악단, 샌드아트로 즐기는 문학이 잇는 클래식 제4막: 눈보라",서양음악(클래식),2026.11.27,2026.11.27,1시간 20분,80.0,금요일(19:30),,,,,,,,,2,
PF284412,FC000059,FC000059-01,"영등포아트홀 기획공연, 마티네콘서트 with 금난새 #3. 베버",서양음악(클래식),2026.10.15,2026.10.15,1시간 10분,70.0,목요일(11:00),37.526038,126.90008899999998,서울특별시 영등포구 국회대로 596 (당산동3가),영등포아트홀,526.0,서울,영등포구,3,2,2
PF284398,FC002177,FC002177-01,백설공주 [원주],뮤지컬,2026.10.03,2026.10.03,55분,55.0,"토요일(12:00,14:00,16:00)",37.3378404,127.9368787,강원도 원주시 무실로 235(단계동),공연장,260.0,강원,원주시,1,1,1
PF284275,FC000204,FC000204-01,"수성아트피아 마티네시리즈, 겨울나그네 (12월)",서양음악(클래식),2026.12.17,2026.12.17,1시간 30분,90.0,목요일(11:00),35.8295426,128.62841500000002,대구광역시 수성구 무학로 180 (지산동),대극장 (대공연장) ,1159.0,대구,수성구,4,2,3
PF284239,FC000204,FC000204-02,"수성아트피아 마티네시리즈, 하모니카 박종성 (11월)",서양음악(클래식),2026.11.12,2026.11.12,1시간 30분,90.0,목요일(11:00),35.8295426,128.62841500000002,대구광역시 수성구 무학로 180 (지산동),소극장 (소공연장) ,301.0,대구,수성구,2,2,2
PF284226,FC001270,FC001270-01,[패키지] ACC 브런치콘서트 플러스,복합,2026.02.25,2026.12.23, ,,"수요일(11:00,19:30)",35.1467193,126.92025420000004,전남광주통합특별시 동구 문화전당로 38 (광산동),극장2,512.0,전남광주,동구,3,,
PF282109,FC000020,FC000020-01,"서울시오페라단, 라보엠",서양음악(클래식),2026.11.05,2026.11.08,2시간 30분,150.0,"목요일 ~ 금요일(19:30), 토요일 ~ 일요일(17:00)",,,,,,,,,3,
PF282103,FC004548,FC004548-01,수상한 PT샵: The Hot Edition [대학로],연극,2025.11.28,2026.10.31,1시간 20분,80.0,"목요일 ~ 금요일(19:00), 토요일(16:00), 일요일(15:00), HOL(15:00,19:00)",37.582287,127.002558,서울특별시 종로구 대학로8가길 30 (동숭동),나인 씨어터,100.0,서울,종로구,1,2,1
PF282069,FC000020,FC000020-02,"서울시합창단, 가곡시대",서양음악(클래식),2026.10.23,2026.10.24,1시간 10분,70.0,"금요일(19:30), 토요일(17:00)",,,,,,,,,2,
PF281668,FC001873,FC001873-02,"인천시립교향악단 기획연주회, 과정음악회 Ⅳ",서양음악(클래식),2026.12.18,2026.12.18,1시간 10분,70.0,금요일(19:30),37.393484099999995,126.6309586,인천광역시 연수구 아트센터대로 222 (송도동),콘서트홀,1727.0,인천,연수구,4,2,3
PF281650,FC000001,FC000001-03,KBS교향악단 x 정명훈의 말러 교향곡 4번,서양음악(클래식),2026.10.02,2026.10.02,2시간,120.0,금요일(20:00),,,,,,,,,3,
PF272938,FC002012,FC002012-01,더 맨 얼라이브: 초이스,뮤지컬,2025.01.15,2026.10.31,1시간 15분,75.0,"월요일 ~ 금요일(20:00), 토요일 ~ 일요일(19:30), HOL(19:30)",37.5457838,127.0424798,서울특별시 성동구 서울숲2길 32-14 (성수동1가),G층 전용관,800.0,서울,성동구,3,2,2
PF270484,FC002589,FC002589-01,영시기 [서울 성수],연극,2025.08.01,2026.10.31,1시간 20분,80.0,"수요일 ~ 금요일(19:30), 토요일(14:00,16:30,19:00), 일요일(14:00,17:00), HOL(14:00,16:30,19:00)",37.5366733,127.0584054,서울특별시 성동구 성덕정길 135-1 (성수동2가),성수 소극장(일루미 스튜디오),90.0,서울,성동구,1,2,1
PF266985,FC004389,FC004389-01,진연 [서울],한국음악(국악),2025.06.13,2026.12.31,1시간,60.0,"월요일 ~ 금요일(11:00,13:00,14:00,15:00,16:00), 토요일 ~ 일요일(11:00,14:00,16:00)",37.572865,126.985653,서울특별시 종로구 인사동5길 10 (인사동),공연장,20.0,서울,종로구,1,2,1
PF265271,FC004364,FC004364-01,흉터 [서울 홍대],연극,2025.03.01,2026.10.31,1시간 30분,90.0,"월요일 ~ 금요일(19:30), 토요일(14:00,15:00,17:00,18:00), 일요일(15:00), HOL(15:00)",37.5544451,126.9294953,서울특별시 마포구 와우산로 147-1 (서교동),홍대 씨어터 윤,100.0,서울,마포구,1,2,1
PF264855,FC000883,FC000883-05,와일드 와일드,뮤지컬,2025.06.13,2026.10.31,1시간 15분,75.0,"화요일 ~ 목요일(20:00), 금요일(17:00,20:00), 토요일(17:00,20:00), 일요일(15:00,18:00)",37.564429,126.99300100000004,서울특별시 중구 마른내로 47 (초동),와일드와일드 전용관,294.0,서울,중구,1,2,1
PF260200,FC002012,FC002012-01,알사탕,뮤지컬,2025.03.29,2026.10.25,1시간,60.0,"토요일 ~ 일요일(11:00,13:30,15:30), 화요일(11:00), 수요일(11:00,13:30), 목요일(11:00), 금요일(11:00,13:30), HOL(11:00,13:30,15:30)",37.5457838,127.0424798,서울특별시 성동구 서울숲2길 32-14 (성수동1가),G층 전용관,800.0,서울,성동구,3,2,2
PF259779,FC000139,FC000139-02,써니텐 [대학로],뮤지컬,2025.01.01,2026.10.11,1시간 40분,100.0,"화요일 ~ 금요일(19:30), 토요일(14:00,16:30), 일요일(14:00)",37.5767066,127.00376210000002,서울특별시 종로구 이화장길 26 (이화동),1관,228.0,서울,종로구,1,2,1
PF235885,FC003171,FC003171-01,사내연애 보고서,연극,2024.03.15,2026.10.31,1시간 40분,100.0,"월요일 ~ 목요일(14:30,16:40), 금요일(14:30,16:40,19:00), 토요일(13:30,15:40,17:50,20:00), 일요일(14:30,16:40,19:00), HOL(11:20,13:30,15:40,17:50,20:00)",37.5816149,127.0028075,서울특별시 종로구 대학로10길 12(동숭동) 지하1층,제나아트홀 (구. 룸씨어터) ,204.0,서울,종로구,1,2,1
PF235879,FC001223,FC001223-01,피노키오야 노올자~! [대학로],뮤지컬,2024.03.23,2026.10.31,1시간,60.0,"토요일 ~ 일요일(11:20,12:50), HOL(11:20,12:50)",37.5838644,127.00056100000006,서울특별시 종로구 창경궁로 258 - 9,서연아트홀 (구. 인아소극장) ,150.0,서울,종로구,1,2,1
PF235543,FC000580,FC000580-01,난타 [명동],뮤지컬,2021.12.02,2026.12.31,1시간 30분,90.0,"월요일 ~ 금요일(17:00,20:00), 토요일(14:00,17:00,20:00), 일요일(14:00,17:00), HOL(14:00,17:00,20:00)",37.5634096,126.98373689999994,서울특별시 중구 명동길 26 (명동2가),명동난타극장,386.0,서울,중구,2,2,2
PF235344,FC000139,FC000139-04,오백에 삼십 [JTN 아트홀],연극,2024.02.24,2026.10.31,1시간 40분,100.0,"월요일(14:30), 화요일 ~ 목요일(14:30,17:00), 일요일(14:30,17:00), HOL(14:30,17:00), 토요일(12:00,13:30,14:30,16:00,17:00,18:30,19:10)",37.5767066,127.00376210000002,서울특별시 종로구 이화장길 26 (이화동),3관,208.0,서울,종로구,1,2,1
PF216355,FC003396,FC003396-01,오마이갓 [전용관],연극,2023.04.10,2026.09.30,1시간 30분,90.0,"목요일(15:00,15:30,17:00,17:20,17:30), 금요일(14:00,15:00,15:30,15:40,16:00,17:00,17:20,17:40,17:50,18:00), 토요일(13:30,14:00,15:20,16:00,16:30,17:10,18:00,19:00,20:50), 수요일(15:00,15:30,17:00,17:20), 일요일(11:40,13:30,14:00,15:00,15:20,16:00,17:00,17:10,18:00,19:00,20:50), HOL(11:40,13:30,13:40,14:00,15:00,15:20,15:30,16:00,17:00,17:10,17:20,18:00,19:00,19:10,20:50), 월요일(15:00,15:30,17:00,17:20,17:30), 화요일(15:00,15:30,17:00,17:20,17:30)",37.5813131,127.0043055,서울특별시 종로구 동숭길 68 (동숭동),오마이갓 전용관,78.0,서울,종로구,1,2,1
PF215020,FC003374,FC003374-01,핫식스,연극,2023.04.01,2026.10.31,2시간,120.0,"월요일(15:20,16:30,18:30,19:30), 화요일 ~ 목요일(15:20,16:30,18:30,19:30), 금요일(15:20,16:30,18:30,19:30), 토요일(13:20,14:00,16:00,16:30,16:40,19:00,19:20), 일요일(13:20,13:30,16:10,16:30,18:50,19:00,19:10), HOL(13:20,13:30,16:30,16:40,19:00,19:10,19:30)",37.5812241,127.0040212,서울특별시 종로구 대학로12길 63(동숭동),핫식스 1관,126.0,서울,종로구,1,3,2
PF214941,FC003374,FC003374-02,너의 목소리가 들려,연극,2023.04.02,2026.10.31,1시간 30분,90.0,"월요일(15:00,15:30,15:50,16:00,17:10,18:00), 화요일 ~ 목요일(15:00,15:30,15:50,16:00,17:10,18:00), 금요일(15:00,15:30,15:50,17:10,18:20,18:30), 토요일(13:30,13:50,15:30,15:40,16:00,17:30,17:50,18:20,19:30,21:30), 일요일(11:30,13:00,13:30,13:50,14:30,15:10,15:30,16:00,16:40,17:20,17:30,18:20,19:30,21:30), HOL(11:30,13:00,13:30,13:50,15:10,15:30,16:00,17:20,17:30,18:20,19:30,21:30)",37.5812241,127.0040212,서울특별시 종로구 대학로12길 63(동숭동),너목들 2관,106.0,서울,종로구,1,2,1
PF203142,FC001688,FC001688-01,햇님이 달님이,뮤지컬,2022.12.03,2026.10.11,60분,60.0,토요일 ~ 일요일(14:00),36.6246774,127.50130059999992,충청북도 청주시 상당구 단재로 28,소극장 쇠내골,115.0,충북,청주시,1,2,1
PF189888,FC001688,FC001688-01,아기돼지야 준비해!,뮤지컬,2022.04.23,2026.10.06,1시간,60.0,"토요일 ~ 일요일(14:00), HOL(14:00), 월요일 ~ 목요일(14:00)",36.6246774,127.50130059999992,충청북도 청주시 상당구 단재로 28,소극장 쇠내골,115.0,충북,청주시,1,2,1
PF186819,FC001603,FC001603-01,늘근도둑이야기 [대학로],연극,2022.03.05,2026.10.31,1시간 40분,100.0,"금요일(17:00,20:00), 토요일(15:00,18:00), 일요일(14:00,17:00), HOL(14:00,17:00), 월요일(14:00,17:00), 화요일(19:30,20:00), 수요일(15:00,19:30,20:00), 목요일(20:00)",37.5825141,127.0030633,서울특별시 종로구 대학로12길 22 (동숭동),1관,212.0,서울,종로구,1,2,1
PF185428,FC001172,FC001172-01,행오버,연극,2014.09.11,2026.11.30,1시간 30분,90.0,"월요일 ~ 금요일(15:00,17:00,19:30), 토요일(12:00,14:00,16:00,18:00,20:00), 일요일(13:00,15:00,17:00,19:00), HOL(13:00,15:00,17:00,19:00)",37.5818321,127.003427,서울특별시 종로구 대학로12길 69 (동숭동),"정극장 (구. M시어터, 구.하모니아트홀) ",118.0,서울,종로구,1,2,1
PF173894,FC001804,FC001804-01,프리즌 [H씨어터],뮤지컬,2021.05.01,2026.10.31,1시간 30분,90.0,"수요일 ~ 금요일(19:30), 토요일 ~ 일요일(13:00,14:00,15:00,16:00,16:30,17:00,19:00,20:00), HOL(13:00,14:00,15:00,16:30,17:00,18:00,20:00), 수요일(14:00,16:00,19:00,19:30), 목요일(16:00,17:30,19:00,19:30), 금요일(14:00,16:00,19:30), 월요일(13:30,14:00,16:00,19:00,19:30), 화요일(16:00,17:00,19:00,19:30)",37.5826165,126.99882809999995,서울특별시 종로구 이화장길 54 (이화동),익스트림씨어터 2관,180.0,서울,종로구,1,2,1
PF172538,FC002760,FC002760-01,한뼘사이 [라온아트홀],연극,2021.03.19,2026.10.31,1시간 45분,105.0,"월요일(13:00,15:00,15:10,17:20,19:30), 토요일(11:50,14:00,16:10,18:20,20:30), 일요일(13:00,15:10,17:20,19:30), HOL(13:00,15:10,17:20,19:30), 화요일(15:00,17:20,19:30), 수요일(15:00,17:20,19:30), 목요일(15:00,17:20,19:30), 금요일(15:00,17:20,19:30), HOL(13:00,15:10,17:20,19:30)",37.581853,127.0028053,서울특별시 종로구 대학로10길 11 (동숭동),라온아트홀,206.0,서울,종로구,1,2,1
PF170941,FC001303,FC001303-01,연극라면,연극,2021.01.14,2026.10.31,1시간 30분,90.0,"월요일 ~ 금요일(15:00,18:00), 토요일 ~ 일요일(13:00,15:00,17:00,19:00), HOL(13:00,15:00,17:00,19:00)",37.5818197,127.00255949999996,서울특별시 종로구 대학로10길 5 (동숭동),해피씨어터,200.0,서울,종로구,1,2,1
PF161298,FC001099,FC001099-01,자취,연극,2020.02.28,2026.10.31,1시간 20분,80.0,"월요일 ~ 금요일(13:00,14:30,16:10,16:30,17:40,18:00,18:10,19:20,20:00,21:00), 토요일(13:00,14:00,17:10,17:20,17:40,18:10,19:00,19:10,19:20,20:00,20:40,20:45,21:00), 일요일(13:00,14:30,16:20,17:10,17:30,17:40,17:50,18:10,19:00,19:15,19:20,19:30,20:00,21:00), HOL(13:00,14:30,16:00,17:00,17:30,17:40,17:50,19:00,19:15,19:20,21:00)",37.5818195,127.00370980000002,서울특별시 종로구 대학로12길 50 (동숭동),댕로홀,83.0,서울,종로구,1,2,1
PF147207,FC001920,FC001920-01,택시안에서 [부산],연극,2019.03.15,2026.10.31,1시간 40분,100.0,"수요일 ~ 금요일(19:30), HOL(14:30,15:30,17:00,18:00), 토요일(15:30,18:00), 일요일(14:30,15:30,17:00,18:00)",35.1367693,129.1022655,부산광역시 남구 용소로13번길 30 (대연동),해바라기소극장 [부산] ,119.0,부산,남구,1,2,1
PF175093,FC000139,FC000139-03,뷰티풀라이프,연극,2016.10.02,2026.10.31,1시간 30분,90.0,"화요일(17:00), 수요일(14:00), 목요일 ~ 금요일(17:00), 토요일 ~ 일요일(15:00,17:30)",37.5767066,127.00376210000002,서울특별시 종로구 이화장길 26 (이화동),4관,208.0,서울,종로구,1,2,1
PF138268,FC000749,FC000749-01,시간을 파는 상점,연극,2017.07.01,2026.10.31,1시간 20분,80.0,"금요일(11:00,13:30,16:00), 토요일(11:00,13:00,15:00,17:00), 일요일(11:00,13:00,13:30,15:00,16:00), HOL(11:00,13:00,13:30,15:30,16:00)",37.58250161309591,127.002454486033,서울특별시 종로구 대학로8가길 36 (동숭동),"파랑씨어터 (구. 도향아트홀, 구. 뮤디스홀) ",160.0,서울,종로구,1,2,1
PF301895,FC000853,FC000853-01,민들레 피리 [부산],뮤지컬,2026.11.01,2026.11.01,1시간 40분,100.0,일요일(15:00),35.1100718,129.02807269999994,부산광역시 중구 민주공원길 19 (영주동),큰방(중극장),419.0,부산,중구,2,2,2
PF301891,FC000001,FC000001-12,정승미 피아노 독주회,서양음악(클래식),2026.11.25,2026.11.25,1시간 30분,90.0,수요일(19:30),,,,,,,,,2,
PF301890,FC000567,FC000567-02,지보이스 정기공연: 무지개 빛 날,서양음악(클래식),2026.10.18,2026.10.18,1시간 40분,100.0,일요일(17:00),37.6214312,127.0406246,서울특별시 강북구 월계로 173 (번동),콘서트홀,301.0,서울,강북구,2,2,2
PF301882,FC002318,FC002318-01,"까치산 클럽 투어: 여기, 까치산입니다. [대전]",대중음악,2026.11.07,2026.11.07,1시간 30분,90.0,토요일(19:00),36.3473494,127.3767048,대전광역시 서구 대덕대로162번길 11 (갈마동),인터플레이 [대전],80.0,대전,서구,1,2,1
PF301881,FC000180,FC000180-01,태국GL드라마가 한 퀴어 여성에게 미치는 영향 [대학로],연극,2026.10.16,2026.10.18,1시간 10분,70.0,"금요일(22:00), 토요일(16:00,20:00), 일요일(16:00)",37.5876677,126.99939259999996,서울특별시 종로구 혜화로9길 7 (명륜1가),나온씨어터,105.0,서울,종로구,1,2,1
PF301880,FC000877,FC000877-01,"한화클래식: 르 포엠 아르모니크, 태양왕의 음악 [창원]",서양음악(클래식),2026.11.22,2026.11.22,1시간 50분,110.0,일요일(17:00),35.2258781,128.57720210000002,경상남도 창원시 마산회원구 삼호로 135 (양덕동),대극장,1182.0,경남,창원시,4,2,3
PF301873,FC000600,FC000600-01,"인천연극주간, PAWN",연극,2026.10.16,2026.10.17,1시간 20분,80.0,"금요일(19:30), 토요일(15:00)",37.4374104,126.69273420000002,인천광역시 남구 매소홀로 618 (문학동),문학시어터,111.0,인천,미추홀구,1,2,1
PF301859,FC000902,FC000902-01,"창작미니어처인형극, 공주를 사랑한 상사뱀 [춘천]",연극,2026.10.03,2026.10.11,50분,50.0,"토요일(11:00,14:00), 일요일(14:00)",37.857109112413106,127.746990735375,강원도 춘천시 공지로 121-1 (석사동) 삼원빌딩 지하,소극장 여우,100.0,강원,춘천시,1,1,1
PF301858,FC001266,FC001266-01,"제6회 소극장 공유 페스티벌 연극, 생각을 잇-다: 차카니",연극,2026.10.07,2026.10.11,1시간 10분,70.0,"수요일 ~ 금요일(19:30), 토요일(16:00,19:00), 일요일(16:00)",37.5875719,127.0032006,서울특별시 종로구 창경궁로 303 (혜화동),소극장 공유,80.0,서울,종로구,1,2,1
PF301853,FC003694,FC003694-01,FOCUS in LIVE: 서울,한국음악(국악),2026.10.10,2026.10.10,1시간 30분,90.0,토요일(16:30),37.5502994,126.9175893,서울특별시 마포구 독막로3길 45 (서교동),공연장(B1),0.0,서울,마포구,,2,
PF301852,FC000293,FC000293-01,산타클로스와 브레멘음악대 [대구],뮤지컬,2026.12.19,2026.12.25,55분,55.0,"월요일 ~ 목요일(11:00), 금요일(11:00,14:00,16:00), 토요일 ~ 일요일(11:00,14:00,16:00)",35.8559656,128.6063335,대구광역시 중구 명덕로 333 (대봉동) 대백프라자,프라임홀,214.0,대구,중구,1,1,1
PF301846,FC001848,FC001848-01,최영장군과 황금돌원정대 (10시) [서울],뮤지컬,2026.10.21,2026.10.21,40분,40.0,수요일(10:00),,,,,,,,,1,
PF301845,FC001857,FC001857-01,겨울 이야기 [부산],뮤지컬,2026.10.31,2026.10.31,1시간,60.0,"토요일(11:00,13:00,15:00)",35.0830421,128.90361329999996,부산광역시 강서구 명지오션시티4로 88 (명지동),하하아트홀 (구. 성원아트홀) ,174.0,부산,강서구,1,2,1
PF301844,FC001556,FC001556-01,이정은 피아노 독주회,서양음악(클래식),2026.10.20,2026.10.20,1시간 30분,90.0,화요일(19:30),37.564089,126.93898089999992,서울특별시 서대문구 연세로 50 (신촌동) 연세대학교 백양누리 B1 금호아트홀 연세,금호아트홀 연세,390.0,서울,서대문구,2,2,2
PF301842,FC002028,FC002028-01,The Vibey Vol.2: THE PULSE,대중음악,2026.10.10,2026.10.10,2시간,120.0,토요일(19:00),37.5538644,126.9285846,서울특별시 마포구 와우산로 137 (서교동),생기 스튜디오,70.0,서울,마포구,1,3,2
PF301834,FC003956,FC003956-01,오함마백씨행장 완판본 [부산],연극,2026.10.16,2026.10.17,1시간 20분,80.0,"금요일(19:30), 토요일(15:00)",35.1508961,129.1154563,"부산광역시 수영구 광남로 102 (광안동, 에이스 로얄 팰리스)",어댑터씨어터 2관,92.0,부산,수영구,1,2,1
PF301833,FC000623,FC000623-01,"제17회 대전국제소극장연극축제, 어느 날 아침 깨어나보니 AI가 되어 있었다",연극,2026.10.02,2026.10.03,1시간,60.0,"금요일(19:30), 토요일(16:00)",,,,,,,,,2,
PF301832,FC002040,FC002040-01,"먼데이프로젝트 시즌9, 청요일 단독 콘서트: 청화수목금토일",대중음악,2026.10.12,2026.10.12,1시간 40분,100.0,월요일(20:00),,,,,,,,,2,
PF301831,FC001438,FC001438-01,더보컬 전국투어 콘서트 [수원],대중음악,2026.12.06,2026.12.06,2시간 20분,140.0,일요일(16:00),,,,,,,,,3,
PF301817,FC001513,FC001513-01,제10회 월드비전과 함께하는 THE GIFT,서양음악(클래식),2026.11.23,2026.11.23,2시간,120.0,월요일(20:00),37.5130605,127.10349500000008,서울특별시 송파구 올림픽로 300 (신천동) 롯데월드몰 8층 롯데문화재단,롯데콘서트홀,2036.0,서울,송파구,4,3,3
PF301816,FC003122,FC003122-02,걸리버 여행기: 워킹홀리데이,연극,2026.11.05,2026.11.21,1시간 10분,70.0,"목요일 ~ 금요일(20:00), 토요일(15:00,19:00)",37.5887016,127.0051567,서울특별시 성북구 성북로 5-7(성북동1가),하땅세극장2 (2층),50.0,서울,성북구,1,2,1
PF301815,FC002433,FC002433-01,어느날 갑자기 [용인],연극,2026.11.20,2026.11.21,1시간 30분,90.0,"금요일(19:30), 토요일(15:00)",37.3202647,127.0953462,경기도 용인시 수지구 문정로7번길 15 (풍덕천동),큰어울마당,599.0,경기,용인시,3,2,2
PF301814,FC002033,FC002033-01,이십사일 단독 콘서트: 미열,대중음악,2026.10.25,2026.10.25,1시간 30분,90.0,일요일(18:00),37.5541887,126.928539,서울특별시 마포구 와우산로29가길 15 (서교동),구름아래소극장,200.0,서울,마포구,1,2,1
PF301805,FC001242,FC001242-01,"여순 사건 추모 공연, 애도: 빛으로의 여행 [여수]",무용(서양/한국무용),2026.10.10,2026.10.10,1시간 5분,65.0,토요일(18:00),34.7469581,127.72792270000002,전남광주통합특별시 여수시 좌수영로 69 (광무동),대공연장,960.0,전남광주,여수시,3,2,2
PF301794,FC001169,FC001169-01,이은미 콘서트 with 오케스트라: 추억이 핀다 [대구],대중음악,2026.12.19,2026.12.19,2시간,120.0,토요일(18:00),35.8797836,128.65196030000004,대구광역시 동구 효동로2길 24 (효목동),아양홀,1100.0,대구,동구,4,3,3
PF301793,FC002062,FC002062-01,"쌀롱드무지끄: 가을, 당신을 향한 노래",서양음악(클래식),2026.10.03,2026.10.03,1시간,60.0,토요일(14:00),37.5923644,126.965995,서울특별시 종로구 창의문로 129 (부암동),쌀롱드무지끄,20.0,서울,종로구,1,2,1
PF301792,FC001341,FC001341-01,공룡 애니멀 쇼 시즌2 [춘천],서커스/마술,2026.11.28,2026.11.28,55분,55.0,"토요일(11:00,14:00,16:00)",37.8868706,127.73696949999999,강원도 춘천시 한림대학길 1,한림대학교 일송아트홀,780.0,강원,춘천시,3,1,2
PF301791,FC001824,FC001824-01,신데렐라 [부천],뮤지컬,2026.10.31,2026.11.01,55분,55.0,"토요일 ~ 일요일(11:00,14:00,16:00)",37.504481,126.76095199999996,경기도 부천시 원미구 길주로 180 (중동),현대백화점 문화홀 [중동],500.0,경기,부천시,3,1,2
PF301790,FC004500,FC004500-01,가을 수집가: 첫 번째 낙엽,대중음악,2026.10.03,2026.10.03,2시간 20분,140.0,토요일(18:00),,,,,,,,,3,
PF301789,FC004853,FC004853-01,"실존: 고쳐져야 할 사물이 아닌, 목격되어야 할 우주",연극,2026.09.28,2026.10.04,1시간 10분,70.0,"월요일 ~ 금요일(19:00), 토요일 ~ 일요일(18:00)",37.56254,126.996989,서울특별시 중구 창경궁로1길 23 (충무로4가),지포캣(G4CAT)(2F),0.0,서울,중구,,2,
PF301788,FC004773,FC004773-01,산타클로스와 브레멘음악대 [안양],뮤지컬,2026.12.05,2026.12.05,55분,55.0,"토요일(11:00,14:00,16:00)",37.388579,126.950187,경기도 안양시 동안구 시민대로160번길 20 (호계동),롯데식품관 문화홀 [평촌],50.0,경기,안양시,1,1,1
PF301786,FC005062,FC005062-01,"숲세권 라이브, 임영민 단독 공연: POINSETTIA",대중음악,2026.10.11,2026.10.11,1시간 40분,100.0,일요일(17:00),37.57212,126.961099,서울특별시 종로구 사직로 8 (교북동),숲세권 라이브 2호점 ,0.0,서울,종로구,,2,
PF301785,FC000667,FC000667-02,호두까기 인형 [파주],뮤지컬,2026.12.26,2026.12.26,1시간,60.0,"토요일(11:00,13:00,15:00)",37.7594363,126.78032640000004,경기도 파주시 시민회관길 33 (금촌동),소공연장,302.0,경기,파주시,2,2,2
PF301783,FC002588,FC002588-01,쇼팔로비치 유랑극단 [대학로],연극,2026.10.14,2026.10.25,2시간,120.0,"월요일 ~ 금요일(19:30), 토요일(15:00,18:00), 일요일(15:00)",37.5844442,126.9994928,서울특별시 종로구 창경궁로 253-7 (명륜2가),씨어터 쿰,111.0,서울,종로구,1,3,2
PF301782,FC003162,FC003162-01,비원뮤직홀 마티네 콘서트: 피아노가 들려주는 가을 [대구],서양음악(클래식),2026.09.30,2026.09.30,1시간,60.0,수요일(11:00),35.8830361,128.5745653,대구광역시 서구 달서천로 374(원대동1가),콘서트홀,200.0,대구,서구,1,2,1
PF301780,FC001678,FC001678-01,팥죽할머니와 호랑이 [광주],뮤지컬,2026.10.31,2026.11.22,55분,55.0,"토요일 ~ 일요일(12:00,14:00,16:00)",35.1901523,126.82035339999992,전남광주통합특별시 광산구 장신로 98 (장덕동),레미어린이극장 [광주수완],305.0,전남광주,광산구,2,1,1
PF301779,FC000001,FC000001-12,손예인 비올라 독주회,서양음악(클래식),2026.10.03,2026.10.03,1시간 15분,75.0,토요일(14:00),,,,,,,,,2,
PF301777,FC000526,FC000526-01,세상이 끝날 때까지 아직 10억 년,연극,2026.10.22,2026.10.31,1시간 20분,80.0,"월요일 ~ 금요일(19:30), 토요일(15:00)",37.5869515,127.00175280000008,서울특별시 종로구 창경궁로35길 21 (혜화동),연우소극장,100.0,서울,종로구,1,2,1
PF301776,FC000384,FC000384-01,성현경 바이올린 독주회,서양음악(클래식),2026.10.05,2026.10.05,1시간 40분,100.0,월요일(19:30),,,,,,,,,2,
PF301775,FC003228,FC003228-01,"문없는집 X 에로틱웜즈익스히비션 기획공연, 청명: 정상까지 단 100m",대중음악,2026.10.05,2026.10.05,1시간 50분,110.0,HOL(18:00),37.5452785,126.9263242,서울특별시 마포구 토정로 136(상수동),고라니 특공대,0.0,서울,마포구,,2,
PF301774,FC000216,FC000216-01,"부평구립여성합창단 연합 기획공연, Concentus Trinitatis: 세 개의 울림, 함께 부르는 노래 [인천]",서양음악(클래식),2026.10.08,2026.10.08,2시간,120.0,목요일(19:30),37.4819229,126.7049151,인천광역시 부평구 아트센터로 166 (십정동),달누리극장,323.0,인천,부평구,2,3,2
PF301773,FC000001,FC000001-03,"한화클래식: 르 포엠 아르모니크, 태양왕의 음악 [서울]",서양음악(클래식),2026.11.26,2026.11.26,1시간 50분,110.0,목요일(19:30),,,,,,,,,2,
PF301772,FC001555,FC001555-01,"선데이콘서트, 장세인 첼로 독주회 [인천]",서양음악(클래식),2026.10.25,2026.10.25,1시간 20분,80.0,일요일(16:30),37.5317983,126.63695299999996,인천광역시 서구 크리스탈로 78 (경서동),엘림홀,298.0,인천,서해구,1,2,1
PF301771,FC002815,FC002815-01,그새끼,연극,2026.10.15,2027.01.17,1시간 15분,75.0,"화요일 ~ 수요일(20:00), 목요일(15:00,18:00,20:00), 금요일(20:00), 토요일(15:00,18:00), 일요일(17:00), HOL(15:00,17:00,18:00)",37.5519656,126.9146894,서울특별시 마포구 양화로7길 28(서교동),맥거핀 서교,0.0,서울,마포구,,2,
PF301770,FC002055,FC002055-01,엉클키드 [고잔],서커스/마술,2026.10.09,2026.10.09,50분,50.0,"금요일(12:00,14:00,16:00)",37.3138933,126.8310464,경기도 안산시 단원구 광덕대로 194 (고잔동),NC소극장 [안산고잔] ,200.0,경기,안산시,1,1,1
PF301769,FC001269,FC001269-01,K심포니오케스트라 라온콘서트 Ⅷ: 별이 빛나던 그 밤 [전주],서양음악(클래식),2026.10.23,2026.10.23,1시간 10분,70.0,금요일(19:30),35.8275126,127.1304119,전북특별자치도 전주시 덕진구 전주천동로 376 (진북동),우진문화공간,162.0,전북,전주시,1,2,1
PF301766,FC000076,FC000076-01,더 테너스 콘서트: 테너들의 맛있는 한상!: 퓨전요리의 향연 [대전],서양음악(클래식),2026.10.23,2026.10.23,1시간 30분,90.0,금요일(19:30),,,,,,,,,2,
PF301765,FC000084,FC000084-01,"제23회 무룡예술제, 비욘드 아리랑",연극,2026.10.24,2026.10.24,1시간 10분,70.0,토요일(19:00),,,,,,,,,2,
PF301764,FC001567,FC001567-01,너에게 무한히 가까이,연극,2026.10.30,2026.11.08,1시간 20분,80.0,"금요일(19:30), 토요일 ~ 일요일(15:00)",37.5047465,126.94127920000004,서울특별시 동작구 상도로30길 8 (상도동),국화소극장,40.0,서울,동작구,1,2,1
PF301763,FC000384,FC000384-01,제8회 브라보오페라앙상블 정기연주회,서양음악(클래식),2026.10.14,2026.10.14,1시간 40분,100.0,수요일(19:30),,,,,,,,,2,
PF301762,FC000076,FC000076-02,박상희 피아노 렉처 리사이틀: 모차르트 피아노 전곡 시리즈 Ⅰ [대전],서양음악(클래식),2026.09.30,2026.09.30,1시간 50분,110.0,수요일(19:30),,,,,,,,,2,
PF301761,FC005087,FC005087-01,꺼래이 [춘천],연극,2026.10.10,2026.10.10,20분,20.0,"토요일(14:00,15:00,16:00,17:00)",37.882536,127.731565,강원특별자치도 춘천시 서부대성로 71 (옥천동),아트프라자 갤러리,0.0,강원,춘천시,,1,
PF301760,FC000180,FC000180-01,잊혀질 권리,연극,2026.10.22,2026.10.25,1시간 30분,90.0,"목요일 ~ 금요일(20:00), 토요일(14:00,18:00), 일요일(15:00)",37.5876677,126.99939259999996,서울특별시 종로구 혜화로9길 7 (명륜1가),나온씨어터,105.0,서울,종로구,1,2,1
PF301759,FC001363,FC001363-01,"미스터트롯3 TOP7 콘서트: 다시, 우리 [대구]",대중음악,2026.11.07,2026.11.07,2시간,120.0,"토요일(13:00,18:00)",35.8898417,128.61269530000004,대구광역시 북구 대학로 80 (산격동),글로벌플라자 대강당(공연장),1837.0,대구,북구,4,3,3
PF301758,FC000076,FC000076-02,바리톤 유진백 독창회 [대전],서양음악(클래식),2026.10.02,2026.10.02,1시간 10분,70.0,금요일(19:30),,,,,,,,,2,
PF301757,FC002348,FC002348-01,"일리야 라쉬코프스키, 라흐마니노프 두 개의 피아노협주곡 [시흥]",서양음악(클래식),2026.11.07,2026.11.07,1시간 40분,100.0,토요일(16:00),37.3799424,126.8031815,경기도 시흥시 시청로 20 (장현동) ,시흥시청 늠내홀,364.0,경기,시흥시,2,2,2
PF301756,FC001390,FC001390-01,손승연 Fan Concert: HIGHLIGHT,대중음악,2026.11.21,2026.11.21,2시간,120.0,토요일(18:00),37.5916714,127.0212424,서울특별시 강북구 도봉로76가길 55 (미아동),대강당,800.0,서울,강북구,3,3,3
PF301754,FC000613,FC000613-01,"세상에서 가장 아름다운 오페라, 라보엠 [화성]",서양음악(클래식),2026.11.21,2026.11.21,2시간 25분,145.0,토요일(14:00),37.2031308,127.03323210000008,경기도 화성시 태안로 145 (병점동),화성아트홀,678.0,경기,화성시,3,3,3
PF301753,FC000287,FC000287-01,산타와 루돌프 [대구],뮤지컬,2026.12.19,2026.12.20,1시간,60.0,"토요일 ~ 일요일(11:00,14:00,16:00)",,,,,,,,,2,
PF301752,FC004886,FC004886-01,"송소희 X 김준수 X 두번째달, 국악콘서트 모던민요 [진천]",한국음악(국악),2026.10.16,2026.10.16,1시간 40분,100.0,금요일(19:00),36.857053,127.447696,충청북도 진천군 진천읍 남산10길 21,진아트홀,499.0,충북,진천군,2,2,2
PF301750,FC001513,FC001513-01,국민대학교 개교 80주년 기념 음악회,서양음악(클래식),2026.10.19,2026.10.19,1시간 40분,100.0,월요일(19:30),37.5130605,127.10349500000008,서울특별시 송파구 올림픽로 300 (신천동) 롯데월드몰 8층 롯데문화재단,롯데콘서트홀,2036.0,서울,송파구,4,2,3
PF301749,FC002228,FC002228-01,"그루브재즈데이, Autumn in Jazz 스페셜 콘서트",대중음악,2026.10.01,2026.10.29,1시간,60.0,목요일(20:00),37.5126872,127.0184503,서울특별시 서초구 신반포로47길 52 (잠원동),재즈클럽 그루브,70.0,서울,서초구,1,2,1
PF301748,FC000751,FC000751-01,햄릿 [영월],연극,2026.10.30,2026.10.31,1시간 30분,90.0,"금요일(19:30), 토요일(14:00)",,,,,,,,,2,
PF301747,FC001855,FC001855-01,쿠키맨 [시흥],뮤지컬,2026.11.12,2026.11.12,45분,45.0,"목요일(10:10,11:10)",,,,,,,,,1,
PF301746,FC003244,FC003244-01,마하고니 [대학로],뮤지컬,2026.11.03,2027.01.24,1시간 50분,110.0,"화요일(20:00), 수요일(16:00,20:00), 목요일(20:00), 금요일(16:00,20:00), 토요일(15:00,19:00), 일요일(14:00,18:00), HOL(14:00,18:00)",37.5846899,127.0022947,서울특별시 종로구 대학로14길 29(혜화동),페이코홀,470.0,서울,종로구,2,2,2
PF301745,FC001173,FC001173-01,루돌프의 크리스마스선물 [서울 성동],뮤지컬,2026.12.19,2026.12.20,55분,55.0,"토요일 ~ 일요일(11:00,14:00,16:00)",37.5443376,127.04692750000004,서울특별시 성동구 뚝섬로1길 43 (성수동1가),성수아트홀(성수문화복지회관),352.0,서울,성동구,2,1,1
PF301744,FC004250,FC004250-01,공명 프로젝트: 두번째 울림 [공주],대중음악,2026.10.17,2026.10.17,1시간,60.0,토요일(17:00),36.5537987,126.953945,충청남도 공주시 유구읍 중앙2길 92-32,바드챔버하우스,80.0,충남,공주시,1,2,1
PF301742,FC000160,FC000160-02,윈썸트리오의 첫 번째 울림 Post Classic Guitar: Trio Edition [부산],서양음악(클래식),2026.10.04,2026.10.04,1시간,60.0,일요일(15:00),35.2459085,129.0941378,부산광역시 금정구 체육공원로 7 (구서동),소공연장(은빛샘홀),394.0,부산,금정구,2,2,2
PF301741,FC005085,FC005085-01,THE BRIDGE FESTIVAL,대중음악,2026.10.10,2026.10.11,9시간,540.0,토요일 ~ 일요일(13:00),37.545849,127.045629,서울특별시 성동구 왕십리로4길 5 (성수동1가),성수 일대 ,500.0,서울,성동구,3,4,3
PF301739,FC000200,FC000200-02,극단 만신 창단10주년 기념공연: 세 자매 [대구],연극,2026.10.06,2026.10.11,2시간,120.0,"화요일 ~ 목요일(19:30), HOL(19:30), 토요일(19:30), 일요일(15:00)",35.8631367,128.59656180000002,대구광역시 중구 봉산문화길 77 (봉산동),스페이스라온,80.0,대구,중구,1,3,2
PF301738,FC000517,FC000517-02,오줌지도 [경주],뮤지컬,2026.10.03,2026.10.04,1시간,60.0,"토요일(14:00), 일요일(11:00)",35.8625869,129.20586520000006,경상북도 경주시 알천북로 1 (황성동),소공연장(원화홀),331.0,경북,경주시,2,2,2
PF301737,FC003954,FC003954-01,Mulasaki Ima ONE MAN TOUR: PURPLE SHELTER -ep.1- EXTRA in Seoul,대중음악,2026.12.12,2026.12.12,1시간 30분,90.0,토요일(18:00),,,,,,,,,2,
PF301736,FC000001,FC000001-02,최민지 첼로 독주회,서양음악(클래식),2026.10.24,2026.10.24,1시간 30분,90.0,토요일(20:00),,,,,,,,,2,
PF301735,FC002305,FC002305-01,죽여주는 이야기 [세종],연극,2026.12.26,2026.12.27,1시간 30분,90.0,"토요일 ~ 일요일(12:00,14:10,16:30,19:00)",36.4922533,127.3032718,세종특별자치시 국책연구원3로 12 (반곡동),다목적공연장,220.0,세종,세종특별자치시,1,2,1
PF301734,FC002784,FC002784-01,WISH [세종],뮤지컬,2026.11.21,2026.11.22,1시간 35분,95.0,토요일 ~ 일요일(16:00),36.4985469,127.2638296,세종특별자치시 갈매로 387 (어진동),공연장,182.0,세종,세종특별자치시,1,2,1
PF301733,FC000819,FC000819-01,버블J의 스노우버블쇼 [고양],서커스/마술,2026.12.19,2026.12.20,1시간,60.0,"토요일 ~ 일요일(11:00,14:00,16:00)",,,,,,,,,2,
PF301731,FC001217,FC001217-01,개벽 [성남],한국음악(국악),2026.10.15,2026.10.15,1시간 20분,80.0,목요일(19:00),37.4448723,127.13890700000002,경기도 성남시 수정구 수정로171번길 10,대극장,645.0,경기,성남시,3,2,2
PF301729,FC001529,FC001529-01,심청,연극,2026.10.29,2026.11.08,1시간 40분,100.0,"화요일(19:30), 수요일(15:00,19:30), 목요일 ~ 금요일(19:30), 토요일 ~ 일요일(15:00)",37.5889086,127.00463660000004,서울특별시 성북구 성북로5길 9-3 (성북동1가),여행자극장,100.0,서울,성북구,1,2,1
PF301728,FC001619,FC001619-01,"제1022회 목요예술무대, 페이크북",뮤지컬,2026.10.22,2026.10.22,1시간 15분,75.0,목요일(19:00),37.495188,127.03321630000003,서울특별시 강남구 역삼로7길 16 (역삼동),강남씨어터,232.0,서울,강남구,1,2,1
PF301727,FC004809,FC004809-01,NEO TRADITION: 맥-놀이,한국음악(국악),2026.10.24,2026.10.24,1시간 15분,75.0,토요일(18:00),,,,,,,,,2,
PF301726,FC000073,FC000073-01,METHOD: 20YEARS ANNIVERSARY,대중음악,2026.10.25,2026.10.25,2시간 30분,150.0,일요일(18:00),37.5484417,126.9201058,서울특별시 마포구 어울마당로 35 (서교동) 지하 1층,롤링홀,200.0,서울,마포구,1,3,2
PF301725,FC000175,FC000175-02,부산포 [부산],뮤지컬,2026.10.30,2026.10.31,1시간 30분,90.0,"금요일(19:30), 토요일(19:30)",,,,,,,,,2,
PF301724,FC001196,FC001196-02,"김정민 전국투어, 정민이형 콘서트: 구리에만 피는 꽃 [구리]",대중음악,2026.12.06,2026.12.06,2시간,120.0,일요일(17:00),37.5954358,127.12996380000004,경기도 구리시 아차산로 453,유채꽃소극장,280.0,경기,구리시,1,3,2
PF301723,FC004296,FC004296-01,HELLO ORGAN 3. 길 위의 노래 [부산],서양음악(클래식),2026.11.19,2026.11.19,1시간 20분,80.0,목요일(11:00),35.1693728,129.0542532,부산광역시 부산진구 동평로 250 (연지동),콘서트홀,2011.0,부산,부산진구,4,2,3
PF301722,FC002777,FC002777-01,"D.FESTA 소극장축제, 3일",연극,2026.10.10,2026.10.11,1시간 30분,90.0,"토요일(18:00), 일요일(17:00)",37.5820588,127.0004181,서울특별시 종로구 대학로11길 23 (명륜4가),"후암스테이지 (구. 마라카 3관, 오씨어터)",115.0,서울,종로구,1,2,1
PF301721,FC004809,FC004809-01,리퀴드 사운드 x 아필레타 (A Filetta) : 고사리소리 (GOSARISORI),대중음악,2026.10.18,2026.10.18,1시간 10분,70.0,일요일(17:00),,,,,,,,,2,
PF301719,FC003951,FC003951-01,"월간실내악, Halo Trio (10월)",서양음악(클래식),2026.10.31,2026.10.31,1시간 40분,100.0,토요일(16:00),37.5205582,127.0551411,"서울특별시 강남구 영동대로131길 14 (청담동, 청담동테라스)",공연장 (B1) ,0.0,서울,강남구,,2,
PF301715,FC004589,FC004589-01,보잉보잉,연극,2026.10.24,2026.11.22,1시간 40분,100.0,"화요일 ~ 금요일(19:30), 토요일(14:00,17:00), 일요일(14:00)",37.580965,127.00349,서울특별시 종로구 대학로8가길 111 (동숭동),공연장,184.0,서울,종로구,1,2,1
PF301714,FC001555,FC001555-02,"Wine & Music Night, 4 CELLOS CONCERT [인천]",서양음악(클래식),2026.10.11,2026.10.11,1시간 30분,90.0,일요일(16:30),37.5317983,126.63695299999996,인천광역시 서구 크리스탈로 78 (경서동),챔버홀,140.0,인천,서해구,1,2,1
PF301713,FC000885,FC000885-01,"제10회 뮤직페스티벌창원, 지브리 콘서트",서양음악(클래식),2026.10.31,2026.10.31,1시간 20분,80.0,토요일(15:00),,,,,,,,,2,
PF301712,FC004282,FC004282-02,"제1회 ST-NOVA, (언) 리쉬드",연극,2026.11.05,2026.11.06,1시간 5분,65.0,목요일 ~ 금요일(19:30),37.5892179,127.0060408,서울특별시 성북구 성북로 8 (동소문동1가),서울씨어터 202 (5F) ,202.0,서울,성북구,1,2,1
PF301711,FC000537,FC000537-02,"제7회 안단태오페라단 정기공연, 해설이 있는 오페라: 리골레토 [안동]",서양음악(클래식),2026.10.13,2026.10.13,1시간 30분,90.0,화요일(19:30),36.5595259,128.7256906,경상북도 안동시 축제장길 66 (안흥동),백조홀,276.0,경북,안동시,1,2,1
PF301708,FC000548,FC000548-01,"한빛예술단, 다크니스 투 라이트 [영덕]",서양음악(클래식),2026.10.31,2026.10.31,1시간 10분,70.0,토요일(16:00),36.529789,129.40498860000002,경상북도 영덕군 영해면 318만세길 36,예주문화예술회관,531.0,경북,영덕군,3,2,2
PF301707,FC004282,FC004282-02,제1회 ST-NOVA [일반 패키지],연극,2026.10.16,2026.11.06, ,,"월요일(14:00), 목요일 ~ 금요일(19:30), 토요일 ~ 일요일(15:00)",37.5892179,127.0060408,서울특별시 성북구 성북로 8 (동소문동1가),서울씨어터 202 (5F) ,202.0,서울,성북구,1,,
PF301706,FC004282,FC004282-02,제1회 ST-NOVA [서울연극협회원 패키지],연극,2026.10.16,2026.11.06, ,,"목요일 ~ 금요일(19:30), 토요일 ~ 일요일(15:00)",37.5892179,127.0060408,서울특별시 성북구 성북로 8 (동소문동1가),서울씨어터 202 (5F) ,202.0,서울,성북구,1,,
PF301705,FC004282,FC004282-02,"제1회 ST-NOVA: 우전 연극제 청년경연작, 스윌링 업",연극,2026.10.23,2026.10.25,1시간,60.0,"금요일(19:30), 토요일 ~ 일요일(15:00)",37.5892179,127.0060408,서울특별시 성북구 성북로 8 (동소문동1가),서울씨어터 202 (5F) ,202.0,서울,성북구,1,2,1
PF301701,FC000174,FC000174-03,조용필 & 위대한탄생 콘서트 [대전],대중음악,2026.12.26,2026.12.26,2시간 10분,130.0,토요일(18:00),,,,,,,,,3,
PF301700,FC000885,FC000885-03,"제10회 뮤직페스티벌창원, 창원시민과 함께하는 앙상블 PACE",서양음악(클래식),2026.11.07,2026.11.07,1시간 20분,80.0,토요일(15:00),,,,,,,,,2,
PF301698,FC004282,FC004282-02,"제1회 ST-NOVA, A Manga (한편의 만화)",연극,2026.10.16,2026.10.18,1시간 10분,70.0,"금요일(19:30), 토요일 ~ 일요일(15:00)",37.5892179,127.0060408,서울특별시 성북구 성북로 8 (동소문동1가),서울씨어터 202 (5F) ,202.0,서울,성북구,1,2,1
PF301697,FC001270,FC001270-02,"ACC 초이스, 덕 폰드: Duck Pond",서커스/마술,2026.11.27,2026.11.29,1시간 10분,70.0,"금요일(19:30), 토요일(16:00,19:00), 일요일(15:00)",35.1467193,126.92025420000004,전남광주통합특별시 동구 문화전당로 38 (광산동),극장1,944.0,전남광주,동구,3,2,2
PF301696,FC004655,FC004655-02,시조 전국명인 초대전 [평택],한국음악(국악),2026.11.21,2026.11.21,2시간,120.0,토요일(15:00),37.039462,127.033968,경기도 평택시 고덕로 310 (고덕동),소공연장,305.0,경기,평택시,2,3,2
PF301695,FC000447,FC000447-01,제85회 군산시립교향악단 기획연주회: Young Artist Concert,서양음악(클래식),2026.11.12,2026.11.12,1시간 10분,70.0,목요일(19:30),,,,,,,,,2,
PF301694,FC000400,FC000400-01,취향: 소리에 취하다 [증평],한국음악(국악),2026.10.02,2026.10.02,1시간 10분,70.0,금요일(14:00),36.78575,127.570003,충청북도 증평군 증평읍 삼보로 28,대강당,492.0,충북,증평군,2,2,2
PF301693,FC000934,FC000934-01,산타와 루돌프 [평택 남부],뮤지컬,2026.12.12,2026.12.12,1시간,60.0,"토요일(11:00,14:00,16:00)",36.9909219,127.11427630000004,경기도 평택시 중앙로 277 (비전동),대공연장,606.0,경기,평택시,3,2,2
PF301692,FC001191,FC001191-01,"베베핀, 두근두근 새친구 [포항]",뮤지컬,2026.11.21,2026.11.22,1시간 10분,70.0,"토요일 ~ 일요일(11:00,14:00,16:30)",,,,,,,,,2,
PF301691,FC000548,FC000548-02,"영덕보엠앙상블, 피터와 늑대 & 동물의 사육제 [영덕]",서양음악(클래식),2026.10.12,2026.10.12, ,,월요일(19:00),36.529789,129.40498860000002,경상북도 영덕군 영해면 318만세길 36,무형문화재전수교육관,154.0,경북,영덕군,1,,
PF301690,FC004422,FC004422-01,나의 빨간날,연극,2026.10.09,2026.10.11,1시간,60.0,"HOL(17:00), 토요일 ~ 일요일(14:00,17:00)",37.582042,127.003731,서울특별시 종로구 대학로12길 46 (동숭동),아르코꿈밭극장,169.0,서울,종로구,1,2,1
PF301689,FC000868,FC000868-01,비기닝 [성주],연극,2026.10.17,2026.10.17,1시간 30분,90.0,"토요일(15:00,18:00)",35.9183692,128.30130510000004,경상북도 성주군 성주읍 성산9길 45,대공연장,822.0,경북,성주군,3,2,2
PF301688,FC000548,FC000548-01,제3회 영덕 군민오케스트라 정기연주회 & 교류음악회 with 당진시민오케스트라 [영덕],서양음악(클래식),2026.10.09,2026.10.09,1시간 10분,70.0,금요일(19:00),36.529789,129.40498860000002,경상북도 영덕군 영해면 318만세길 36,예주문화예술회관,531.0,경북,영덕군,3,2,2
PF301687,FC001349,FC001349-01,산타와 루돌프 [강릉],뮤지컬,2026.12.12,2026.12.12,1시간,60.0,"토요일(12:00,14:00,16:00)",37.7708509,128.8714463,강원도 강릉시 죽헌길 7 (지변동),해람홀,1076.0,강원,강릉시,4,2,3
PF301686,FC000491,FC000491-01,진성 단독 토크콘서트: 진성쑈 [목포],대중음악,2026.11.14,2026.11.14,2시간,120.0,"토요일(13:00,17:00)",34.8122752,126.43679280000003,전남광주통합특별시 목포시 부주로 312 (옥암동),대공연장,1207.0,전남광주,목포시,4,3,3
PF301685,FC004394,FC004394-01,제1회 스텝UP 페스티벌 [대학로],연극,2026.10.14,2026.11.22,1시간 30분,90.0,"수요일 ~ 금요일(19:30), 토요일(15:00,18:00), 일요일(15:00)",37.5869481,127.0021179,서울특별시 종로구 창경궁로35길 26 (혜화동),미래아트홀,70.0,서울,종로구,1,2,1
PF301682,FC000204,FC000204-01,빨래 [대구],뮤지컬,2026.11.25,2026.11.28,2시간 45분,165.0,"수요일 ~ 금요일(19:30), 토요일(14:00,18:30)",35.8295426,128.62841500000002,대구광역시 수성구 무학로 180 (지산동),대극장 (대공연장) ,1159.0,대구,수성구,4,3,3
PF301681,FC000197,FC000197-05,이정석 데뷔 40주년 기념 콘서트: 처음처럼 사랑하기에,대중음악,2026.11.21,2026.11.21,2시간,120.0,토요일(17:00),,,,,,,,,3,
PF301680,FC000020,FC000020-02,제4회 독일 로스톡 국립음대 동문 음악회,서양음악(클래식),2026.10.10,2026.10.10,1시간 40분,100.0,토요일(17:00),,,,,,,,,2,
PF301679,FC001131,FC001131-01,당신의 과녁 리딩 쇼케이스,뮤지컬,2026.10.05,2026.10.05,2시간 30분,150.0,HOL(15:00),,,,,,,,,3,
PF301678,FC001359,FC001359-01,산타클로스와 브레멘음악대 [파주],뮤지컬,2026.12.13,2026.12.13,1시간,60.0,"일요일(14:00,16:00,18:30)",37.724262,126.751094,경기도 파주시 와석순환로 415 (와동동),공연장,536.0,경기,파주시,3,2,2
PF301677,FC000382,FC000382-02,전락 [대학로],연극,2026.10.25,2026.12.06,1시간 40분,100.0,"화요일 ~ 금요일(20:00), 토요일(15:00,19:00), 일요일(14:00,18:00)",37.5822467,127.00371659999996,서울특별시 종로구 대학로8가길 85 (동숭동),2관,220.0,서울,종로구,1,2,1
PF301676,FC000020,FC000020-02,문세희 피아노 독주회: 모차르트 피아노 소나타 전곡 시리즈 Ⅲ,서양음악(클래식),2026.10.05,2026.10.05,1시간 30분,90.0,HOL(19:30),,,,,,,,,2,
PF301675,FC003043,FC003043-01,다이노: 공룡세계에서 살아남기 [부산 기장],뮤지컬,2026.11.07,2026.11.07,1시간,60.0,"토요일(11:00,14:00,16:00)",35.2434816,129.222956,부산광역시 기장군 기장읍 기장대로 560,차성아트홀,383.0,부산,기장군,2,2,2
PF301674,FC003387,FC003387-01,그대는 봄 [울산],뮤지컬,2026.10.23,2026.10.28,1시간 30분,90.0,"월요일 ~ 수요일(19:30), 금요일(19:30), 토요일 ~ 일요일(17:00)",,,,,,,,,2,
PF301673,FC000371,FC000371-01,"제188회 춘천시립교향악단 정기연주회, 시간의 유산6: 유산의 혁신",서양음악(클래식),2026.10.30,2026.10.30,1시간 30분,90.0,금요일(19:30),,,,,,,,,2,
PF301672,FC000885,FC000885-03,"제10회 뮤직페스티벌창원, 첼리스트 김정아",서양음악(클래식),2026.10.29,2026.10.29,1시간,60.0,목요일(19:30),,,,,,,,,2,
PF301671,FC001826,FC001826-01,단편선 순간들 신작 연인들 발표 기념 쇼케이스,대중음악,2026.10.31,2026.10.31,1시간 40분,100.0,토요일(18:00),37.5365851,127.00066620000008,서울특별시 용산구 이태원로 246 (한남동),스튜디오,180.0,서울,용산구,1,2,1
PF301669,FC003352,FC003352-01,노머시 페스트: 올나잇 페스트벌,대중음악,2026.10.30,2026.10.30,8시간,480.0,"금요일(19:00,23:20)",37.5493791,126.921315,서울특별시 마포구 와우산로17길 19-22(서교동),클럽 프리버드,0.0,서울,마포구,,4,
PF301668,FC002634,FC002634-01,"제1203회 하우스콘서트, 타악듀오 모아티에",서양음악(클래식),2026.11.23,2026.11.23, ,,월요일(20:00),37.5805023,127.0032562,서울특별시 종로구 동숭길 3 (동숭동),예술가의 집,110.0,서울,종로구,1,,
PF301666,FC002246,FC002246-01,"푸르지오 아트홀 수요 초대석 45. Opera Collage: 애정과 우정, 그 사이",서양음악(클래식),2026.10.21,2026.10.21,1시간 20분,80.0,수요일(19:30),,,,,,,,,2,
PF301665,FC000885,FC000885-01,마리퀴리 [창원],뮤지컬,2026.11.21,2026.11.22,3시간,180.0,"토요일(14:00,18:30), 일요일(14:00)",,,,,,,,,4,
PF301664,FC000183,FC000183-01,"DSAC 아트 셀렉션, 낙타상자 [대구]",연극,2026.10.24,2026.10.24,1시간 40분,100.0,토요일(17:00),35.84337790000001,128.52284439999994,대구광역시 달서구 문화회관길 160 (장기동),청룡홀,455.0,대구,달서구,2,2,2
PF301662,FC000469,FC000469-01,이은미 콘서트 with 오케스트라: 추억이 핀다 [전주],대중음악,2026.12.12,2026.12.12,2시간,120.0,토요일(18:00),35.84321,127.130056,전북특별자치도 전주시 덕진구 권삼득로 290 (금암동),대공연장,1493.0,전북,전주시,4,3,3
PF301661,FC000009,FC000009-04,"춤, 사계를 담다",무용(서양/한국무용),2026.10.06,2026.10.06,1시간,60.0,화요일(19:30),,,,,,,,,2,
PF301660,FC000885,FC000885-03,"제10회 뮤직페스티벌창원, 첼리스타 첼로앙상블 [창원]",서양음악(클래식),2026.10.30,2026.10.30,1시간 20분,80.0,금요일(19:30),,,,,,,,,2,
PF301658,FC004296,FC004296-02,네버포가튼: Where K-Pop Began [부산],대중음악,2026.10.24,2026.10.24,1시간 35분,95.0,토요일(19:00),35.1693728,129.0542532,부산광역시 부산진구 동평로 250 (연지동),챔버홀,400.0,부산,부산진구,2,2,2
PF301657,FC000164,FC000164-01,한여름 밤의 호두까기 인형 [부산],무용(서양/한국무용),2026.10.24,2026.10.24,1시간 50분,110.0,토요일(16:00),,,,,,,,,2,
PF301656,FC000826,FC000826-02,쉬어매드니스 [여수],연극,2026.12.15,2026.12.20,1시간 50분,110.0,"화요일 ~ 목요일(10:30,15:00), 금요일(15:00,19:30), 토요일 ~ 일요일(14:00,17:00)",34.7498095,127.66498990000002,전남광주통합특별시 여수시 예울마루로 100 (시전동),소극장,302.0,전남광주,여수시,2,2,2
PF301655,FC003609,FC003609-01,오늘도 도미노,연극,2026.10.09,2026.10.11,1시간 20분,80.0,"금요일(19:00), 토요일(15:00,19:00), 일요일(15:00)",37.5601124,126.9622821,서울특별시 서대문구 충정로 7 (충정로3가),모두예술극장,259.0,서울,서대문구,1,2,1
PF301654,FC002086,FC002086-01,매직 벌룬쇼 [서산],서커스/마술,2026.10.24,2026.10.24,1시간,60.0,"토요일(11:00,14:00)",36.7867298,126.4489674,충청남도 서산시 부춘공원2로 11 (읍내동),공연장,220.0,충남,서산시,1,2,1
PF301653,FC002779,FC002779-01,빨간 사과가 먹고 싶다면 [천안],뮤지컬,2026.10.10,2026.10.18,1시간,60.0,"토요일 ~ 일요일(11:00,15:00)",36.806633,127.1511772,충청남도 천안시 동남구 옛시청길 39 (문화동),꿈누리대공연장,296.0,충남,천안시,1,2,1
PF301652,FC000073,FC000073-01,Born to be [ ],대중음악,2026.10.23,2026.10.23,1시간 40분,100.0,금요일(20:00),37.5484417,126.9201058,서울특별시 마포구 어울마당로 35 (서교동) 지하 1층,롤링홀,200.0,서울,마포구,1,2,1
PF301651,FC000453,FC000453-03,약국 식후30분,뮤지컬,2026.10.02,2026.10.03,1시간 30분,90.0,"금요일(20:00), 토요일(14:00,16:30), 일요일(16:30)",37.5799517,127.00425100000008,서울특별시 종로구 동숭길 39 (동숭동),1관 (지하1층) ,120.0,서울,종로구,1,2,1
PF301650,FC004422,FC004422-01,차나깨비 이야기 [대학로],한국음악(국악),2026.10.15,2026.10.16,1시간,60.0,목요일 ~ 금요일(19:30),37.582042,127.003731,서울특별시 종로구 대학로12길 46 (동숭동),아르코꿈밭극장,169.0,서울,종로구,1,2,1
PF301649,FC000924,FC000924-01,"고창문화의전당 하우스콘서트, 우주매직쇼 (9월)",서커스/마술,2026.09.29,2026.09.29,1시간,60.0,화요일(19:30),35.4331954,126.7045031,전라북도 고창군 고창읍 모양성로 11,공연장,625.0,전북,고창군,3,2,2
PF301647,FC004469,FC004469-02,양자전쟁 [부산],연극,2026.10.25,2026.10.25,1시간 30분,90.0,일요일(15:00),35.102094,128.903987,부산광역시 강서구 명지국제1로 141 (명지동),앙상블극장,292.0,부산,강서구,1,2,1
PF301646,FC000214,FC000214-05,제5회 커넥션 플루트 앙상블 정기연주회: 플루트를 연주하는 백조의 호수,서양음악(클래식),2026.10.10,2026.10.10,2시간,120.0,토요일(18:30),37.3874966,126.7246381,인천광역시 남동구 아암대로1437번길 32 (논현동),소래극장 (대공연장) ,703.0,인천,남동구,3,3,3
PF301644,FC000578,FC000578-01,페이지나 [사천],뮤지컬,2026.10.15,2026.10.15,1시간 50분,110.0,목요일(19:30),34.9399063,128.07501849999994,경상남도 사천시 삼천포대교로 471 (동림동),대공연장,818.0,경남,사천시,3,2,2
PF301643,FC000548,FC000548-01,"국립정동극장, 광대 [영덕]",한국음악(국악),2026.10.15,2026.10.15,1시간 10분,70.0,목요일(19:00),36.529789,129.40498860000002,경상북도 영덕군 영해면 318만세길 36,예주문화예술회관,531.0,경북,영덕군,3,2,2
PF301641,FC005084,FC005084-01,강남페스티벌 콘서트,대중음악,2026.10.04,2026.10.04,3시간,180.0,일요일(18:00),37.521261,127.034366,서울특별시 강남구 언주로 738 (논현동),도산대로(현대모터스튜디오 앞),0.0,서울,강남구,,4,
PF301640,FC000068,FC000068-01,바리톤 김동규와 함께하는 10월의 어느 멋진날에 [광주],서양음악(클래식),2026.10.24,2026.10.24,1시간 40분,100.0,토요일(19:00),35.1481359,126.90864540000008,전남광주통합특별시 남구 천변좌로338번길 7 (구동),공연장,715.0,전남광주,남구,3,2,2
PF301639,FC000455,FC000455-01,광화문 그 사내 [부안],뮤지컬,2026.10.03,2026.10.03,1시간 10분,70.0,토요일(19:30),35.7243919,126.72539059999995,전라북도 부안군 부안읍 예술회관길 11,공연장,499.0,전북,부안군,2,2,2
PF301638,FC001294,FC001294-02,산타와 루돌프 [안산],뮤지컬,2026.12.27,2026.12.27,1시간,60.0,"일요일(11:00,14:00,16:00)",37.32597510000001,126.82781009999997,경기도 안산시 단원구 적금로 202 (고잔동),대공연장,420.0,경기,안산시,2,2,2
PF301637,FC002028,FC002028-01,벤치위레오 단독 콘서트: Black White La cuisine,대중음악,2026.10.08,2026.10.08,1시간 40분,100.0,목요일(20:00),37.5538644,126.9285846,서울특별시 마포구 와우산로 137 (서교동),생기 스튜디오,70.0,서울,마포구,1,2,1
PF301636,FC002949,FC002949-01,Jane Remover: Live Exhibit in Seoul,대중음악,2026.12.11,2026.12.11,1시간 40분,100.0,금요일(20:00),37.5515788,126.9198284,서울특별시 마포구 잔다리로 32(서교동),무신사 개러지 (구. 왓챠홀) ,144.0,서울,마포구,1,2,1
PF301635,FC002785,FC002785-01,"KT&G 상상마당 부산 시리즈 기획 공연, 클로버 뮤직 스테이션 (CLOVER MUSIC STATION)",대중음악,2026.10.10,2026.10.10,10시간,600.0,토요일(15:00),,,,,,,,,4,
PF301634,FC001799,FC001799-01,정신병동에도 아침이 와요,뮤지컬,2026.10.31,2026.11.22,2시간 30분,150.0,"화요일 ~ 금요일(19:30), 토요일(14:00,18:30), 일요일(15:00)",37.5614238,126.94697270000006,서울특별시 서대문구 이화여대길 52 (대현동),이화여자대학교 삼성홀,702.0,서울,서대문구,3,3,3
PF301633,FC001231,FC001231-01,돈키호테 [제주],무용(서양/한국무용),2026.10.09,2026.10.09,2시간 15분,135.0,금요일(15:00),33.2452306,126.5517526,제주특별자치도 서귀포시 태평로 270 (서홍동),대극장,802.0,제주,서귀포시,3,3,3
PF301632,FC000493,FC000493-01,선암사: 세 가지 보물 [순천],한국음악(국악),2026.10.10,2026.10.10,1시간,60.0,"토요일(14:00,17:00)",,,,,,,,,2,
PF301630,FC000076,FC000076-02,"대전시립교향악단 챔버 시리즈3, 바이올린과 실내악",서양음악(클래식),2026.10.23,2026.10.23,1시간 15분,75.0,금요일(19:30),,,,,,,,,2,
PF301629,FC002949,FC002949-01,"까치산 클럽 투어: 여기, 까치산입니다. [서울]",대중음악,2026.10.31,2026.11.01,1시간 30분,90.0,"토요일(19:00), 일요일(17:00)",37.5515788,126.9198284,서울특별시 마포구 잔다리로 32(서교동),무신사 개러지 (구. 왓챠홀) ,144.0,서울,마포구,1,2,1
PF301627,FC002833,FC002833-01,정글북 [인천 청라],뮤지컬,2026.10.18,2026.10.18,50분,50.0,"일요일(13:30,15:30)",37.5240132,126.6341822,인천광역시 서구 청라대로 20 (청라동),공연장,480.0,인천,서해구,2,1,1
PF301624,FC001270,FC001270-03,"차세대 아시아 공연예술인 커뮤니티, 우리는 얽혀있다 (10월)",복합,2026.10.10,2026.10.10,1시간 30분,90.0,토요일(17:00),35.1467193,126.92025420000004,전남광주통합특별시 동구 문화전당로 38 (광산동),극장3,248.0,전남광주,동구,1,2,1
PF301623,FC000420,FC000420-01,루돌프와 산타클로스 [광주],뮤지컬,2026.12.19,2026.12.20,55분,55.0,"토요일 ~ 일요일(11:00,13:00,15:00)",35.1570531,126.858156,전남광주통합특별시 서구 내방로 152 (쌍촌동),민주홀,802.0,전남광주,서구,3,1,2
PF301622,FC001333,FC001333-01,신데렐라 [울산],뮤지컬,2026.11.29,2026.11.29,50분,50.0,"일요일(11:00,13:00,15:00)",35.5634452,129.3355305,울산광역시 중구 번영로 470 (반구동),J아트홀,220.0,울산,중구,1,1,1
PF301621,FC002361,FC002361-01,파인 다이닝 [서울 종로],연극,2026.10.21,2026.10.27,1시간 40분,100.0,"월요일 ~ 금요일(19:30), 토요일(13:00,18:00), 일요일(17:00)",37.5690724,126.9861858,서울특별시 종로구 삼일대로17길 23 (관철동) ,반쥴,70.0,서울,종로구,1,2,1
PF301620,FC000156,FC000156-01,"박정희 대통령 육영수 여사 탄신 기념 음악회: 시대를 품은 남자, 그를 품은 여자",복합,2026.11.20,2026.11.20,1시간 50분,110.0,금요일(19:00),37.5465004,127.07880590000002,서울특별시 광진구 광나루로 441 (능동),티켓링크 1975 씨어터(구.무지개극장),1010.0,서울,광진구,4,2,3
PF301619,FC000445,FC000445-02,문나이트 MOON NIGHT [홍성],뮤지컬,2026.10.24,2026.10.24,2시간,120.0,토요일(14:00),36.5947409,126.6518747,충청남도 홍성군 홍성읍 내포로 164,대공연장,606.0,충남,홍성군,3,3,3
PF301618,FC000167,FC000167-03,"콘서트 오페라, 사랑의 묘약 [부산]",서양음악(클래식),2026.10.17,2026.10.17,1시간 30분,90.0,"토요일(14:00,18:00)",,,,,,,,,2,
PF301616,FC000878,FC000878-03,SEA: SONG 시리즈04. Fall in Classic [거제],서양음악(클래식),2026.10.13,2026.10.13,1시간,60.0,화요일(19:30),,,,,,,,,2,
PF301613,FC004092,FC004092-01,라라라온 [사운드마인드],대중음악,2026.09.17,2030.12.31,1시간 40분,100.0,수요일(20:00),37.4772823,126.9587389,서울특별시 관악구 낙성대로 14 (봉천동) 지하1층,사운드마인드,60.0,서울,관악구,1,2,1
PF301612,FC001428,FC001428-01,시간과 눈물의 상관관계,연극,2026.10.16,2026.10.18,1시간 30분,90.0,"금요일(19:30), 토요일(14:00,18:00), 일요일(15:00)",37.5684894,126.9816134,서울특별시 중구 청계천로 40,한국콘텐츠진흥원 CKL스테이지,190.0,서울,중구,1,2,1
PF301611,FC004394,FC004394-01,제1회 10일간의 낭독 여행 [대학로],연극,2026.10.01,2026.10.10,1시간,60.0,"화요일 ~ 목요일(18:00,20:00), 토요일 ~ 일요일(18:00,20:00), HOL(18:00,20:00)",37.5869481,127.0021179,서울특별시 종로구 창경궁로35길 26 (혜화동),미래아트홀,70.0,서울,종로구,1,2,1
PF301608,FC000233,FC000233-01,제143회 전남광주통합특별시립발레단 창단 50주년 기념 정기공연: 라 실피드 [전남 광주],무용(서양/한국무용),2026.10.23,2026.10.24,1시간 40분,100.0,"금요일(19:30), 토요일(15:00,19:00)",,,,,,,,,2,
PF301607,FC001536,FC001536-01,7시에 만나 [예산],연극,2026.10.08,2026.10.08,1시간 40분,100.0,목요일(19:30),36.681115,126.67101189999994,충청남도 예산군 삽교읍 도청대로 600,충남도청 문예회관,836.0,충남,예산군,3,2,2
PF301606,FC000336,FC000336-01,"집사TV 시즌2, Part.2: 대저택 끝 없는 문 [평택]",뮤지컬,2026.11.14,2026.11.15,1시간 15분,75.0,"토요일(11:00,14:00,16:30), 일요일(11:00,14:00)",,,,,,,,,2,
PF301605,FC005083,FC005083-01,Princess 통캉통의 대관식: KING [부산],대중음악,2026.10.10,2026.10.10, ,,토요일(12:00),35.230119,129.086147,부산광역시 금정구 금정로 61 (장전동),골드비스튜디오 부산대점,0.0,부산,금정구,,,
PF301604,FC000810,FC000810-01,박창근 소극장 콘서트: 이 계절에 스미다,대중음악,2026.10.30,2026.11.01,2시간 30분,150.0,"금요일(19:30), 토요일 ~ 일요일(16:00)",37.4934188,127.00730299999998,서울특별시 서초구 반포대로 150 (서초동),화이트홀,475.0,서울,서초구,2,3,2
PF301603,FC003892,FC003892-01,울림: Sing along with us,대중음악,2026.10.03,2026.10.03, ,,토요일(16:00),37.5509163,126.9238938,서울특별시 마포구 와우산로18길 16 (서교동),공연장(B1),70.0,서울,마포구,1,,
PF301600,FC000878,FC000878-01,트롯: 포맨 [거제],대중음악,2026.11.26,2026.11.26,2시간,120.0,목요일(19:30),,,,,,,,,3,
PF301598,FC002062,FC002062-01,"쌀롱드무지끄, 도시기억 Ⅱ: Prelude",서양음악(클래식),2026.10.03,2026.10.03,1시간,60.0,토요일(18:00),37.5923644,126.965995,서울특별시 종로구 창의문로 129 (부암동),쌀롱드무지끄,20.0,서울,종로구,1,2,1
PF301597,FC000076,FC000076-01,클래시컬 쇼콰이어 그룹 튀김소보체 2ND 앨범 발매기념 콘서트: Taste of Classic [대전],대중음악,2026.10.24,2026.10.24,1시간 20분,80.0,토요일(19:00),,,,,,,,,2,
PF301595,FC000178,FC000178-01,세번째 일등 [부산],뮤지컬,2026.10.17,2026.10.18,1시간,60.0,"토요일 ~ 일요일(11:00,14:00)",,,,,,,,,2,
PF301594,FC000275,FC000275-01,산타클로스와 브레멘음악대 [부산],뮤지컬,2026.12.12,2026.12.13,55분,55.0,"토요일 ~ 일요일(11:00,14:00,16:00)",35.1687032,129.12974659999998,부산광역시 해운대구 센텀남대로 35 (우동),신세계 문화홀 [센텀시티],0.0,부산,해운대구,,1,
PF301593,FC004785,FC004785-01,히든퍼즐 [대전],연극,2026.10.29,2026.12.27,1시간 20분,80.0,"월요일(19:30), 수요일 ~ 금요일(19:30), 토요일 ~ 일요일(14:00,17:00)",36.325739,127.427879,대전광역시 중구 대종로 460 (대흥동),런던스테이지(2F),0.0,대전,중구,,2,
PF301591,FC005062,FC005062-01,"숲세권 라이브, 김영조 단독 공연: ROSARIUM",대중음악,2026.10.17,2026.10.17,2시간,120.0,토요일(18:00),37.57212,126.961099,서울특별시 종로구 사직로 8 (교북동),숲세권 라이브 2호점 ,0.0,서울,종로구,,3,
PF301590,FC000517,FC000517-01,"익산 브랜드 공연, WEST & EAST: 서쪽남자 & 동쪽여자 [경주]",복합,2026.10.23,2026.10.23,1시간 40분,100.0,"금요일(14:00,19:30)",35.8625869,129.20586520000006,경상북도 경주시 알천북로 1 (황성동),대공연장(화랑홀),1053.0,경북,경주시,4,2,3
PF301589,FC001556,FC001556-01,소프라노 조화영 독창회,서양음악(클래식),2026.10.14,2026.10.14,1시간 40분,100.0,수요일(19:30),37.564089,126.93898089999992,서울특별시 서대문구 연세로 50 (신촌동) 연세대학교 백양누리 B1 금호아트홀 연세,금호아트홀 연세,390.0,서울,서대문구,2,2,2
PF301587,FC004506,FC004506-01,라라라온 [대구 제임스레코드],대중음악,2026.10.10,2026.10.10,1시간 40분,100.0,토요일(18:00),35.86967,128.599304,대구광역시 중구 동성로3길 104-14 (공평동),제임스레코드,0.0,대구,중구,,2,
PF301586,FC000073,FC000073-01,조이풀스 3주년 기념콘서트: FAR FROM HOME,대중음악,2026.10.22,2026.10.22,2시간,120.0,목요일(20:00),37.5484417,126.9201058,서울특별시 마포구 어울마당로 35 (서교동) 지하 1층,롤링홀,200.0,서울,마포구,1,3,2
PF301585,FC004355,FC004355-01,"The Recite, 낭독이 있는 연주회 네 번째 이야기: 일요일의 예술가",서양음악(클래식),2026.10.24,2026.10.24,1시간 40분,100.0,토요일(14:00),37.5047177,126.9983081,서울특별시 서초구 신반포로19길 6 (반포동),서울체임버홀,241.0,서울,서초구,1,2,1
PF301584,FC001366,FC001366-01,KWON JIN AH LIVE TOUR: THIS WINTER [대구],대중음악,2026.12.12,2026.12.13, ,,"토요일(18:00), 일요일(17:00)",,,,,,,,,,
PF301583,FC004821,FC004821-02,"조영남 전국투어 콘서트, 조영남 음악회: 자화상 [서울]",대중음악,2026.11.21,2026.11.21,2시간,120.0,토요일(13:00),37.576167,126.889217,서울특별시 마포구 상암산로 34 (상암동),CCC 스테이지,0.0,서울,마포구,,3,
PF301582,FC003908,FC003908-01,서진주 IC 락페스티벌 (WEST JINJU IC ROCK FESTIVAL) Vol.2 [진주],대중음악,2026.11.28,2026.11.28,4시간,240.0,토요일(16:00),35.182892,128.0606254,경상남도 진주시 석갑로155번길 17-13 (신안동),문씨어터,0.0,경남,진주시,,4,
PF301581,FC001513,FC001513-01,제198회 인천시립합창단 정기연주회,서양음악(클래식),2026.10.13,2026.10.13,1시간 30분,90.0,화요일(19:30),37.5130605,127.10349500000008,서울특별시 송파구 올림픽로 300 (신천동) 롯데월드몰 8층 롯데문화재단,롯데콘서트홀,2036.0,서울,송파구,4,2,3
PF301580,FC001247,FC001247-01,잔나비 ASIA TOUR FINAL: 스웨트 앤 스타더스트 [서울],대중음악,2026.10.24,2026.10.25,2시간 20분,140.0,"토요일(18:00), 일요일(17:00)",,,,,,,,,3,
PF301579,FC001270,FC001270-01,"MUSICSCAPE, 치유의 밤: From here to everywhere... [광주]",서양음악(클래식),2026.10.30,2026.10.30,1시간 40분,100.0,금요일(19:00),35.1467193,126.92025420000004,전남광주통합특별시 동구 문화전당로 38 (광산동),극장2,512.0,전남광주,동구,3,2,2
PF301578,FC004583,FC004583-01,ASTERIA 1ST ONEMAN LIVE: asterism,대중음악,2026.10.04,2026.10.04, ,,일요일(15:40),37.557804,126.942583,서울특별시 서대문구 신촌역로 13 (대현동),라이브 홀 ,0.0,서울,서대문구,,,
PF301577,FC000020,FC000020-02,"앵프라맹스 콘서트 열번째 시리즈, 마르셀 프루스트 콘서트",서양음악(클래식),2026.11.09,2026.11.09,1시간 40분,100.0,월요일(19:30),,,,,,,,,2,
PF301576,FC001724,FC001724-01,라라라온 [서울 얼라이브홀],대중음악,2026.10.08,2026.10.08,1시간 40분,100.0,목요일(20:00),37.5486519,126.91915440000002,서울특별시 마포구 독막로7길 20 (서교동) 지하1층,얼라이브홀(구. 크랙홀),200.0,서울,마포구,1,2,1
PF301575,FC001074,FC001074-01,KWON JIN AH LIVE TOUR: THIS WINTER [부산],대중음악,2026.12.25,2026.12.26, ,,"금요일(18:00), 토요일(17:00)",,,,,,,,,,
PF301574,FC000761,FC000761-01,"클래식 인터루드, 브런치 콘서트: 하프 듀오 [음성]",서양음악(클래식),2026.11.17,2026.11.17,1시간 10분,70.0,화요일(11:00),36.9315608,127.68038090000005,충청북도 음성군 음성읍 예술로 102,대공연장,600.0,충북,음성군,3,2,2
PF301573,FC003373,FC003373-01,MOMENT FESTA: ONEWE X B1A4,대중음악,2026.10.30,2026.10.30,2시간,120.0,금요일(20:00),37.5579738,126.8491891,서울특별시 강서구 화곡로63길 65(등촌동),스카이아트홀,987.0,서울,강서구,3,3,3
PF301572,FC001247,FC001247-01,잔나비 발라드 컬렉션: 10월의 어느 멋진 날에 [서울],대중음악,2026.10.23,2026.10.23,2시간 10분,130.0,금요일(19:30),,,,,,,,,3,
PF301571,FC001255,FC001255-01,우석훈 코미디 단편선 [대전],연극,2026.10.23,2026.10.25,1시간 20분,80.0,"금요일(19:30), 토요일(14:00,18:00), 일요일(14:00)",36.3531322,127.34079280000005,대전광역시 유성구 도안대로 591 (봉명동),이음아트홀 [대전],180.0,대전,유성구,1,2,1
PF301570,FC001191,FC001191-01,포항시립교향악단 협주곡의 밤: 영 아티스트 콘서트 [포항] (10월),서양음악(클래식),2026.10.15,2026.10.15,1시간 20분,80.0,목요일(19:30),,,,,,,,,2,
PF301568,FC005081,FC005081-01,유세윤과 (폐) 놀이공원 Concert,대중음악,2026.10.09,2026.10.09,2시간,120.0,HOL(17:00),37.594777,127.105453,서울특별시 중랑구 망우로70길 118 (망우동),용마랜드,0.0,서울,중랑구,,3,
PF301567,FC002379,FC002379-01,팔레트 라이브,대중음악,2026.10.10,2026.10.10,3시간 30분,210.0,토요일(15:30),37.5565279,126.935024,서울특별시 서대문구 연세로5다길 10 (창천동),복합문화공간 몽향,100.0,서울,서대문구,1,4,2
PF301566,FC000013,FC000013-02,양방언 Evolution [인천],서양음악(클래식),2026.10.17,2026.10.17,1시간 20분,80.0,토요일(19:30),37.4477666,126.70008329999996,인천광역시 남동구 예술로 149 (구월동),대공연장,1310.0,인천,남동구,4,2,3
PF301565,FC001528,FC001528-02,FATED [대학로],뮤지컬,2026.11.03,2027.01.24,1시간 40분,100.0,"화요일 ~ 금요일(20:00), 토요일(15:00,19:00), 일요일(14:00,18:00), HOL(14:00,18:00)",37.5820171,127.00353629999996,서울특별시 종로구 동숭길 123 (동숭동),드림 2관,211.0,서울,종로구,1,2,1
PF301564,FC001926,FC001926-01,라라라온 [대구 락왕],대중음악,2026.10.09,2026.10.09,1시간 40분,100.0,금요일(20:00),35.8568804,128.5824119,대구광역시 중구 명덕로 111 (남산동),락왕,140.0,대구,중구,1,2,1
PF301563,FC001685,FC001685-01,아도가 남쪽으로 온 까닭은 [구미],연극,2026.09.29,2026.09.29,1시간,60.0,화요일(19:30),36.0904747,128.45493299999998,경상북도 구미시 인동가산로 392 (구평동) 강동문화복지회관,천생아트홀 (대공연장) ,667.0,경북,구미시,3,2,2
PF301553,FC001337,FC001337-01,이창섭 단독 콘서트: Unknown [대구],대중음악,2026.11.28,2026.11.29,2시간,120.0,"토요일(18:00), 일요일(17:00)",35.8367325,128.754368,경상북도 경산시 대학로 280 (대동),그랜드홀,1889.0,경북,경산시,4,3,3
PF301551,FC000017,FC000017-03,경기리베라오케스트라 피날레콘서트: OUR SYMPHONY: 우리의 교향곡,서양음악(클래식),2026.10.27,2026.10.27,1시간 40분,100.0,화요일(19:30),37.2618899,127.0374319,경기도 수원시 팔달구 효원로307번길 20 (인계동) 경기도문화의전당,대극장,1544.0,경기,수원시,4,2,3
PF301549,FC000403,FC000403-01,레미제라블 [청주],연극,2026.10.28,2026.10.29,2시간 25분,145.0,수요일 ~ 목요일(19:30),36.6420171,127.46975329999998,충청북도 청주시 서원구 흥덕로 69 (사직동),대공연장,1493.0,충북,청주시,4,3,3
PF301547,FC001376,FC001376-01,The Cross [부산],연극,2026.10.23,2026.10.25,1시간 20분,80.0,"금요일(19:30), 토요일 ~ 일요일(16:00)",35.1485415,129.11040309999998,부산광역시 수영구 수영로 477 (남천동),소극장 6번출구,90.0,부산,수영구,1,2,1
PF301546,FC000175,FC000175-01,"다시, 봄: 아지매들의 이야기 [부산]",뮤지컬,2026.11.07,2026.11.07,1시간 20분,80.0,"토요일(14:00,19:00)",,,,,,,,,2,
PF301545,FC000197,FC000197-05,Film Take: 上淵展 상연전 (역),대중음악,2026.10.03,2026.10.03,2시간,120.0,"토요일(14:00,19:00)",,,,,,,,,3,
PF301544,FC003302,FC003302-01,방귀쟁이 며느리 [진주],뮤지컬,2026.10.24,2026.10.24,1시간,60.0,"토요일(11:00,13:00,15:00)",,,,,,,,,2,
PF301543,FC001190,FC001190-01,동치미 [예천],연극,2026.10.10,2026.10.10,1시간 40분,100.0,토요일(16:00),36.651284,128.44588120000003,경상북도 예천군 예천읍 충효로 209-15,예천군문화회관,711.0,경북,예천군,3,2,2
PF301542,FC000516,FC000516-01,더 스톤즈: 소년이 그랬다 [대학로],연극,2026.10.15,2026.10.18,1시간 10분,70.0,"목요일 ~ 금요일(19:30), 토요일(15:00,19:00), 일요일(15:00)",37.5836706,127.0003428,서울특별시 종로구 창경궁로 258-12 (명륜2가),열린극장,150.0,서울,종로구,1,2,1
PF301541,FC000001,FC000001-12,강지혜 피아노 독주회: 로베르트 슈만의 캐릭터피스,서양음악(클래식),2026.11.13,2026.11.13,1시간 45분,105.0,금요일(19:30),,,,,,,,,2,
PF301540,FC004296,FC004296-01,부산시립합창단 송년음악회: A Child of Our Time 우리 시대의 아이,서양음악(클래식),2026.12.03,2026.12.03,1시간 20분,80.0,목요일(19:30),35.1693728,129.0542532,부산광역시 부산진구 동평로 250 (연지동),콘서트홀,2011.0,부산,부산진구,4,2,3
PF301538,FC000227,FC000227-01,3학년 10반 [대학로],연극,2026.10.30,2026.11.21,1시간 40분,100.0,"화요일 ~ 금요일(19:30), 토요일 ~ 일요일(14:00,18:00)",,,,,,,,,2,
PF301525,FC000167,FC000167-04,강소연 바이올린 독주회: Time in Tango [부산],서양음악(클래식),2026.10.24,2026.10.24,1시간 20분,80.0,토요일(17:00),,,,,,,,,2,
PF301524,FC001415,FC001415-02,"대전시립연정국악단, 토요국악 (10.24)",한국음악(국악),2026.10.24,2026.10.24,1시간,60.0,토요일(14:00),,,,,,,,,2,
PF301523,FC002035,FC002035-01,보라미유 단독 콘서트: 눈부신 계절을 달려,대중음악,2026.10.10,2026.10.11,2시간,120.0,"토요일(18:00), 일요일(17:00)",,,,,,,,,3,
PF301522,FC000020,FC000020-03,에너미,연극,2026.10.26,2026.11.14,1시간 45분,105.0,"월요일(19:30), 수요일 ~ 목요일(19:30), 금요일(15:00,19:30), 토요일 ~ 일요일(15:00)",,,,,,,,,2,
PF301521,FC004469,FC004469-02,"어린이 참여공연, 아빠와 난 초등1학년 [부산]",연극,2026.11.13,2026.11.14,1시간 10분,70.0,"금요일(19:30), 토요일(11:00,14:00,16:30)",35.102094,128.903987,부산광역시 강서구 명지국제1로 141 (명지동),앙상블극장,292.0,부산,강서구,1,2,1
PF301516,FC004821,FC004821-01,"DKB FAN-CON, BF: Besties Forever",대중음악,2026.10.24,2026.10.24,2시간,120.0,"토요일(13:00,17:00)",37.576167,126.889217,서울특별시 마포구 상암산로 34 (상암동),큐브컨벤션센터(CCC),0.0,서울,마포구,,3,
PF301515,FC004778,FC004778-01,판소리 레미제라블: 구구선 사람들 [칠곡],한국음악(국악),2026.10.10,2026.10.10,1시간 30분,90.0,토요일(16:00),36.015599,128.404399,경상북도 칠곡군 석적읍 강변대로 1570,공연장,239.0,경북,칠곡군,1,2,1
PF301512,FC000020,FC000020-02,제10회 클로리스 피아노 트리오 정기연주회,서양음악(클래식),2026.11.04,2026.11.04,1시간 30분,90.0,수요일(19:30),,,,,,,,,2,
PF301504,FC003580,FC003580-01,"제2회 휴서사 창작 연극제, 호명 [의정부]",연극,2026.10.23,2026.10.25,1시간,60.0,"금요일(19:30), 토요일 ~ 일요일(14:00,18:00)",,,,,,,,,2,
PF301502,FC000819,FC000819-2,이은결 30주년: ONE OF ONE [고양],서커스/마술,2026.12.24,2026.12.26,2시간,120.0,"목요일(19:30), 토요일(14:00,18:30), HOL(14:00,18:30)",,,,,,,,,3,
PF301501,FC000205,FC000205-01,MAX CHANGMIN LIVE SESSION: RESONANCE in SEOUL,대중음악,2026.11.06,2026.11.08, ,,"금요일(19:00), 토요일(18:00), 일요일(17:00)",,,,,,,,,,
PF301499,FC001247,FC001247-01,조용필 & 위대한 탄생 전국투어 콘서트 [서울],대중음악,2026.11.27,2026.11.29,2시간 10분,130.0,"금요일(19:00), 토요일(18:00), 일요일(17:00)",,,,,,,,,3,
PF301491,FC003417,FC003417-01,제9회 스완스발레단 정기공연: 레 실피드 & 나폴리,무용(서양/한국무용),2026.10.18,2026.10.18,1시간 20분,80.0,일요일(17:00),37.6057568,126.9678907,서울특별시 종로구 평창문화로 70 (평창동),도암홀,1083.0,서울,종로구,4,2,3
PF301490,FC000122,FC000122-01,고고다이노 곤충탐험대 [부천],뮤지컬,2026.11.21,2026.11.21,1시간 10분,70.0,"토요일(11:00,14:00,16:30)",37.4886325,126.7706582,경기도 부천시 원미구 부일로 365 (중동),대공연장,1041.0,경기,부천시,4,2,3
PF301487,FC000567,FC000567-01,아기돼지 삼형제: 늑대숲 또옹돼지 원정대 [서울 강북],뮤지컬,2026.11.07,2026.11.08,55분,55.0,"토요일 ~ 일요일(11:00,14:00,16:30)",37.6214312,127.0406246,서울특별시 강북구 월계로 173 (번동),퍼포먼스홀,283.0,서울,강북구,1,1,1
PF301486,FC000885,FC000885-03,라이어 [창원],연극,2026.12.09,2026.12.13,1시간 40분,100.0,"수요일 ~ 금요일(19:30), 토요일(13:00,16:00,19:00), 일요일(13:00,16:00)",,,,,,,,,2,
PF301479,FC000328,FC000328-01,지하침공!,대중음악,2026.10.15,2026.10.15,2시간 30분,150.0,목요일(20:00),37.550925,126.92114200000005,서울특별시 마포구 어울마당로 65 (서교동),KT&G 상상마당 라이브홀 [마포] ,150.0,서울,마포구,1,3,2
PF301478,FC003580,FC003580-01,"제2회 휴서사 창작연극제, 졸작: 시발 (벨레편) [의정부]",연극,2026.10.28,2026.10.29,1시간,60.0,수요일 ~ 목요일(19:30),,,,,,,,,2,
PF301477,FC000491,FC000491-01,조항조 전국투어 콘서트: 생각 [목포],대중음악,2026.11.29,2026.11.29,2시간,120.0,일요일(18:00),34.8122752,126.43679280000003,전남광주통합특별시 목포시 부주로 312 (옥암동),대공연장,1207.0,전남광주,목포시,4,3,3
PF301475,FC001415,FC001415-02,제3회 조이에끌라 정기 연주회 [대전],서양음악(클래식),2026.10.11,2026.10.11,1시간 30분,90.0,일요일(17:00),,,,,,,,,2,
PF301473,FC001556,FC001556-01,테너 김민석 리사이틀: Love & Destiny,서양음악(클래식),2026.10.11,2026.10.11,1시간 40분,100.0,일요일(15:00),37.564089,126.93898089999992,서울특별시 서대문구 연세로 50 (신촌동) 연세대학교 백양누리 B1 금호아트홀 연세,금호아트홀 연세,390.0,서울,서대문구,2,2,2
PF301471,FC000828,FC000828-01,라흐마니노프 [부산],뮤지컬,2026.10.17,2026.10.17,1시간 30분,90.0,"토요일(15:00,19:00)",35.0753352,129.06601109999997,부산광역시 영도구 함지로79번길 6 (동삼동),대공연장(봉래홀),428.0,부산,영도구,2,2,2
PF301470,FC001823,FC001823-01,PARK JINYOUNG 1ST CONCERT TOUR: CODE# [서울],대중음악,2026.11.07,2026.11.08,2시간,120.0,"토요일(18:00), 일요일(16:00)",37.5581719,127.0067176,서울특별시 중구 동호로 241 (장충동2가) ,장충체육관,4507.0,서울,중구,4,3,3
PF301469,FC004646,FC004646-01,BOUND RUSH vol.2,대중음악,2026.10.10,2026.10.10,4시간,240.0,토요일(17:00),,,,,,,,,4,
PF301468,FC004866,FC004866-01,미스 쥴리 (Miss Julie),연극,2026.10.01,2026.10.18,1시간 20분,80.0,"목요일 ~ 금요일(19:30), 토요일 ~ 일요일(16:00)",37.594726,127.013755,서울특별시 성북구 동소문로15길 49 (동소문동6가),소극장 성북오름,101.0,서울,성북구,1,2,1
PF301466,FC003580,FC003580-01,"제2회 휴서사 창작연극제, VENOMOUS [의정부]",연극,2026.10.31,2026.11.01,1시간 10분,70.0,"토요일 ~ 일요일(14:00,18:00)",,,,,,,,,2,
PF301464,FC002639,FC002639-01,"MU&A 스튜디오 기획 시리즈, 피아니스트 노예진 리사이틀",서양음악(클래식),2026.09.29,2026.09.29,1시간 10분,70.0,화요일(19:30),37.4843791,126.9802816,"서울특별시 동작구 사당로 300 (사당동, 이수자이)",뮤직앤아트스튜디오,20.0,서울,동작구,1,2,1
PF301463,FC000017,FC000017-02,"GGAC CLASSIC 경기청년예술기회무대, 서양음악 [수원]",서양음악(클래식),2026.10.15,2026.10.25,1시간 40분,100.0,"목요일 ~ 금요일(19:30), 토요일 ~ 일요일(16:00)",37.2618899,127.0374319,경기도 수원시 팔달구 효원로307번길 20 (인계동) 경기도문화의전당,소극장,502.0,경기,수원시,3,2,2
PF301462,FC002127,FC002127-01,"idol wave, THE Starlight Orbit: UNIFORM (10.01)",대중음악,2026.10.01,2026.10.01,3시간 30분,210.0,목요일(19:00),,,,,,,,,4,
PF301461,FC000567,FC000567-02,임호열 피아노 독주회,서양음악(클래식),2026.10.01,2026.10.01,1시간 30분,90.0,목요일(19:30),37.6214312,127.0406246,서울특별시 강북구 월계로 173 (번동),콘서트홀,301.0,서울,강북구,2,2,2
PF301460,FC002785,FC002785-01,ONE HOUR [부산] (10월),대중음악,2026.10.09,2026.10.30,1시간,60.0,금요일(19:00),,,,,,,,,2,
PF301459,FC004646,FC004646-01,HANIL FES PREMIUM (10.11),대중음악,2026.10.11,2026.10.11,4시간,240.0,일요일(17:20),,,,,,,,,4,
PF301458,FC003861,FC003861-01,인디 스티빈 더블베이스 리사이틀: 인디 스티빈 & 예우니아 신포니에타,서양음악(클래식),2026.12.27,2026.12.27,1시간 30분,90.0,일요일(13:00),37.4831337,127.0103014,서울특별시 서초구 남부순환로317길 79 (서초동),콘서트홀,209.0,서울,서초구,1,2,1
PF301457,FC000287,FC000287-01,모차르트의 마법 바이올린 [대구],서양음악(클래식),2026.10.05,2026.10.05,55분,55.0,"월요일(14:00,16:00)",,,,,,,,,1,
PF301456,FC000491,FC000491-01,소향 X 김기태 THE GREATEST: 전율 [목포],대중음악,2026.11.28,2026.11.28,2시간,120.0,토요일(18:00),34.8122752,126.43679280000003,전남광주통합특별시 목포시 부주로 312 (옥암동),대공연장,1207.0,전남광주,목포시,4,3,3
PF301455,FC004204,FC004204-01,"토요 클래식의 밤, 해설이 있는 클래식: 환상 Fantasie 구조부터 화려함까지",서양음악(클래식),2026.10.10,2026.10.10,1시간,60.0,토요일(19:00),37.5570634,126.9042133,서울특별시 마포구 망원로 66 (망원동),콘서트홀 나누,50.0,서울,마포구,1,2,1
PF301454,FC004044,FC004044-01,"명곡 팝, 재즈로 다시 듣다 [부산]",대중음악,2026.10.10,2026.10.10,1시간 10분,70.0,토요일(15:00),35.1688692,129.0361856,부산광역시 부산진구 당감서로94번길 8 (부암동),공연장,100.0,부산,부산진구,1,2,1
PF301452,FC000017,FC000017-02,"대한민국 피아노페스티벌, 피아노페스티벌 영 아티스트 콘서트 [수원]",서양음악(클래식),2026.10.07,2026.10.07,1시간 20분,80.0,수요일(19:30),37.2618899,127.0374319,경기도 수원시 팔달구 효원로307번길 20 (인계동) 경기도문화의전당,소극장,502.0,경기,수원시,3,2,2
PF301451,FC001485,FC001485-01,"제1302회 서초금요음악회, 쇼 (Show) & 보이스 (Voice)",뮤지컬,2026.10.02,2026.10.02,1시간 10분,70.0,금요일(19:00),37.48181,127.03574389999994,서울특별시 서초구 강남대로 201 (양재동) 서초구민회관,아트홀(대강당),690.0,서울,서초구,3,2,2
PF301450,FC001366,FC001366-04,GUMMY Tour Concert: LOVE [대구],대중음악,2026.12.19,2026.12.20,2시간,120.0,"토요일(18:00), 일요일(15:00)",,,,,,,,,3,
PF301448,FC004204,FC004204-01,"일요, 마티네 콘서트: 바흐 리스트 라벨, 피아니스트 고은진",서양음악(클래식),2026.10.11,2026.10.11,1시간,60.0,일요일(17:00),37.5570634,126.9042133,서울특별시 마포구 망원로 66 (망원동),콘서트홀 나누,50.0,서울,마포구,1,2,1
PF301447,FC000819,FC000819-2,메탈카드봇W [고양],뮤지컬,2026.11.28,2026.11.29,1시간 15분,75.0,"토요일 ~ 일요일(11:00,14:00,16:30)",,,,,,,,,2,
PF301446,FC001513,FC001513-01,더 베스트 오브 라흐마니노프 with 일리야 라쉬코프스키 & 세르게이 타라소프,서양음악(클래식),2026.12.11,2026.12.11,2시간 30분,150.0,금요일(19:30),37.5130605,127.10349500000008,서울특별시 송파구 올림픽로 300 (신천동) 롯데월드몰 8층 롯데문화재단,롯데콘서트홀,2036.0,서울,송파구,4,3,3
PF301445,FC001787,FC001787-01,"콘서트 오페라, 라 보엠 [강릉]",서양음악(클래식),2026.10.13,2026.10.13,1시간 30분,90.0,화요일(19:30),37.7716846,128.895305,강원도 강릉시 종합운동장길 84 (교동),사임당홀 (대공연장) ,972.0,강원,강릉시,3,2,2
PF301444,FC000233,FC000233-01,GUMMY Tour Concert : LOVE [전남광주],대중음악,2026.12.25,2026.12.26,2시간,120.0,"HOL(19:30), 토요일(18:00)",,,,,,,,,3,
PF301443,FC001556,FC001556-01,이준우 색소폰 독주회,서양음악(클래식),2026.10.23,2026.10.23,1시간 40분,100.0,금요일(19:30),37.564089,126.93898089999992,서울특별시 서대문구 연세로 50 (신촌동) 연세대학교 백양누리 B1 금호아트홀 연세,금호아트홀 연세,390.0,서울,서대문구,2,2,2
PF301426,FC004646,FC004646-01,"The BOUND, кө¬м ңмқјкё° ж•‘жёҲж—ҘиЁҳ in Korea",лҢҖмӨ‘мқҢм•…,2026.10.11,2026.10.11,4мӢңк°„,,мқјмҡ”мқј(11:30),,,,,,,,,,
PF301425,FC000073,FC000073-01,PM Kenobi (피엠 케노비) Live [서울],대중음악,2026.11.28,2026.11.28,1시간 30분,90.0,토요일(19:00),37.5484417,126.9201058,서울특별시 마포구 어울마당로 35 (서교동) 지하 1층,롤링홀,200.0,서울,마포구,1,2,1
PF301407,FC000406,FC000406-01,어린이 벌룬쇼: 상상풍선마술단 [김해],서커스/마술,2026.10.18,2026.10.18,45분,45.0,"일요일(11:00,14:00,16:00)",,,,,,,,,1,
PF301406,FC001629,FC001629-01,"씨에노 기획연주회, 음악과 철학: 사유의 울림",서양음악(클래식),2026.10.19,2026.10.19,1시간 40분,100.0,월요일 ~ 화요일(19:30),37.5372055,127.00552319999996,서울특별시 용산구 한남대로 98 (한남동),일신홀,189.0,서울,용산구,1,2,1
PF301402,FC004757,FC004757-01,"내곁에, 클래식: 멘델스존과 비제 [제주]",서양음악(클래식),2026.10.31,2026.10.31,1시간,60.0,"토요일(17:30,19:30)",33.47029,126.381111,제주특별자치도 제주시 애월읍 엄수로 63,애월뮤직팩토리,100.0,제주,제주시,1,2,1
PF301400,FC000168,FC000168-01,"에코스테이지크루 정기연주회: 싱잉볼, 낙원으로",서양음악(클래식),2026.10.25,2026.10.25,1시간 30분,90.0,일요일(15:00),37.497839,127.04429789999996,서울특별시 강남구 언주로 337 (역삼동),예림당아트홀,468.0,서울,강남구,2,2,2
PF301392,FC000001,FC000001-02,김영준 바이올린 독주회,서양음악(클래식),2026.11.14,2026.11.14,1시간 30분,90.0,토요일(20:00),,,,,,,,,2,
PF301389,FC001125,FC001125-01,"창작ing: 꼭두각, 시간놀음",복합,2026.10.22,2026.10.28,1시간 10분,70.0,"월요일 ~ 금요일(19:30), 일요일(14:00,18:30)",37.5667701,126.97608230000004,서울특별시 중구 세종대로19길 16 (정동),국립정동극장 세실 (구.세실극장),234.0,서울,중구,1,2,1
PF301387,FC000030,FC000030-01,"국립남도국악원 토요상설: 국악이 좋다, 남사당놀이 초청공연: 언제까지 꼭두각시놀음만 할 건데!",한국음악(국악),2026.10.24,2026.10.24,1시간 20분,80.0,토요일(15:00),34.3849048,126.22479020000004,전남광주통합특별시 진도군 임회면 진도대로 3818,진악당,520.0,전남광주,진도군,3,2,2
PF301386,FC001860,FC001860-01,"수림 뉴 웨이브, 이나연: 귀류",한국음악(국악),2026.11.05,2026.11.05,1시간 15분,75.0,목요일(19:30),37.5905713,127.0429186,서울특별시 동대문구 홍릉로 118 (청량리동),SPACE 1(다목적홀),140.0,서울,동대문구,1,2,1
PF301385,FC000030,FC000030-01,"국립남도국악원 토요상설: 국악이 좋다, 국립남도국악원 국악연주단: 국악의 향연",한국음악(국악),2026.10.17,2026.10.17,1시간 20분,80.0,토요일(15:00),34.3849048,126.22479020000004,전남광주통합특별시 진도군 임회면 진도대로 3818,진악당,520.0,전남광주,진도군,3,2,2
PF301384,FC001299,FC001299-01,"타키포오, 몬스터 전쟁의 서막: 더 좀비 [의정부]",뮤지컬,2026.12.19,2026.12.20,1시간 5분,65.0,"토요일(11:00,14:00,16:00), 일요일(11:00,14:00)",37.7094314,127.0450303,경기도 의정부시 호암로 95 (호원동),대강당,600.0,경기,의정부시,3,2,2
PF301383,FC001179,FC001179-01,"안애순 컴퍼니, 춤이 말하다: 문소리 x 리아킴 [울주]",무용(서양/한국무용),2026.10.24,2026.10.24,1시간 10분,70.0,토요일(17:00),35.5644423,129.23207939999998,울산광역시 울주군 범서읍 천상중앙길 36,그린나래홀 (공연장) ,387.0,울산,울주군,2,2,2
PF301382,FC000084,FC000084-01,"북구와 함께하는 예술의전당 SAC on Screen, 피노키오 [울산] (영상화)",연극,2026.10.20,2026.10.20,1시간 34분,94.0,화요일(19:30),,,,,,,,,2,
PF301381,FC004809,FC004809-01,한국장단음악축제: 장단유희 (1일차),한국음악(국악),2026.10.10,2026.10.10,2시간,120.0,토요일(19:00),,,,,,,,,3,
PF301380,FC000009,FC000009-04,평남수건춤보존회 정기공연: 舞響,무용(서양/한국무용),2026.10.04,2026.10.04,1시간 30분,90.0,일요일(18:00),,,,,,,,,2,
PF301379,FC000238,FC000238-01,소리로 그린 양산 12경 [양산],서양음악(클래식),2026.10.17,2026.10.17,1시간,60.0,"토요일(14:00,17:00)",35.3336224,129.03692249999995,경상남도 양산시 중앙로 39-1 (남부동),대공연장,796.0,경남,양산시,3,2,2
PF301376,FC000019,FC000019-01,11월의 크리스마스 콘서트: 로열 콘세르트헤바우 오케스트라 브라스 앙상블 [의정부],서양음악(클래식),2026.11.27,2026.11.27,1시간 30분,90.0,금요일(19:30),37.7334125,127.03436779999991,경기도 의정부시 의정로 1 (의정부동),대극장,1025.0,경기,의정부시,4,2,3
PF301375,FC000433,FC000433-01,수험생콘서트: 자이언티x소코도모 [세종],대중음악,2026.11.21,2026.11.21,1시간 30분,90.0,토요일(17:00),,,,,,,,,2,
PF301374,FC001193,FC001193-01,제529회 대구시립교향악단 정기연주회: 월드오케스트라페스티벌,서양음악(클래식),2026.10.16,2026.10.16,1시간 20분,80.0,금요일(19:30),,,,,,,,,2,
PF301373,FC003915,FC003915-01,LEE JI MIN FAN CONCERT: Our First Page,대중음악,2026.10.10,2026.10.10,1시간 40분,100.0,"토요일(14:00,18:00)",37.5531403,126.9222208,서울특별시 마포구 어울마당로 94-8 (서교동),온맘씨어터,100.0,서울,마포구,1,2,1
PF301371,FC000345,FC000345-01,구름빵 [강릉],뮤지컬,2026.10.09,2026.10.09,50분,50.0,금요일(14:00),37.7485741,128.89493370000002,강원도 강릉시 단오장길 1 (노암동),공연장,453.0,강원,강릉시,2,1,1
PF301370,FC000110,FC000110-01,"제6회 광주시심포니오케스트라 정기연주회, 오페라 여행: 춘향 & 피가로 [경기 광주]",서양음악(클래식),2026.10.17,2026.10.17,1시간 10분,70.0,토요일(18:00),,,,,,,,,2,
PF301369,FC003150,FC003150-02,"테너 김우경 & 소프라노 여지영 듀오 리사이틀: 노래가 흐르고, 영화가 펼쳐진다 [부천]",서양음악(클래식),2026.10.24,2026.10.24,1시간 20분,80.0,토요일(17:00),,,,,,,,,2,
PF301368,FC000001,FC000001-04,화이트 래빗 레드 래빗 (WHITE RABBIT RED RABBIT),연극,2026.09.29,2026.10.16,1시간 20분,80.0,"화요일(19:30), 수요일(15:00,19:30), 목요일 ~ 금요일(19:30), 토요일 ~ 일요일(15:00,19:30), HOL(15:00,19:30)",,,,,,,,,2,
PF301367,FC001167,FC001167-02,"세종국악관현악단의 한낮의 음악회: 여음 Ⅳ. 세종, 나랏말싸미 음악이 되다 [군포]",한국음악(국악),2026.10.22,2026.10.22,1시간 10분,70.0,목요일(11:00),37.3661695,126.92759120000004,경기도 군포시 고산로 599 (산본동),철쭉홀,428.0,경기,군포시,2,2,2
PF301365,FC000009,FC000009-02,금합자보 (琴合字譜),한국음악(국악),2026.10.04,2026.10.04,1시간 30분,90.0,일요일(19:30),,,,,,,,,2,
PF301364,FC001264,FC001264-01,겨울왕국 [서울 노원],뮤지컬,2026.11.28,2026.11.28,55분,55.0,"토요일(11:00,14:00,16:00)",37.6389549,127.0663326,서울특별시 노원구 동일로 1229 (중계동),공연장,679.0,서울,노원구,3,1,2
PF301362,FC000491,FC000491-02,빨간코 루돌프와 산타클로스 [목포],뮤지컬,2026.12.25,2026.12.25,55분,55.0,"금요일(11:00,13:00,15:00)",34.8122752,126.43679280000003,전남광주통합특별시 목포시 부주로 312 (옥암동),소공연장,400.0,전남광주,목포시,2,1,1
PF301361,FC001091,FC001091-02,"필경사, 박들비 [대학로]",연극,2026.10.27,2026.11.01,1시간 30분,90.0,"화요일 ~ 금요일(19:30), 토요일 ~ 일요일(15:00)",37.5829439,127.00262709999993,서울특별시 종로구 대학로8가길 52 (동숭동),2관(5층 구 JK아트홀),130.0,서울,종로구,1,2,1
PF301359,FC000001,FC000001-05,코리안챔버오케스트라 콘트라스트 시리즈 5,서양음악(클래식),2026.10.22,2026.10.22,1시간 50분,110.0,목요일(19:30),,,,,,,,,2,
PF301355,FC001793,FC001793-01,Kep1er FAN-CON TOUR: RSVP: Respond our code,대중음악,2026.11.07,2026.11.08,2시간,120.0,"토요일(18:00), 일요일(17:00)",37.5620902,126.9380569,서울특별시 서대문구 연세로 50 (신촌동),콘서트홀,829.0,서울,서대문구,3,3,3
PF301354,FC001370,FC001370-01,서울챔버앙상블 기획콘서트: 음악의 혁명,서양음악(클래식),2026.10.30,2026.10.30,1시간 40분,100.0,금요일(19:30),,,,,,,,,2,
PF301353,FC001415,FC001415-02,"대전시립교향악단, DPO 클로즈업 2",서양음악(클래식),2026.10.07,2026.10.07,1시간 15분,75.0,수요일(19:30),,,,,,,,,2,
PF301352,FC003951,FC003951-01,"월간연주자, 피아니스트 김유빈 (10월)",서양음악(클래식),2026.10.03,2026.10.03,1시간 40분,100.0,토요일(16:00),37.5205582,127.0551411,"서울특별시 강남구 영동대로131길 14 (청담동, 청담동테라스)",공연장 (B1) ,0.0,서울,강남구,,2,
PF301351,FC000233,FC000233-01,시네마 ost 콘서트: 그 추억 그 순간 속으로 [광주],서양음악(클래식),2026.10.16,2026.10.16,2시간,120.0,금요일(19:30),,,,,,,,,3,
PF301350,FC001359,FC001359-01,루돌프의 크리스마스선물 [파주],뮤지컬,2026.12.06,2026.12.06,55분,55.0,"일요일(14:00,16:00,18:30)",37.724262,126.751094,경기도 파주시 와석순환로 415 (와동동),공연장,536.0,경기,파주시,3,1,2
PF301349,FC003195,FC003195-01,사라진 소리의 흔적,서양음악(클래식),2026.10.08,2026.10.08,1시간 30분,90.0,목요일(19:30),37.5195101,127.019106,서울특별시 강남구 강남대로 652(신사동),거암아트홀,144.0,서울,강남구,1,2,1
PF301348,FC000068,FC000068-01,산타클로스와 브레멘음악대 [광주],뮤지컬,2026.12.05,2026.12.06,1시간,60.0,"토요일 ~ 일요일(11:00,14:00,16:00)",35.1481359,126.90864540000008,전남광주통합특별시 남구 천변좌로338번길 7 (구동),공연장,715.0,전남광주,남구,3,2,2
PF301347,FC002857,FC002857-01,루돌프와 산타클로스 [광명],뮤지컬,2026.12.05,2026.12.05,55분,55.0,"토요일(14:00,16:00,18:30)",37.4667641,126.8699008,경기도 광명시 철망산로 2(하안동),광명문화예술교육지원센터 광명극장,480.0,경기,광명시,2,1,1
PF301346,FC000001,FC000001-05,제16회 건우회 정기연주회: Beethoven Symphony,서양음악(클래식),2026.11.29,2026.11.29,1시간 30분,90.0,일요일(14:00),,,,,,,,,2,
PF301335,FC004469,FC004469-02,"NAC 문화예술교육 공연 및 체험, 악기체험 클클클 Ⅳ. 도레미 [부산]",서양음악(클래식),2026.10.17,2026.10.17,1시간,60.0,토요일(16:00),35.102094,128.903987,부산광역시 강서구 명지국제1로 141 (명지동),앙상블극장,292.0,부산,강서구,1,2,1
PF301332,FC001910,FC001910-04,김건모. 35TH ANNIVERSARY LIVE TOUR [고양],대중음악,2026.12.26,2026.12.26,2시간,120.0,토요일(17:00),37.6693071,126.74568449999992,경기도 고양시 일산서구 킨텍스로 217-60 (대화동),제2전시장 9홀,0.0,경기,고양시,,3,
PF301331,FC001306,FC001306-01,빛고을심포니오케스트라 초연 창작 공연: 우리동네를 노래하다,서양음악(클래식),2026.10.13,2026.10.13,1시간,60.0,화요일(19:30),35.1221068,126.90795789999991,전남광주통합특별시 남구 봉선로 208 (봉선동),공연장,402.0,전남광주,남구,2,2,2
PF301330,FC001848,FC001848-01,김솔아 콰르텟: Falling in Jazz (Guest 이진아),대중음악,2026.10.24,2026.10.24,1시간 30분,90.0,토요일(17:00),,,,,,,,,2,
PF301329,FC003150,FC003150-02,성덕현 클라리넷 독주회 [부천],서양음악(클래식),2026.10.15,2026.10.15,1시간 30분,90.0,목요일(19:30),,,,,,,,,2,
PF301327,FC001170,FC001170-01,"블랙박스 뮤G컬 작품의 단조: 아라, 바다를 속인 여자 [김해]",뮤지컬,2026.11.13,2026.11.13,1시간 10분,70.0,금요일(19:30),,,,,,,,,2,
PF301326,FC001975,FC001975-01,"TONE Studio Stay-easy, 최제니",대중음악,2026.10.10,2026.10.10,50분,50.0,토요일(16:00),,,,,,,,,1,
PF301325,FC000384,FC000384-01,카운터테너 최성훈 리사이틀 Avec: The Baroque,서양음악(클래식),2026.11.08,2026.11.08,1시간 30분,90.0,일요일(15:00),,,,,,,,,2,
PF301324,FC002035,FC002035-01,"먼데이프로젝트 시즌9, 사공 단독 콘서트: 도피자",대중음악,2026.10.19,2026.10.19,1시간 30분,90.0,월요일(20:00),,,,,,,,,2,
PF301283,FC000328,FC000328-01,적란운 presents: The Curtain Rises vol.2,대중음악,2026.10.17,2026.10.17,1시간 40분,100.0,토요일(19:00),37.550925,126.92114200000005,서울특별시 마포구 어울마당로 65 (서교동),KT&G 상상마당 라이브홀 [마포] ,150.0,서울,마포구,1,2,1
PF301282,FC004816,FC004816-01,곁에두는음악 Series 28. 김보금 클래식 기타 콘서트: 기타로 떠나는 낭만 세계여행,서양음악(클래식),2026.10.02,2026.10.02,1시간 10분,70.0,금요일(20:00),37.470973,127.040876,"서울특별시 서초구 언남길 15-13 (양재동, 파크하우스)",음악의집,0.0,서울,서초구,,2,
PF301281,FC003016,FC003016-01,D-Hack 콘서트: 디핵과 별빛 연맹 1.5,대중음악,2026.10.17,2026.10.17,2시간,120.0,토요일(17:00),37.511907,126.893168,서울특별시 영등포구 경인로 715(문래동2가),공연장,30.0,서울,영등포구,1,3,2
PF301277,FC001757,FC001757-01,"제23회 호러와 함께 대구국제힐링공연예술제, 북경반점",연극,2026.10.14,2026.10.18,1시간 20분,80.0,"수요일 ~ 금요일(19:30), 토요일(18:00), 일요일(15:00,18:00)",35.8567725,128.5788623999999,대구광역시 남구 성당로60길 90 (대명동),빈티지소극장,80.0,대구,남구,1,2,1
PF301276,FC000174,FC000174-04,GUMMY Tour Concert: LOVE [대전],대중음악,2026.12.05,2026.12.06,2시간,120.0,"토요일(18:00), 일요일(15:00)",,,,,,,,,3,
PF301275,FC001256,FC001256-01,설보 [포항],뮤지컬,2026.10.16,2026.10.17,1시간 30분,90.0,"금요일(19:30), 토요일(15:00)",36.0191816,129.3432983,경상북도 포항시 남구 시청로 1 (대잠동),포항시청 대잠홀,597.0,경북,포항시,3,2,2
PF301274,FC000200,FC000200-01,동물원은 살아있다 [대구],연극,2026.11.13,2026.11.14,1시간 20분,80.0,"금요일(19:30), 토요일(15:00,19:00)",35.8631367,128.59656180000002,대구광역시 중구 봉산문화길 77 (봉산동),가온홀,424.0,대구,중구,2,2,2
PF301273,FC000823,FC000823-01,메리크리스마스 산타할아버지 [용인],뮤지컬,2026.12.05,2026.12.06,55분,55.0,"토요일 ~ 일요일(11:00,14:00,16:30)",37.2317133,127.19885390000002,경기도 용인시 처인구 중부대로1392번길 15 (김량장동),처인홀,626.0,경기,용인시,3,1,2
PF301272,FC000019,FC000019-01,3DIVA CONCERT [의정부],뮤지컬,2026.12.19,2026.12.19,1시간 30분,90.0,토요일(15:00),37.7334125,127.03436779999991,경기도 의정부시 의정로 1 (의정부동),대극장,1025.0,경기,의정부시,4,2,3
PF301271,FC001178,FC001178-01,"어울아트센터 명작시리즈 Ⅴ, 시인과 촌장 45주년 기념 콘서트 [대구]",대중음악,2026.10.31,2026.10.31,1시간 20분,80.0,토요일(17:00),35.9351297,128.54623719999995,대구광역시 북구 구암로 47 (관음동),함지홀(대공연장),425.0,대구,북구,2,2,2
PF301270,FC000018,FC000018-03,헌법의 순간 [안산],연극,2026.10.08,2026.10.09,1시간 30분,90.0,"목요일(19:30), HOL(14:00)",,,,,,,,,2,
PF301269,FC000073,FC000073-01,김결 단독 콘서트: 술래잡기,대중음악,2026.10.17,2026.10.18,2시간,120.0,토요일 ~ 일요일(17:00),37.5484417,126.9201058,서울특별시 마포구 어울마당로 35 (서교동) 지하 1층,롤링홀,200.0,서울,마포구,1,3,2
PF301268,FC001675,FC001675-02,"영남의 전통예술, 밀양이 잇다 Ⅲ. 진주검무 겨루기",무용(서양/한국무용),2026.10.14,2026.10.14,1시간 10분,70.0,수요일(19:30),35.5036034,128.7583247,경상남도 밀양시 밀양대공원로 112 (교동),소공연장,236.0,경남,밀양시,1,2,1
PF301267,FC005066,FC005066-02,마티네콘서트: 클래식 아틀리에 [시흥],서양음악(클래식),2026.10.22,2026.10.22,1시간,60.0,목요일(11:00),37.369613,126.72345,경기도 시흥시 서울대학로 255 (배곧동),소공연장,301.0,경기,시흥시,2,2,2
PF301266,FC000001,FC000001-03,리처드 용재 오닐: 바흐 소사이어티 [서울],서양음악(클래식),2026.12.23,2026.12.23,1시간 30분,90.0,수요일(19:30),,,,,,,,,2,
PF301265,FC003855,FC003855-01,WOOAH FAN CONCERT: WXW: WICKED,대중음악,2026.10.03,2026.10.03,1시간 30분,90.0,"토요일(13:00,18:00)",37.5069406,126.8835704,서울특별시 구로구 경인로 611-17 (신도림동),공연장 (B1) ,232.0,서울,구로구,1,2,1
PF301262,FC004136,FC004136-01,에스메 콰르텟 정규 3집 발매 기념 살롱 콘서트: 누이,서양음악(클래식),2026.10.09,2026.10.09,1시간 10분,70.0,금요일(17:00),,,,,,,,,2,
PF301260,FC000183,FC000183-01,"DSAC 아트 페스티벌, 달서 춤 향연: 무 (儛) , 삶을 잇고 가을을 물들이다",무용(서양/한국무용),2026.10.14,2026.10.14,1시간,60.0,수요일(19:30),35.84337790000001,128.52284439999994,대구광역시 달서구 문화회관길 160 (장기동),청룡홀,455.0,대구,달서구,2,2,2
PF301259,FC001908,FC001908-01,LUCY 9TH CONCERT: ISLAND [서울 (앵콜) ],대중음악,2026.10.23,2026.10.25,2시간 10분,130.0,"금요일(19:00), 토요일(18:00), 일요일(16:00)",,,,,,,,,3,
PF301258,FC003151,FC003151-01,"어린이 벌룬쇼, 상상 풍선 마술단 [청주]",서커스/마술,2026.10.03,2026.10.03,45분,45.0,"토요일(11:00,14:00,16:00)",36.6561955,127.4923824,충청북도 청주시 청원구 상당로 314(내덕동),청주한국공예관 공연장,300.0,충북,청주시,2,1,1
PF301256,FC001208,FC001208-02,내게 빛나는 모든 것 [대학로],연극,2026.10.17,2026.11.08,1시간 30분,90.0,"화요일 ~ 금요일(20:00), 토요일 ~ 일요일(15:00,18:00)",37.5769696,127.00203310000006,서울특별시 종로구 대학로 57 (연건동),소극장,150.0,서울,종로구,1,2,1
PF301255,FC001561,FC001561-01,미녀와 야수 [구미],뮤지컬,2026.11.07,2026.12.06,50분,50.0,"토요일 ~ 일요일(12:00,14:00)",,,,,,,,,1,
PF301254,FC003609,FC003609-01,나는 코다입니다 [서울 서대문],연극,2026.10.02,2026.10.03,1시간 25분,85.0,"금요일(19:30), 토요일(14:00)",37.5601124,126.9622821,서울특별시 서대문구 충정로 7 (충정로3가),모두예술극장,259.0,서울,서대문구,1,2,1
PF301253,FC000724,FC000724-01,더 보컬 [제주],대중음악,2026.12.19,2026.12.19,2시간 20분,140.0,토요일(16:00),33.4762933,126.47489870000004,제주특별자치도 제주시 한라대학로 38 (노형동),대극장,831.0,제주,제주시,3,3,3
PF301252,FC000016,FC000016-03,김종미 & 윤다정 피아노 듀오 리사이틀: Operas and Dances on the Keyboard [성남],서양음악(클래식),2026.10.08,2026.10.08,1시간 40분,100.0,목요일(19:30),,,,,,,,,2,
PF301250,FC000001,FC000001-05,도슨트 이창용과 함께하는 아르츠 콘서트 시즌 2: 구스타프 클림트,서양음악(클래식),2026.12.06,2026.12.06,1시간 50분,110.0,일요일(14:00),,,,,,,,,2,
PF301249,FC000020,FC000020-02,염희선 피아노 독주회,서양음악(클래식),2026.10.13,2026.10.13,1시간 30분,90.0,화요일(19:30),,,,,,,,,2,
PF301247,FC000216,FC000216-01,"소리의 서재, 파우스트 [인천 부평]",서양음악(클래식),2026.10.07,2026.10.07,1시간,60.0,수요일(20:00),37.4819229,126.7049151,인천광역시 부평구 아트센터로 166 (십정동),달누리극장,323.0,인천,부평구,2,2,2
PF301246,FC004866,FC004866-01,미스 줄리,연극,2026.10.01,2026.10.18,1시간 20분,80.0,"목요일 ~ 금요일(19:30), 토요일 ~ 일요일(16:00)",37.594726,127.013755,서울특별시 성북구 동소문로15길 49 (동소문동6가),소극장 성북오름,101.0,서울,성북구,1,2,1
PF301245,FC001629,FC001629-01,씨에노 10주년 정기연주회,서양음악(클래식),2026.10.20,2026.10.20,1시간 40분,100.0,화요일(19:30),37.5372055,127.00552319999996,서울특별시 용산구 한남대로 98 (한남동),일신홀,189.0,서울,용산구,1,2,1
PF301244,FC000934,FC000934-01,평택시문화재단 제작공연 시리즈 名作 4. 1970 정미소 연가 [평택],서양음악(클래식),2026.10.16,2026.10.17,2시간 10분,130.0,"금요일(19:30), 토요일(17:00)",36.9909219,127.11427630000004,경기도 평택시 중앙로 277 (비전동),대공연장,606.0,경기,평택시,3,3,3
PF301243,FC000447,FC000447-01,"꽃, 별이 지나 [군산]",연극,2026.10.16,2026.10.17,1시간 40분,100.0,"금요일(19:30), 토요일(15:00)",,,,,,,,,2,
PF301240,FC000196,FC000196-01,패밀리 콘서트: K-POP으로 만나는 클래식 [대구],서양음악(클래식),2026.10.31,2026.10.31,1시간 20분,80.0,토요일(17:00),35.8314679,128.57711470000004,대구광역시 남구 앞산순환로 478 (대명동),대덕문화전당,536.0,대구,남구,3,2,2
PF301239,FC005060,FC005060-01,진해아트홀 개관기념 축하공연 [창원 진해],서양음악(클래식),2026.10.01,2026.10.01,1시간 30분,90.0,목요일(19:30),35.131368,128.704735,경상남도 창원시 진해구 충장로 653 (풍호동),진해아트홀,600.0,경남,창원시,3,2,2
PF301238,FC000871,FC000871-02,호두까기인형 [안동],뮤지컬,2026.12.19,2026.12.19,1시간,60.0,"토요일(11:00,13:00,15:00)",36.5682946,128.72791099999995,경상북도 안동시 퇴계로 115 (명륜동),낙동홀(소공연장),414.0,경북,안동시,2,2,2
PF301237,FC004204,FC004204-01,제2회 메이에르 연주: 시간을 건너는 선율,서양음악(클래식),2026.10.09,2026.10.09,1시간,60.0,금요일(17:30),37.5570634,126.9042133,서울특별시 마포구 망원로 66 (망원동),콘서트홀 나누,50.0,서울,마포구,1,2,1
PF301236,FC004500,FC004500-01,"먼데이 프로젝트 시즌9, 세진 앨범 발매 기념 단독 콘서트: Episode with 미러볼 뮤직",대중음악,2026.10.06,2026.10.06,1시간 40분,100.0,화요일(20:00),,,,,,,,,2,
PF301235,FC001594,FC001594-01,"김수희 전국투어 콘서트: 우리 다시, 김수희 [창원]",대중음악,2026.11.22,2026.11.22,2시간,120.0,일요일(13:00),,,,,,,,,3,
PF301234,FC001247,FC001247-01,"로이킴 LIVE TOUR, R: O: Y in SEOUL",대중음악,2026.11.21,2026.11.22, ,,"토요일(18:00), 일요일(17:00)",,,,,,,,,,
PF301233,FC000019,FC000019-01,불편한 편의점 [의정부],연극,2026.11.21,2026.11.21,1시간 40분,100.0,토요일(15:00),37.7334125,127.03436779999991,경기도 의정부시 의정로 1 (의정부동),대극장,1025.0,경기,의정부시,4,2,3
PF301231,FC000233,FC000233-02,제205회 전남광주통합특별시립합창단 정기연주회: 가을의 서정 Ⅱ [전남 광주],서양음악(클래식),2026.10.16,2026.10.16,1시간 30분,90.0,금요일(19:30),,,,,,,,,2,
PF301230,FC000826,FC000826-01,"헬로!오페라, 마술피리",서양음악(클래식),2026.11.20,2026.11.21,2시간,120.0,"금요일(19:30), 토요일(17:00)",34.7498095,127.66498990000002,전남광주통합특별시 여수시 예울마루로 100 (시전동),대극장,1021.0,전남광주,여수시,4,3,3
PF301229,FC003913,FC003913-01,"All Day, JAZZ SHOW! (올데이, 재즈쇼!) : LaLaLand in Seoul (라라랜드 인 서울) (1부+2부)",대중음악,2026.10.04,2026.10.04,4시간,240.0,"일요일(14:00,19:00)",37.572217,126.9876446,서울특별시 종로구 삼일대로 428 (낙원동),이들스(2F),150.0,서울,종로구,1,4,2
PF301224,FC000009,FC000009-01,제18회 우리춤 대축제,무용(서양/한국무용),2026.09.29,2026.09.30,1시간 30분,90.0,화요일 ~ 수요일(19:30),,,,,,,,,2,
PF301223,FC003908,FC003908-01,한국대중음악 레전드 시리즈 Vol.1 신촌 Blues 콘서트 [진주],대중음악,2026.11.07,2026.11.07,1시간 30분,90.0,토요일(17:00),35.182892,128.0606254,경상남도 진주시 석갑로155번길 17-13 (신안동),문씨어터,0.0,경남,진주시,,2,
PF301221,FC000127,FC000127-03,이창섭 단독 콘서트: Unknown [고양],대중음악,2026.12.05,2026.12.06,2시간,120.0,"토요일(18:00), 일요일(17:00)",,,,,,,,,3,
PF301220,FC000328,FC000328-01,카키 내한공연 (Khaki ONE-MAN Live in Seoul),대중음악,2026.12.05,2026.12.05,1시간 30분,90.0,토요일(19:00),37.550925,126.92114200000005,서울특별시 마포구 어울마당로 65 (서교동),KT&G 상상마당 라이브홀 [마포] ,150.0,서울,마포구,1,2,1
PF301219,FC003861,FC003861-01,윤철희 피아노 리사이틀,서양음악(클래식),2026.09.29,2026.09.29,1시간 30분,90.0,화요일(19:30),37.4831337,127.0103014,서울특별시 서초구 남부순환로317길 79 (서초동),콘서트홀,209.0,서울,서초구,1,2,1
PF301218,FC003048,FC003048-01,"제4회 PLOT STAGE, 틱, 틱, 끼익",복합,2026.10.06,2026.10.08,1시간,60.0,"화요일 ~ 수요일(20:30), 목요일(20:00)",37.5576008,126.9381984,서울특별시 서대문구 연세로4길 27(창천동),극장 PLOT,100.0,서울,서대문구,1,2,1
PF301216,FC000095,FC000095-01,"하남문화재단 문화가 있는 날 #8: 가수 김사월, 외로워 말아요 눈물을 닦아요 [하남]",대중음악,2026.11.25,2026.11.25,1시간 20분,80.0,수요일(20:00),37.544736,127.20683669999994,경기도 하남시 신평로 125 (덕풍동),검단홀(대극장),911.0,경기,하남시,3,2,2
PF301215,FC000059,FC000059-01,"영등포아트홀 기획공연, The Earth: us",무용(서양/한국무용),2026.11.28,2026.11.29,1시간 10분,70.0,"토요일(18:00), 일요일(17:00)",37.526038,126.90008899999998,서울특별시 영등포구 국회대로 596 (당산동3가),영등포아트홀,526.0,서울,영등포구,3,2,2
PF301214,FC000469,FC000469-01,이창섭 단독 콘서트: Unknown [전주],대중음악,2026.11.14,2026.11.15,2시간,120.0,"토요일(18:00), 일요일(17:00)",35.84321,127.130056,전북특별자치도 전주시 덕진구 권삼득로 290 (금암동),대공연장,1493.0,전북,전주시,4,3,3
PF301213,FC000016,FC000016-01,쿤스트 페스티벌 [성남],서양음악(클래식),2026.10.31,2026.11.01,1시간 50분,110.0,토요일 ~ 일요일(19:00),,,,,,,,,2,
PF301212,FC004204,FC004204-01,Ensemble SYNC,서양음악(클래식),2026.10.30,2026.10.30,1시간,60.0,금요일(19:30),37.5570634,126.9042133,서울특별시 마포구 망원로 66 (망원동),콘서트홀 나누,50.0,서울,마포구,1,2,1
PF301211,FC000724,FC000724-01,인싸가족 [제주],뮤지컬,2026.12.12,2026.12.13,1시간 5분,65.0,"토요일 ~ 일요일(11:00,14:00,16:30)",33.4762933,126.47489870000004,제주특별자치도 제주시 한라대학로 38 (노형동),대극장,831.0,제주,제주시,3,2,2
PF301210,FC000491,FC000491-01,"베베핀, 두근두근 새친구 [목포]",뮤지컬,2026.11.07,2026.11.08,1시간 10분,70.0,"토요일 ~ 일요일(11:00,14:00,16:30)",34.8122752,126.43679280000003,전남광주통합특별시 목포시 부주로 312 (옥암동),대공연장,1207.0,전남광주,목포시,4,2,3
PF301209,FC000260,FC000260-01,제주특별자치도립 제주합창단 기획연주회: 제주어는 선율을 타고,서양음악(클래식),2026.09.30,2026.09.30,1시간 40분,100.0,수요일(19:30),33.5043089,126.53538589999994,제주특별자치도 제주시 동광로 69 (일도이동),대극장,828.0,제주,제주시,3,2,2
PF301208,FC001528,FC001528-04,트로피 보이즈,연극,2026.10.27,2026.12.06,1시간 20분,80.0,"화요일(20:00), 수요일(16:00,20:00), 목요일 ~ 금요일(20:00), 토요일(15:00,19:00), 일요일(15:00)",37.5820171,127.00353629999996,서울특별시 종로구 동숭길 123 (동숭동),드림 4관,205.0,서울,종로구,1,2,1
PF301207,FC002081,FC002081-01,리듬식당 [용인],무용(서양/한국무용),2026.10.17,2026.10.25,50분,50.0,"토요일 ~ 일요일(13:00,15:30)",37.2503893,127.1655069,경기도 용인시 처인구 동백죽전대로 61 (삼가동),공연놀이터,150.0,경기,용인시,1,1,1
PF301206,FC002028,FC002028-01,FRankly 단독 공연: The Ghost Days [생기 스튜디오],대중음악,2026.10.30,2026.10.30,2시간,120.0,금요일(19:30),37.5538644,126.9285846,서울특별시 마포구 와우산로 137 (서교동),생기 스튜디오,70.0,서울,마포구,1,3,2
PF301204,FC000233,FC000233-01,"제4회 서암음악회, 풍류: 바람의 기록 [광주]",한국음악(국악),2026.10.14,2026.10.14,1시간 40분,100.0,수요일(19:30),,,,,,,,,2,
PF301203,FC001121,FC001121-03,"제3회 심야N연극제, 살짝 넘어갔다가 얻어맞았다",연극,2026.09.30,2026.10.11,1시간 40분,100.0,"월요일 ~ 금요일(20:10), 토요일 ~ 일요일(20:10)",37.580304,127.00424399999996,서울특별시 종로구 동숭길 47 (동숭동),나인진홀 1관,94.0,서울,종로구,1,2,1
PF301201,FC002274,FC002274-01,제411회 전남광주통합특별시립교향악단 정기연주회: Heritage Series Ⅹ. Nordic Echo,서양음악(클래식),2026.10.23,2026.10.23,1시간 30분,90.0,금요일(19:30),35.1769439,126.9045441,전남광주통합특별시 북구 용봉로 77 (용봉동),전남대학교 민주마루홀,916.0,전남광주,북구,3,2,2
PF301200,FC000084,FC000084-01,"음악으로 그리는 반고흐, 별이 빛나는 밤에 [울산]",복합,2026.10.17,2026.10.17,1시간 20분,80.0,토요일(17:00),,,,,,,,,2,
PF301197,FC002040,FC002040-01,"먼데이프로젝트 시즌9, 딕펑스 단독 콘서트: Browning",대중음악,2026.10.05,2026.10.05,2시간,120.0,월요일(19:00),,,,,,,,,3,
PF301195,FC000076,FC000076-02,제13회 레알슈팀메 독일예술가곡연구회 정기연주회: 슈만이 그리는 노래,복합,2026.09.29,2026.09.29,1시간 20분,80.0,화요일(19:30),,,,,,,,,2,
PF301194,FC000233,FC000233-02,제151회 전남광주통합특별시립국악관현악단 정기연주회: 전통의 시간을 잇는 선율,한국음악(국악),2026.10.23,2026.10.23,1시간 30분,90.0,금요일(19:30),,,,,,,,,2,
PF301193,FC001081,FC001081-01,"국립정동극장, 광대 [경주]",한국음악(국악),2026.10.08,2026.10.10,1시간 20분,80.0,"목요일 ~ 금요일(19:00), 토요일(14:00)",,,,,,,,,2,
PF301192,FC004402,FC004402-01,"UNDERCITY presents, Bart Skils",대중음악,2026.10.16,2026.10.16,6시간,360.0,금요일(21:00),37.5431482,127.0639071,서울특별시 성동구 성수이로22길 61 (성수동2가),언더시티 (B1) ,0.0,서울,성동구,,4,
PF301191,FC001594,FC001594-01,조항조 전국투어 콘서트: 생각 [창원],대중음악,2026.11.22,2026.11.22,2시간,120.0,일요일(18:30),,,,,,,,,3,
PF301190,FC001261,FC001261-01,이창섭 단독 콘서트: Unknown [울산],대중음악,2026.11.21,2026.11.22,2시간,120.0,"토요일(18:00), 일요일(17:00)",35.5441989,129.3265401,울산광역시 남구 번영로 212 (달동),KBS홀 [울산],1804.0,울산,남구,4,3,3
PF301189,FC001958,FC001958-01,"서리풀 재즈페스타, Remembering Bud Powell",대중음악,2026.11.11,2026.11.11,1시간 40분,100.0,수요일(19:30),,,,,,,,,2,
PF301188,FC001415,FC001415-02,"대전시립연정국악단, 토요국악 (10.10)",한국음악(국악),2026.10.10,2026.10.10,1시간,60.0,토요일(14:00),,,,,,,,,2,
PF301186,FC001166,FC001166-01,난타 [울산],뮤지컬,2026.11.05,2026.11.06,1시간 30분,90.0,"목요일(10:00,19:30), 금요일(10:00,14:00,19:30)",,,,,,,,,2,
PF301185,FC000567,FC000567-01,윈디시티,뮤지컬,2026.10.02,2026.10.10,1시간 50분,110.0,"화요일 ~ 금요일(19:30), 토요일(15:00), 일요일(17:00)",37.6214312,127.0406246,서울특별시 강북구 월계로 173 (번동),퍼포먼스홀,283.0,서울,강북구,1,2,1
PF301184,FC004296,FC004296-02,김정은 피아노 독주회: Night from Nocturne to Concerto [부산],서양음악(클래식),2026.10.22,2026.10.22,1시간 30분,90.0,목요일(19:30),35.1693728,129.0542532,부산광역시 부산진구 동평로 250 (연지동),챔버홀,400.0,부산,부산진구,2,2,2
PF301181,FC000030,FC000030-01,"국립남도국악원 토요상설: 국악이 좋다, 전통액션 연희극: 아리랑, 택견과 만나다",한국음악(국악),2026.10.03,2026.10.03,1시간 20분,80.0,토요일(15:00),34.3849048,126.22479020000004,전남광주통합특별시 진도군 임회면 진도대로 3818,진악당,520.0,전남광주,진도군,3,2,2
PF301177,FC001594,FC001594-01,김장훈 전국투어 콘서트: 원맨쇼 [창원],대중음악,2026.11.21,2026.11.21,2시간,120.0,토요일(18:00),,,,,,,,,3,
PF301176,FC000020,FC000020-02,제7회 블루밍 트리오 정기연주회,서양음악(클래식),2026.11.10,2026.11.10,1시간 30분,90.0,화요일(19:30),,,,,,,,,2,
PF301175,FC003352,FC003352-01,FRankly 단독 공연: The Ghost Days [클럽 프리버드],대중음악,2026.10.24,2026.10.24,2시간,120.0,토요일(17:00),37.5493791,126.921315,서울특별시 마포구 와우산로17길 19-22(서교동),클럽 프리버드,0.0,서울,마포구,,3,
PF301174,FC004466,FC004466-01,말뚝이 가라사대 [남원],서양음악(클래식),2026.10.17,2026.10.17,1시간 10분,70.0,토요일(16:00),35.422154,127.385968,전북특별자치도 남원시 만인로 92 (향교동),남원국악전용공연장 청아원 ,297.0,전북,남원시,1,2,1
PF301173,FC005060,FC005060-01,행복 [창원],연극,2026.10.23,2026.10.24,1시간 20분,80.0,"금요일(19:30), 토요일(14:00,17:00)",35.131368,128.704735,경상남도 창원시 진해구 충장로 653 (풍호동),진해아트홀,600.0,경남,창원시,3,2,2
PF301172,FC000020,FC000020-02,그라토 앙상블 정기연주회: JOURNEY,서양음악(클래식),2026.10.17,2026.10.17,1시간 40분,100.0,토요일(19:00),,,,,,,,,2,
PF301166,FC004693,FC004693-01,"전상근 10th Anniversary Concert: EPILOGUE: 그리고, 우리는 전상근",대중음악,2026.11.28,2026.11.29,2시간 30분,150.0,"토요일(19:00), 일요일(16:00)",,,,,,,,,3,
PF301165,FC001180,FC001180-01,알라딘과 요술램프 [고양],뮤지컬,2026.10.20,2026.10.20,45분,45.0,화요일(10:30),37.6578318,126.83299450000004,경기도 고양시 덕양구 고양시청로 10 (주교동),고양시문예회관,334.0,경기,고양시,2,1,1
PF301163,FC001812,FC001812-01,성악가 고희전의 음악 토크콘서트: 인생은 칸타빌레 [안성],서양음악(클래식),2026.11.14,2026.11.14,1시간 40분,100.0,토요일(16:00),37.0010012,127.2790334,경기도 안성시 발화대길 21 (현수동),대공연장,991.0,경기,안성시,3,2,2
PF301162,FC000585,FC000585-01,시간을 파는 상점 [함양],연극,2026.09.30,2026.09.30,1시간 30분,90.0,수요일(19:00),35.5242771,127.72244780000004,경상남도 함양군 함양읍 필봉산길 55,대공연장,486.0,경남,함양군,2,2,2
PF301161,FC000001,FC000001-12,제4회 이화피아노앙상블 정기연주회: The Festival of Nature,서양음악(클래식),2026.10.22,2026.10.22,1시간 30분,90.0,목요일(19:30),,,,,,,,,2,
PF301160,FC001873,FC001873-02,필라델피아 오케스트라 마린 알솝 & 임윤찬 [인천],서양음악(클래식),2026.11.05,2026.11.05,2시간,120.0,목요일(19:30),37.393484099999995,126.6309586,인천광역시 연수구 아트센터대로 222 (송도동),콘서트홀,1727.0,인천,연수구,4,3,3
PF301159,FC004086,FC004086-01,"경우소리시리즈, 메나리: 짓의 노래들",한국음악(국악),2026.10.09,2026.10.09,1시간,60.0,HOL(16:00),37.5508138,126.916494,"서울특별시 마포구 양화로 72 (서교동, 서교동 효성 해링턴 타워)",서교스퀘어,0.0,서울,마포구,,2,
PF301157,FC005062,FC005062-01,"숲세권 라이브, 양정훈 첫 팬 콘서트: 프리지아",대중음악,2026.10.10,2026.10.10,1시간 40분,100.0,토요일(17:00),37.57212,126.961099,서울특별시 종로구 사직로 8 (교북동),숲세권 라이브 2호점 ,0.0,서울,종로구,,2,
PF301154,FC000009,FC000009-02,가야금산조 축제: 삼일삼색,한국음악(국악),2026.10.06,2026.10.08,1시간,60.0,화요일 ~ 목요일(19:30),,,,,,,,,2,
PF301153,FC000906,FC000906-01,오아: 분홍빛 항해 [청주],무용(서양/한국무용),2026.10.17,2026.10.17,1시간,60.0,토요일(19:00),36.6347375,127.49001010000006,충청북도 청주시 상당구 상당로69번길 12-6 (북문로1가),씨어터 제이,180.0,충북,청주시,1,2,1
PF301152,FC001239,FC001239-01,캣츠 내한공연 [대구],뮤지컬,2026.12.18,2027.01.03,2시간 40분,160.0,"화요일 ~ 금요일(19:30), 토요일(14:00,19:00), 일요일(14:00)",35.8570982,128.48714700000005,대구광역시 달서구 달구벌대로 1095 - 0 계명대학교,계명아트센터,1954.0,대구,달서구,4,3,3
PF301151,FC001764,FC001764-01,파주윈드오케스트라와 함께하는 가을 음악회 [파주],서양음악(클래식),2026.10.02,2026.10.02,1시간 30분,90.0,금요일(19:30),37.7301182,126.76392050000004,경기도 파주시 가람로116번길 170 (와동동),대공연장,300.0,경기,파주시,2,2,2
PF301150,FC003565,FC003565-01,신데렐라 [성남],뮤지컬,2026.11.08,2026.11.08,50분,50.0,"일요일(11:30,14:00,16:00)",37.4108438,127.1268172,경기도 성남시 분당구 야탑로75번길 5 (야탑동),바른아트홀,180.0,경기,성남시,1,1,1
PF301149,FC002035,FC002035-01,FRankly 단독 공연: The Ghost Days [Vel.R 벨르],대중음악,2026.10.31,2026.10.31,2시간,120.0,토요일(17:00),,,,,,,,,3,
PF301148,FC002477,FC002477-01,신데렐라 [서울 강남],뮤지컬,2026.11.07,2026.11.07,50분,50.0,"토요일(11:30,14:00,16:00)",37.5115175,127.0285527,서울특별시 강남구 학동로20길 25 (논현동),다목적강당,192.0,서울,강남구,1,1,1
PF301147,FC000262,FC000262-01,젤리피쉬 [제주],연극,2026.10.09,2026.10.10,2시간 20분,140.0,"HOL(19:00), 토요일(15:00)",,,,,,,,,3,
PF301146,FC000828,FC000828-01,"Playlist: Yeongdo 시리즈, 발라드의 전설 변진섭 [부산]",대중음악,2026.10.13,2026.10.13,1시간 30분,90.0,화요일(19:30),35.0753352,129.06601109999997,부산광역시 영도구 함지로79번길 6 (동삼동),대공연장(봉래홀),428.0,부산,영도구,2,2,2
PF301145,FC000867,FC000867-01,우리가 빛의 속도로 갈 수 없다면 [경주],연극,2026.09.30,2026.09.30,1시간 20분,80.0,수요일(15:00),35.8384087,129.2076376,경상북도 경주시 금성로 236 (사정동),서라벌문화회관,494.0,경북,경주시,2,2,2
PF301142,FC000460,FC000460-01,"완주 인형극 페스타, 이야기쏙! 이야기야",연극,2026.10.16,2026.10.17,45분,45.0,"금요일(19:30), 토요일(13:00,16:30)",,,,,,,,,1,
PF301141,FC004693,FC004693-01,"JEON SANG KEUN 10th Anniversary Concert, EPILOGUE: 그리고, 우리는",대중음악,2026.11.28,2026.11.29,2시간 30분,150.0,"토요일(19:00), 일요일(16:00)",,,,,,,,,3,
PF301140,FC005078,FC005078-01,"Darklight X DNB SEOUL presents, DILLINJA at Cakeshop",대중음악,2026.10.10,2026.10.10,5시간 30분,330.0,토요일(21:00),37.533901,126.988785,서울특별시 용산구 이태원로 134 (이태원동),Cakeshop(B1),0.0,서울,용산구,,4,
PF301139,FC002175,FC002175-01,FRankly 단독 공연: The Ghost Days [홍대 FF],대중음악,2026.10.23,2026.10.23,2시간,120.0,금요일(19:30),37.5502781,126.9223051,서울특별시 마포구 와우산로17길 12 (서교동),클럽 FF,130.0,서울,마포구,1,3,2
PF301137,FC001264,FC001264-01,헨젤과 그레텔 [서울 노원],뮤지컬,2026.10.17,2026.10.17,1시간,60.0,"토요일(11:00,14:00,16:00)",37.6389549,127.0663326,서울특별시 노원구 동일로 1229 (중계동),공연장,679.0,서울,노원구,3,2,2
PF301136,FC001131,FC001131-01,"서울 어린이 오페라 페스티벌, 오페라 갈라 콘서트: 마법의 오페라 여행 Ⅱ",서양음악(클래식),2026.10.11,2026.10.11,1시간 10분,70.0,일요일(14:00),,,,,,,,,2,
PF301135,FC000017,FC000017-02,"음악과 인문학이 만나는 융복합 공연, 사색 [수원]",복합,2026.10.02,2026.10.02,1시간 20분,80.0,금요일(19:30),37.2618899,127.0374319,경기도 수원시 팔달구 효원로307번길 20 (인계동) 경기도문화의전당,소극장,502.0,경기,수원시,3,2,2
PF301134,FC000076,FC000076-02,실험실 콘서트 [대전],서양음악(클래식),2026.12.22,2026.12.22,1시간,60.0,화요일(19:30),,,,,,,,,2,
PF301133,FC000001,FC000001-05,바비칸 콰르텟,서양음악(클래식),2026.10.25,2026.10.25,1시간 43분,103.0,일요일(14:00),,,,,,,,,2,
PF301132,FC001958,FC001958-01,"서리풀 재즈페스타, Timeless Jazz",대중음악,2026.11.25,2026.11.25,1시간 40분,100.0,수요일(19:30),,,,,,,,,2,
PF301131,FC001701,FC001701-05,"경남의 젊은 예술가 시리즈, 염원 Ⅳ. 가야금 & 전통연희 [진주]",한국음악(국악),2026.10.30,2026.10.30,1시간 20분,80.0,금요일(19:30),,,,,,,,,2,
PF301129,FC000323,FC000323-01,"타키포오, 몬스터 전쟁의 서막: 더 좀비 [대전]",뮤지컬,2026.12.05,2026.12.06,1시간 5분,65.0,"토요일(11:00,14:00,16:30), 일요일(11:00,14:00)",,,,,,,,,2,
PF301128,FC001198,FC001198-01,"어린이 아트스테이지, 하얀나라 [김포]",연극,2026.10.24,2026.10.25,45분,45.0,"토요일 ~ 일요일(11:00,15:00)",,,,,,,,,1,
PF301127,FC000057,FC000057-01,"윤별 발레 컴퍼니, 그랜드 갈라 [용인]",무용(서양/한국무용),2026.12.12,2026.12.12,2시간,120.0,토요일(17:00),37.3256631,127.10469480000006,경기도 용인시 수지구 포은대로 499 (죽전동),용인포은아트홀,1259.0,경기,용인시,4,3,3
PF301125,FC001131,FC001131-01,"서울어린이오페라페스티벌, 그날의 기억",서양음악(클래식),2026.10.11,2026.10.11,1시간 10분,70.0,일요일(18:30),,,,,,,,,2,
PF301124,FC000477,FC000477-02,숲속 100층짜리 집 [전주],뮤지컬,2026.11.06,2026.11.07,1시간 10분,70.0,"금요일(10:30), 토요일(11:00,14:00,16:00)",,,,,,,,,2,
PF301123,FC000371,FC000371-01,"시크릿쥬쥬: 별의보석, 잃어버린 빛을 찾아서 [춘천]",뮤지컬,2026.12.27,2026.12.27,1시간 10분,70.0,"일요일(11:00,14:00,16:30)",,,,,,,,,2,
PF301121,FC002949,FC002949-01,"영 카이 첫 내한공연 yung kai asia tour: stay with the ocean, i'll find you [서울]",대중음악,2026.11.16,2026.11.16, ,,월요일(20:00),37.5515788,126.9198284,서울특별시 마포구 잔다리로 32(서교동),무신사 개러지 (구. 왓챠홀) ,144.0,서울,마포구,1,,
PF301120,FC004889,FC004889-01,연극 식당: 매일이 크리스마스 프리뷰,연극,2026.10.07,2026.10.11,1시간 10분,70.0,"수요일 ~ 목요일(19:30), 토요일 ~ 일요일(13:00,18:00), HOL(13:00,18:00)",,,,,,,,,2,
PF301118,FC000788,FC000788-01,해바라기 콘서트: 사랑으로,대중음악,2026.11.01,2026.11.01,2시간,120.0,일요일(17:00),,,,,,,,,3,
PF301117,FC004889,FC004889-01,연극 식당: 매일이 크리스마스,연극,2026.10.14,2027.01.10,1시간 10분,70.0,"수요일 ~ 금요일(19:30), 토요일 ~ 일요일(13:00,18:00), HOL(13:00,18:00)",,,,,,,,,2,
PF301116,FC001958,FC001958-01,"서리풀 재즈페스타, Golden October",대중음악,2026.10.28,2026.10.28,1시간 40분,100.0,수요일(19:30),,,,,,,,,2,
PF301115,FC001701,FC001701-05,"경남의 젊은 예술가 시리즈, 염원 Ⅲ. 한국무용 / 현대무용",복합,2026.10.29,2026.10.29,1시간 20분,80.0,목요일(19:30),,,,,,,,,2,
PF301114,FC004296,FC004296-02,리드 테츨로프 피아노 리사이틀 [부산],서양음악(클래식),2026.12.08,2026.12.08,1시간 50분,110.0,화요일(19:30),35.1693728,129.0542532,부산광역시 부산진구 동평로 250 (연지동),챔버홀,400.0,부산,부산진구,2,2,2
PF301113,FC000008,FC000008-01,조선 마법사관 진준,뮤지컬,2026.11.07,2026.12.31,1시간 15분,75.0,"화요일 ~ 금요일(11:00), 토요일 ~ 일요일(11:00,14:00,16:30), HOL(11:00,14:00,16:30)",,,,,,,,,2,
PF301112,FC000460,FC000460-01,"완주 인형극 페스타, 어둑시니",연극,2026.10.14,2026.10.15,50분,50.0,"수요일(10:30,19:30), 목요일(10:30)",,,,,,,,,1,
PF301111,FC000017,FC000017-02,루트비히 판 베토벤 컴플리트 피아노 트리오 3 [수원],서양음악(클래식),2026.11.06,2026.11.06,1시간 30분,90.0,금요일(19:30),37.2618899,127.0374319,경기도 수원시 팔달구 효원로307번길 20 (인계동) 경기도문화의전당,소극장,502.0,경기,수원시,3,2,2
PF301110,FC001178,FC001178-01,레트로 페스티벌 [대구],대중음악,2026.10.23,2026.10.24,1시간 20분,80.0,"금요일(19:30), 토요일(17:00)",35.9351297,128.54623719999995,대구광역시 북구 구암로 47 (관음동),함지홀(대공연장),425.0,대구,북구,2,2,2
PF301109,FC001218,FC001218-01,"서울어텀페스타, 저승난장",연극,2026.10.14,2026.10.25,1시간 35분,95.0,"화요일 ~ 금요일(20:00), 토요일(15:00,19:00), 일요일(15:00)",,,,,,,,,2,
PF301108,FC001390,FC001390-01,최재훈 콘서트: 일년에 단 한번,대중음악,2026.11.22,2026.11.22,2시간,120.0,"일요일(13:00,17:00)",37.5916714,127.0212424,서울특별시 강북구 도봉로76가길 55 (미아동),대강당,800.0,서울,강북구,3,3,3
PF301107,FC001247,FC001247-03,NEXZ 1ST ASIA TOUR: SAUCIN’ THE WORLD [서울],대중음악,2026.10.17,2026.10.18, ,,"토요일(18:00), 일요일(16:00)",,,,,,,,,,
PF301104,FC001414,FC001414-01,여행의지도 [대학로],연극,2026.10.14,2026.10.25,1시간 20분,80.0,"화요일 ~ 금요일(19:30), 토요일 ~ 일요일(14:00,18:00)",,,,,,,,,2,
PF301103,FC000447,FC000447-01,다이노: 공룡세계에서 살아남기 [군산],뮤지컬,2026.12.20,2026.12.20,55분,55.0,"일요일(14:00,16:00)",,,,,,,,,1,
PF301102,FC000287,FC000287-01,"시크릿쥬쥬: 별의보석, 잃어버린 빛을 찾아서 [대구]",뮤지컬,2026.12.12,2026.12.13,1시간 10분,70.0,"토요일 ~ 일요일(11:00,14:00,16:30)",,,,,,,,,2,
PF301100,FC002962,FC002962-01,운빨로맨스 [인천 제물포],연극,2026.11.20,2026.11.21,1시간 30분,90.0,"금요일(19:30), 토요일(17:00)",,,,,,,,,2,
PF301099,FC001787,FC001787-02,율리우스 아살 피아노 리사이틀 [강릉],서양음악(클래식),2026.10.21,2026.10.21,1시간 40분,100.0,수요일(19:30),37.7716846,128.895305,강원도 강릉시 종합운동장길 84 (교동),소공연장,385.0,강원,강릉시,2,2,2
PF301098,FC000156,FC000156-01,남벌 [서울 광진],뮤지컬,2026.10.23,2026.11.14,2시간 30분,150.0,"화요일 ~ 금요일(19:30), 토요일(14:00,19:00), 일요일(14:30)",37.5465004,127.07880590000002,서울특별시 광진구 광나루로 441 (능동),티켓링크 1975 씨어터(구.무지개극장),1010.0,서울,광진구,4,3,3
PF301096,FC000001,FC000001-02,윤여민 색소폰 독주회,서양음악(클래식),2026.10.17,2026.10.17,1시간 30분,90.0,토요일(14:00),,,,,,,,,2,
PF301095,FC000016,FC000016-01,제3회 솔트 합창단 & 솔트 오페라단 아이들의 꿈을 응원하는 드림 콘서트: 우리가 노래하는 이유 [성남],서양음악(클래식),2026.10.27,2026.10.27,1시간 30분,90.0,화요일(19:30),,,,,,,,,2,
PF301093,FC001818,FC001818-01,더 보컬 [서울 중구],대중음악,2026.11.14,2026.11.14,2시간 30분,150.0,토요일(18:00),,,,,,,,,3,
PF301092,FC000345,FC000345-01,버블버블쇼 [강릉],서커스/마술,2026.10.24,2026.10.24,1시간,60.0,"토요일(11:00,14:00)",37.7485741,128.89493370000002,강원도 강릉시 단오장길 1 (노암동),공연장,453.0,강원,강릉시,2,2,2
PF301091,FC001636,FC001636-01,솔로몬 [대학로],뮤지컬,2026.10.23,2026.11.01,1시간 40분,100.0,"금요일(20:00), 토요일(14:00,19:00), 일요일(19:00)",,,,,,,,,2,
PF301089,FC001247,FC001247-03,ONEW CONCERT: ONEW THE LIVE: Q [서울],대중음악,2026.10.30,2026.11.01, ,,"금요일(19:28), 토요일(17:00), 일요일(16:00)",,,,,,,,,,
PF301088,FC001066,FC001066-01,미란각: 안 넘어오면 내 손에 장을 지진다,연극,2026.09.30,2026.10.04,1시간 50분,110.0,"수요일 ~ 목요일(19:30), 금요일(16:00,19:30), 토요일 ~ 일요일(14:00,17:00)",,,,,,,,,2,
PF301086,FC004500,FC004500-01,"世代共感 세대공감6, 해리 빅버튼 X 더베인 X 나타샤",대중음악,2026.10.10,2026.10.10,3시간,180.0,토요일(17:00),,,,,,,,,4,
PF301085,FC004655,FC004655-01,"국립무용단, 향연 [평택]",무용(서양/한국무용),2026.12.05,2026.12.05,1시간 40분,100.0,토요일(15:00),37.039462,127.033968,경기도 평택시 고덕로 310 (고덕동),대공연장,1318.0,경기,평택시,4,2,3
PF301082,FC000073,FC000073-01,Re.may 2nd Solo Concert: Road to Rockstar Vol.2,대중음악,2026.10.16,2026.10.16,1시간 30분,90.0,금요일(20:00),37.5484417,126.9201058,서울특별시 마포구 어울마당로 35 (서교동) 지하 1층,롤링홀,200.0,서울,마포구,1,2,1
PF301080,FC001868,FC001868-01,Heritage Series; The Masters 피아니스트 손민수,서양음악(클래식),2026.10.16,2026.10.16,1시간 10분,70.0,금요일(19:30),,,,,,,,,2,
PF301079,FC000076,FC000076-01,장사익 소리판: 길 [대전],한국음악(국악),2026.12.02,2026.12.02,1시간 50분,110.0,수요일(19:30),,,,,,,,,2,
PF301078,FC004296,FC004296-02,플로리안 노악 피아노 리사이틀 [부산],서양음악(클래식),2026.11.26,2026.11.26,1시간 50분,110.0,목요일(19:30),35.1693728,129.0542532,부산광역시 부산진구 동평로 250 (연지동),챔버홀,400.0,부산,부산진구,2,2,2
PF301077,FC001121,FC001121-03,"제3회 심야N연극제, 관객모심",연극,2026.10.27,2026.11.01,1시간 10분,70.0,"화요일 ~ 금요일(20:10), 토요일 ~ 일요일(20:10)",37.580304,127.00424399999996,서울특별시 종로구 동숭길 47 (동숭동),나인진홀 1관,94.0,서울,종로구,1,2,1
PF301076,FC000449,FC000449-02,풀악셀 월드그랑프리 뮤직 페스티벌 [김제],복합,2026.10.10,2026.10.10,1시간 30분,90.0,토요일(17:00),,,,,,,,,2,
PF301074,FC000127,FC000127-01,제85회 고양시립합창단 정기연주회: 알렉산더의 향연,서양음악(클래식),2026.10.22,2026.10.22,1시간 25분,85.0,목요일(19:30),,,,,,,,,2,
PF301071,FC000001,FC000001-02,이창형 더블베이스 독주회,서양음악(클래식),2026.10.25,2026.10.25,1시간 30분,90.0,일요일(20:00),,,,,,,,,2,
PF301070,FC002633,FC002633-02,제16회 판댄스컴퍼니 정기공연: 0g,무용(서양/한국무용),2026.10.03,2026.10.03,1시간,60.0,토요일(19:30),37.5820961,127.0031785,서울특별시 종로구 대학로10길 17 (동숭동),소극장,132.0,서울,종로구,1,2,1
PF301069,FC000877,FC000877-01,로보카폴리: 브룸스타운의 에너지를 지켜라! [창원],뮤지컬,2026.12.25,2026.12.25,1시간 5분,65.0,"HOL(11:00,14:00,16:30)",35.2258781,128.57720210000002,경상남도 창원시 마산회원구 삼호로 135 (양덕동),대극장,1182.0,경남,창원시,4,2,3
PF301068,FC004469,FC004469-02,"낙동아트센터 마티네 콘서트, 재즈앙상블 시리즈 Ⅴ. 김민희 Her with jazz band [부산]",대중음악,2026.10.21,2026.10.21,1시간,60.0,수요일(11:00),35.102094,128.903987,부산광역시 강서구 명지국제1로 141 (명지동),앙상블극장,292.0,부산,강서구,1,2,1
PF301067,FC003043,FC003043-01,어린이 벌룬쇼: 상상풍선마술단 [부산 기장],서커스/마술,2026.10.24,2026.10.24,45분,45.0,"토요일(11:00,14:00,16:00)",35.2434816,129.222956,부산광역시 기장군 기장읍 기장대로 560,차성아트홀,383.0,부산,기장군,2,1,1
PF301066,FC001239,FC001239-01,광화문 연가 [대구],뮤지컬,2026.12.05,2026.12.06,2시간 35분,155.0,"토요일 ~ 일요일(14:00,18:30)",35.8570982,128.48714700000005,대구광역시 달서구 달구벌대로 1095 - 0 계명대학교,계명아트센터,1954.0,대구,달서구,4,3,3
PF301065,FC000020,FC000020-02,앙상블 공간 프로젝트 열 일곱 번째 이야기: 여행과 이방인,서양음악(클래식),2026.10.26,2026.10.26,1시간 30분,90.0,월요일(19:30),,,,,,,,,2,
PF301064,FC004204,FC004204-01,"토요 클래식의밤, 해설이 있는 클래식: 플루트, 시간의 목소리",서양음악(클래식),2026.10.24,2026.10.24,1시간,60.0,토요일(19:00),37.5570634,126.9042133,서울특별시 마포구 망원로 66 (망원동),콘서트홀 나누,50.0,서울,마포구,1,2,1
PF301063,FC004204,FC004204-01,아노피의 밤 (ANO.PS NIGHT),서양음악(클래식),2026.10.05,2026.10.05,1시간,60.0,월요일(17:00),37.5570634,126.9042133,서울특별시 마포구 망원로 66 (망원동),콘서트홀 나누,50.0,서울,마포구,1,2,1
PF301062,FC004296,FC004296-02,알버트 카노 스미트 피아노 리사이틀 [부산],서양음악(클래식),2026.12.09,2026.12.09,1시간 50분,110.0,수요일(19:30),35.1693728,129.0542532,부산광역시 부산진구 동평로 250 (연지동),챔버홀,400.0,부산,부산진구,2,2,2
PF301061,FC004607,FC004607-01,"이준민의 매직쇼, 404: 기록 [부산]",서커스/마술,2026.10.10,2026.10.10,1시간,60.0,토요일(17:00),,,,,,,,,2,
PF301060,FC000939,FC000939-01,호두까기 인형 [전주],뮤지컬,2026.12.06,2026.12.06,1시간,60.0,"일요일(11:00,13:00,15:00)",,,,,,,,,2,
PF301059,FC002949,FC002949-01,베니싱스 내한공연 BENNY SINGS LIVE IN SEOUL,대중음악,2026.12.12,2026.12.12,1시간 30분,90.0,토요일(20:00),37.5515788,126.9198284,서울특별시 마포구 잔다리로 32(서교동),무신사 개러지 (구. 왓챠홀) ,144.0,서울,마포구,1,2,1
PF301057,FC000328,FC000328-01,다브다 정규 2집 온 발매 콘서트,대중음악,2026.10.03,2026.10.03,2시간,120.0,토요일(18:00),37.550925,126.92114200000005,서울특별시 마포구 어울마당로 65 (서교동),KT&G 상상마당 라이브홀 [마포] ,150.0,서울,마포구,1,3,2
PF301056,FC001890,FC001890-01,"다시, 봄: 아지매들의 이야기 [김해]",뮤지컬,2026.10.31,2026.10.31,1시간 20분,80.0,"토요일(14:00,19:00)",,,,,,,,,2,
PF301055,FC001931,FC001931-01,"한상욱 상임지휘자 취임 기념 음악회, 남양주 필하모닉 심포닉 시리즈 2: 자연의 선율 [남양주]",서양음악(클래식),2026.10.13,2026.10.13,1시간 40분,100.0,화요일(19:30),,,,,,,,,2,
PF301054,FC000564,FC000564-01,알라딘과 요술램프 [부천],뮤지컬,2026.12.25,2026.12.26,1시간 10분,70.0,"HOL(11:00,14:00,16:00), 토요일(11:00,14:00)",,,,,,,,,2,
PF301053,FC001239,FC001239-01,싯다르타 [대구],뮤지컬,2026.10.17,2026.10.18,2시간 30분,150.0,"토요일(14:00,18:00), 일요일(14:00)",35.8570982,128.48714700000005,대구광역시 달서구 달구벌대로 1095 - 0 계명대학교,계명아트센터,1954.0,대구,달서구,4,3,3
PF301052,FC000001,FC000001-05,김원 피아노 독주회,서양음악(클래식),2026.10.06,2026.10.06,1시간 40분,100.0,화요일(19:30),,,,,,,,,2,
PF301051,FC001684,FC001684-01,소보로 [대전],연극,2026.10.07,2026.10.12,1시간 15분,75.0,"수요일 ~ 목요일(19:30), HOL(19:30), 토요일 ~ 일요일(19:30), 월요일(11:00)",,,,,,,,,2,
PF301050,FC001556,FC001556-01,"기타리스트 황민웅의 프로젝트, 헌정: 타레가에 바침",서양음악(클래식),2026.10.18,2026.10.18,1시간 20분,80.0,일요일(19:30),37.564089,126.93898089999992,서울특별시 서대문구 연세로 50 (신촌동) 연세대학교 백양누리 B1 금호아트홀 연세,금호아트홀 연세,390.0,서울,서대문구,2,2,2
PF301049,FC000863,FC000863-01,7인의 부인들 [고령],연극,2026.10.14,2026.10.14,1시간 30분,90.0,수요일(19:00),,,,,,,,,2,
PF301048,FC000021,FC000021-02,"신현필x고희안, 디어 모차르트 [안양]",대중음악,2026.10.16,2026.10.16,1시간 10분,70.0,금요일(19:30),,,,,,,,,2,
PF301047,FC000216,FC000216-02,"부평구문화재단 후원의밤 X 인천아트쇼, 쇼팽 오마카세 [인천 부평]",서양음악(클래식),2026.10.07,2026.10.07,1시간 20분,80.0,수요일(19:00),37.4819229,126.7049151,인천광역시 부평구 아트센터로 166 (십정동),해누리극장,868.0,인천,부평구,3,2,2
PF301046,FC001226,FC001226-01,"제9회 극장동국 연출가전, 그놈의 정",연극,2026.09.23,2026.10.04,1시간 10분,70.0,"월요일 ~ 금요일(19:30), 토요일 ~ 일요일(16:00), HOL(16:00)",37.584514899999995,127.0000258,서울특별시 종로구 창경궁로 259,극장 동국,82.0,서울,종로구,1,2,1
PF301044,FC000009,FC000009-01,"국립국악원 무용단 정기 공연, 상선약수: 최고의 선은 물과 같다",무용(서양/한국무용),2026.10.15,2026.10.16,1시간 40분,100.0,목요일 ~ 금요일(19:30),,,,,,,,,2,
PF301043,FC005066,FC005066-01,"밴드날다: 시흥, 날다 [시흥]",한국음악(국악),2026.10.08,2026.10.08,1시간 10분,70.0,목요일(19:30),37.369613,126.72345,경기도 시흥시 서울대학로 255 (배곧동),대공연장,710.0,경기,시흥시,3,2,2
PF301040,FC000469,FC000469-01,소향 X 김기태 THE GREATEST: 전율 [전주],대중음악,2026.12.05,2026.12.05,2시간,120.0,토요일(18:00),35.84321,127.130056,전북특별자치도 전주시 덕진구 권삼득로 290 (금암동),대공연장,1493.0,전북,전주시,4,3,3
PF301039,FC001784,FC001784-03,바그너 프로젝트 Ⅱ: 발퀴레 2막 [부산],서양음악(클래식),2026.10.11,2026.10.11,2시간 5분,125.0,일요일(16:00),,,,,,,,,3,
PF301038,FC000424,FC000424-01,"베이스 연광철, 겨울나그네 [당진]",서양음악(클래식),2026.11.28,2026.11.28,1시간 15분,75.0,토요일(17:00),,,,,,,,,2,
PF301037,FC000081,FC000081-02,방귀뀌는 며느리 [울산],무용(서양/한국무용),2026.10.23,2026.10.24,40분,40.0,"금요일(10:30), 토요일(14:00)",,,,,,,,,1,
PF301034,FC000204,FC000204-01,사랑의 묘약 [대구],서양음악(클래식),2026.11.07,2026.11.07,2시간 10분,130.0,토요일(17:00),35.8295426,128.62841500000002,대구광역시 수성구 무학로 180 (지산동),대극장 (대공연장) ,1159.0,대구,수성구,4,3,3
PF301033,FC000477,FC000477-03,반준혁 피콜로 독주회: Piccolo Unboxed: 피콜로의 깨어남 [전주],서양음악(클래식),2026.10.10,2026.10.10,1시간 10분,70.0,토요일(18:00),,,,,,,,,2,
PF301032,FC000323,FC000323-01,"시크릿쥬쥬: 별의보석, 잃어버린 빛을 찾아서 [대전]",뮤지컬,2026.12.25,2026.12.25,1시간 10분,70.0,"금요일(11:00,14:00,16:30)",,,,,,,,,2,
PF301031,FC003915,FC003915-01,하은 생일 기념 첫 번째 단독 공연: 하은 날,대중음악,2026.10.09,2026.10.09,1시간 30분,90.0,금요일(15:00),37.5531403,126.9222208,서울특별시 마포구 어울마당로 94-8 (서교동),온맘씨어터,100.0,서울,마포구,1,2,1
PF301030,FC004607,FC004607-01,도시의 마술사 (URBAN MAGICIAN) [부산],서커스/마술,2026.10.10,2026.10.10,1시간,60.0,토요일(14:00),,,,,,,,,2,
PF301028,FC002339,FC002339-01,무명전설 크리스마스 콘서트 [수원 (앵콜) ],대중음악,2026.12.25,2026.12.25,2시간,120.0,"금요일(13:00,18:00)",37.2854538,127.0599925,경기도 수원시 영통구 광교중앙로 140 (하동),전시홀,7000.0,경기,수원시,4,3,3
PF301027,FC002035,FC002035-01,스웨덴세탁소 단독 콘서트: 우리 다시 만나,대중음악,2026.10.25,2026.10.25,2시간,120.0,일요일(17:00),,,,,,,,,3,
PF301026,FC000059,FC000059-01,Ballet Ro: 훈민정음 ver.2,무용(서양/한국무용),2026.10.07,2026.10.07,1시간,60.0,수요일(19:30),37.526038,126.90008899999998,서울특별시 영등포구 국회대로 596 (당산동3가),영등포아트홀,526.0,서울,영등포구,3,2,2
PF301024,FC001438,FC001438-01,제196회 수원시립합창단 정기연주회: 행복 시계방,서양음악(클래식),2026.10.15,2026.10.15,1시간 40분,100.0,목요일(19:30),,,,,,,,,2,
PF301023,FC000238,FC000238-02,어린이 벌룬쇼: 상상풍선마술단 [양산],서커스/마술,2026.10.09,2026.10.09,45분,45.0,"HOL(11:00,14:00,16:00)",35.3336224,129.03692249999995,경상남도 양산시 중앙로 39-1 (남부동),소공연장,167.0,경남,양산시,1,1,1
PF301022,FC001451,FC001451-01,AI로봇과 함께하는 사이언스 마술쇼 [서울 강동],서커스/마술,2026.12.05,2026.12.05,1시간,60.0,"토요일(11:00,14:00,16:00)",37.5457299,127.14120419999996,서울특별시 강동구 상암로 168 (천호동) 강동구민회관,대강당,609.0,서울,강동구,3,2,2
PF301021,FC000009,FC000009-01,"국립국악원 창작악단 정기공연, 전통의 재발견 Ⅶ",한국음악(국악),2026.10.29,2026.10.30,1시간 30분,90.0,목요일 ~ 금요일(19:30),,,,,,,,,2,
PF301020,FC000449,FC000449-02,변진섭 전국투어 콘서트: 변천사 시즌 2.7: 타임머신 [김제],대중음악,2026.11.21,2026.11.21,2시간,120.0,토요일(18:30),,,,,,,,,3,
PF301019,FC001857,FC001857-01,벌룬 매직쇼 [부산 강서],서커스/마술,2026.10.09,2026.10.09,1시간,60.0,"HOL(11:00,13:00,15:00)",35.0830421,128.90361329999996,부산광역시 강서구 명지오션시티4로 88 (명지동),하하아트홀 (구. 성원아트홀) ,174.0,부산,강서구,1,2,1
PF301016,FC000241,FC000241-01,흥보마누라 이혼소송 사건 [의령],한국음악(국악),2026.09.30,2026.09.30,1시간 30분,90.0,"수요일(15:00,19:30)",35.3176895,128.26483499999995,경상남도 의령군 의령읍 의병로24길 31-1,의령군민문화회관,354.0,경남,의령군,2,2,2
PF301015,FC000517,FC000517-01,"해오름동맹 합동공연 합창 오페라: 천년의 빛, 하나의 울림 [경주]",서양음악(클래식),2026.10.15,2026.10.15,1시간 40분,100.0,목요일(19:30),35.8625869,129.20586520000006,경상북도 경주시 알천북로 1 (황성동),대공연장(화랑홀),1053.0,경북,경주시,4,2,3
PF301014,FC003670,FC003670-01,ILLIT LIVE: PRESS START [서울 (앵콜) ],대중음악,2026.10.17,2026.10.18, ,,"토요일(18:00), 일요일(17:00)",37.4655301,126.3891177,인천광역시 중구 공항문화로 127 (운서동),아레나,14483.0,인천,영종구,4,,
PF301012,FC000205,FC000205-01,"82MAJOR 6th CONCERT, 82CLUB: out of control",대중음악,2026.10.24,2026.10.25,2시간,120.0,"토요일(18:00), 일요일(16:00)",,,,,,,,,3,
PF301011,FC000761,FC000761-01,"브런치 콘서트, 리코더와 피아노 [음성]",서양음악(클래식),2026.10.13,2026.10.13,1시간 10분,70.0,화요일(11:00),36.9315608,127.68038090000005,충청북도 음성군 음성읍 예술로 102,대공연장,600.0,충북,음성군,3,2,2
PF301008,FC000517,FC000517-02,조희창의 토요 클래식 살롱 Ⅴ. 우리 시대의 슈베르티아데 [경주],서양음악(클래식),2026.10.17,2026.10.17,1시간 30분,90.0,토요일(17:00),35.8625869,129.20586520000006,경상북도 경주시 알천북로 1 (황성동),소공연장(원화홀),331.0,경북,경주시,2,2,2
PF301007,FC004500,FC004500-01,라라라온 [우무지],대중음악,2026.09.30,2026.09.30,1시간 40분,100.0,수요일(20:00),,,,,,,,,2,
PF301006,FC000939,FC000939-01,오리지널 과학마술콘서트 시즌2 [전주],서커스/마술,2026.12.12,2026.12.13,1시간,60.0,"토요일 ~ 일요일(11:00,14:00)",,,,,,,,,2,
PF301005,FC001371,FC001371-01,사과가 쿵! [부천],뮤지컬,2026.11.10,2026.11.15,50분,50.0,"화요일 ~ 금요일(10:10,11:20), 토요일 ~ 일요일(11:00,13:00,15:00)",37.5084357,126.7418586,경기도 부천시 길주로 1 (상동),만화영화상영관,386.0,경기,부천시,2,1,1
PF301004,FC000680,FC000680-01,오리지널 과학마술콘서트 시즌2 [춘천],서커스/마술,2026.11.28,2026.11.29,1시간,60.0,"토요일 ~ 일요일(11:00,14:00)",37.9210964,127.7199971,강원도 춘천시 영서로 3017 (사농동),대극장,485.0,강원,춘천시,2,2,2
PF301003,FC001629,FC001629-01,알버트 카노 스미트 피아노 리사이틀 [서울],서양음악(클래식),2026.12.08,2026.12.08,1시간 40분,100.0,화요일(19:30),37.5372055,127.00552319999996,서울특별시 용산구 한남대로 98 (한남동),일신홀,189.0,서울,용산구,1,2,1
PF301000,FC004339,FC004339-01,정가의 멋!과 향기 풍류에 취하다 [인천],한국음악(국악),2026.09.30,2026.09.30,1시간,60.0,수요일(19:00),37.4810211,126.7098701,인천광역시 부평구 마장로 24 (십정동),국악전용극장 잔치마당,100.0,인천,부평구,1,2,1
PF300999,FC000020,FC000020-02,제4회 뮤제스트 앙상블 정기연주회,서양음악(클래식),2026.10.03,2026.10.03,1시간 40분,100.0,토요일(17:00),,,,,,,,,2,
PF300997,FC001291,FC001291-01,이창섭 단독 콘서트: Unknown,대중음악,2026.10.16,2026.10.18,2시간,120.0,"금요일(19:30), 토요일(18:00), 일요일(17:00)",37.598682,127.052773,서울특별시 동대문구 경희대로 26 (회기동),경희대학교 평화의전당,4500.0,서울,동대문구,4,3,3
PF300996,FC000008,FC000008-01,소리: 성덕대왕신종,한국음악(국악),2026.10.31,2026.11.01,1시간 20분,80.0,토요일 ~ 일요일(15:00),,,,,,,,,2,
PF300995,FC000275,FC000275-01,잠자는 숲속의 공주 [부산],뮤지컬,2026.10.24,2026.10.24,55분,55.0,"토요일(11:00,14:00,16:00)",35.1687032,129.12974659999998,부산광역시 해운대구 센텀남대로 35 (우동),신세계 문화홀 [센텀시티],0.0,부산,해운대구,,1,
PF300994,FC003645,FC003645-01,KWON JIN AH LIVE TOUR SAVE ME IN SEOUL,대중음악,2026.11.06,2026.11.08, ,,"금요일(20:00), 토요일(18:00), 일요일(17:00)",,,,,,,,,,
PF300993,FC000248,FC000248-01,상자 속 사나이,연극,2026.10.01,2026.10.04,1시간,60.0,"목요일 ~ 금요일(19:00), 토요일(15:00,18:00), 일요일(15:00)",37.5633965,126.98788530000002,서울특별시 중구 삼일대로9길 12 (저동1가),삼일로창고극장,60.0,서울,중구,1,2,1
PF300992,FC001212,FC001212-01,사막에도 가끔 비가 내립니다 (근데 이제 줌바를 곁들인) [대학로],연극,2026.10.02,2026.11.01,1시간 20분,80.0,"화요일 ~ 목요일(20:00), 토요일(15:00,19:00), 일요일(14:00,18:00), HOL(14:00,18:00)",,,,,,,,,2,
PF300990,FC000449,FC000449-02,"데뷔 60주년 기념공연, 남진 전국투어 콘서트 [김제]",대중음악,2026.11.21,2026.11.21,2시간,120.0,토요일(13:00),,,,,,,,,3,
PF300989,FC002916,FC002916-01,라라라온 [전주 더 뮤지션],대중음악,2026.10.04,2026.10.04,1시간 40분,100.0,일요일(18:00),35.8187007,127.1420682,전라북도 전주시 완산구 전주객사3길 35(고사동),더뮤지션,0.0,전북,전주시,,2,
PF300988,FC001409,FC001409-01,라라라온 [춘천 KT&G 상상마당],대중음악,2026.10.02,2026.10.02,1시간 40분,100.0,금요일(20:00),37.8813153,127.72997069999995,강원도 춘천시 스포츠타운길399번길 25 (삼천동),사운드홀,200.0,강원,춘천시,1,2,1
PF300986,FC000384,FC000384-01,제9회 연영회 정기연주회,서양음악(클래식),2026.10.07,2026.10.07,1시간 30분,90.0,수요일(19:30),,,,,,,,,2,
PF300985,FC001910,FC001910-10,DOH KYUNG SOO CONCERT TOUR: DAY OFF [서울],대중음악,2026.10.02,2026.10.04,2시간,120.0,"금요일(19:30), 토요일 ~ 일요일(17:00)",37.6693071,126.74568449999992,경기도 고양시 일산서구 킨텍스로 217-60 (대화동),제1전시장 5홀,0.0,경기,고양시,,3,
PF300984,FC001217,FC001217-01,카르멘: 정열 [성남],서양음악(클래식),2026.11.21,2026.11.21,2시간,120.0,토요일(14:00),37.4448723,127.13890700000002,경기도 성남시 수정구 수정로171번길 10,대극장,645.0,경기,성남시,3,3,3
PF300983,FC001328,FC001328-01,"어린이 벌룬쇼, 상상 풍선 마술단 [울산]",서커스/마술,2026.10.04,2026.10.04,45분,45.0,"일요일(11:00,13:00,15:00)",35.5675422,129.3215364,울산광역시 중구 종가로 405 (성안동),함월홀 (2층) ,499.0,울산,중구,2,1,1
PF300981,FC003417,FC003417-01,김진호 가을 공연: 할머니가 손주의 찢어진 옷을 다시 꿰맸다,대중음악,2026.10.09,2026.10.10,1시간 30분,90.0,"금요일(18:00), 토요일(17:00)",37.6057568,126.9678907,서울특별시 종로구 평창문화로 70 (평창동),도암홀,1083.0,서울,종로구,4,2,3
PF300977,FC003382,FC003382-01,오아시스 세탁소 습격사건 [울산],연극,2026.10.08,2026.10.08,1시간 40분,100.0,목요일(19:00),35.5736048,129.3382716,울산광역시 중구 곽남길 95(약사동),대공연장(소원홀),706.0,울산,중구,3,2,2
PF300976,FC001296,FC001296-01,V.O.S 전국투어 콘서트: 제2회 동창회 [대전],대중음악,2026.11.07,2026.11.07,2시간,120.0,토요일(18:00),36.3679381,127.3442986,대전광역시 유성구 대학로 99,정심화홀,1817.0,대전,유성구,4,3,3
PF300975,FC000081,FC000081-01,윤수일 BAND 전국투어 콘서트 [울산],대중음악,2026.10.24,2026.10.24,2시간,120.0,토요일(19:00),,,,,,,,,3,
PF300974,FC001370,FC001370-02,두 도시 이야기,뮤지컬,2026.11.11,2027.02.08,2시간 50분,170.0,"화요일(19:30), 수요일(14:30,19:30), 목요일 ~ 금요일(19:30), 토요일 ~ 일요일(14:00,19:00), HOL(14:00,19:00)",,,,,,,,,3,
PF300973,FC002622,FC002622-01,라라라온 [서울 라운지 엠],대중음악,2026.09.30,2026.09.30,1시간 40분,100.0,목요일(20:00),37.5500559,126.9325997,서울특별시 마포구 서강로 78 (창전동),LOUNGE M.,30.0,서울,마포구,1,2,1
PF300972,FC001247,FC001247-02,정승환 10주년 콘서트: 발라드 좋아하세요?,대중음악,2026.12.04,2026.12.06, ,,"금요일(20:00), 토요일(18:00), 일요일(17:00)",,,,,,,,,,
PF300971,FC002785,FC002785-01,"신촌블루스 40+1 그리고 부산, [부산]",대중음악,2026.10.11,2026.10.11,1시간 30분,90.0,일요일(18:00),,,,,,,,,2,
PF300958,FC000384,FC000384-01,소프라노 최선미 독창회,서양음악(클래식),2026.10.12,2026.10.12,1시간 40분,100.0,월요일(19:30),,,,,,,,,2,
PF300957,FC001438,FC001438-01,"낯익은 클래식, 클래시칸 앙상블 with 고상지 [수원]",서양음악(클래식),2026.10.03,2026.10.03,1시간 40분,100.0,토요일(17:00),,,,,,,,,2,
PF300956,FC004343,FC004343-01,소프라노 박지영 & 피아니스트 양기훈 듀오 리사이틀 [대전],서양음악(클래식),2026.09.30,2026.09.30,1시간 30분,90.0,수요일(19:30),36.3763434,127.3904662,대전광역시 유성구 엑스포로97번길 40 (도룡동),플랜에이 B홀,150.0,대전,유성구,1,2,1
PF300955,FC000065,FC000065-01,삼부작 프로젝트 Ⅱ,한국음악(국악),2026.10.09,2026.10.09,1시간 20분,80.0,금요일(17:00),37.506784499999995,127.06046089999997,서울특별시 강남구 테헤란로92길 12-9 (대치동),한국문화의집 KOUS,230.0,서울,강남구,1,2,1
PF300954,FC000859,FC000859-01,"제23회 호러와 함께 대구국제힐링공연예술제, 모서리",연극,2026.10.16,2026.10.18,1시간 10분,70.0,"금요일(19:30), 토요일(15:00,18:00), 일요일(15:00)",35.8552072,128.5832752,대구광역시 남구 현충로 256 (대명동),우전소극장,100.0,대구,남구,1,2,1
PF300953,FC000020,FC000020-02,소프라노 김경란 독창회,서양음악(클래식),2026.10.06,2026.10.06,1시간 30분,90.0,화요일(19:30),,,,,,,,,2,
PF300952,FC001838,FC001838-01,박강수 콘서트: 가을,대중음악,2026.10.03,2026.10.03,2시간,120.0,토요일(16:00),37.5484185,126.92151160000004,서울특별시 마포구 독막로15길 3-12 (상수동),베짱이홀,200.0,서울,마포구,1,3,2
PF300951,FC000183,FC000183-01,7인의 부인들 [대구],연극,2026.10.10,2026.10.10,1시간 30분,90.0,"토요일(15:00,18:00)",35.84337790000001,128.52284439999994,대구광역시 달서구 문화회관길 160 (장기동),청룡홀,455.0,대구,달서구,2,2,2
PF300950,FC000788,FC000788-01,변진섭 전국투어 콘서트: 변천사 시즌 2.7: 타임머신 [서울],대중음악,2026.11.08,2026.11.08,2시간,120.0,일요일(18:00),,,,,,,,,3,
PF300949,FC001193,FC001193-01,제12회 마루한 필하모닉 오케스트라 정기연주회 [대구],서양음악(클래식),2026.10.10,2026.10.10,1시간 30분,90.0,토요일(19:30),,,,,,,,,2,
PF300947,FC001107,FC001107-01,산타와 루돌프 [서울 양천],뮤지컬,2026.12.02,2026.12.27,1시간,60.0,"토요일(11:00,13:00,15:00), 일요일(11:00,14:00)",37.5269334,126.87138789999995,서울특별시 양천구 목동동로 233 (목동) 한국방송회관,한국방송회관 코바코홀 (구. 브로드홀),290.0,서울,양천구,1,2,1
PF300946,FC000415,FC000415-01,백제문화제 기념 제44회 공주시충남연정국악단 정기연주회: 국악으로 만나는 클래식과 영화음악 [공주],한국음악(국악),2026.10.08,2026.10.08,1시간 30분,90.0,목요일(19:30),36.46003280000001,127.11140380000006,충청남도 공주시 고마나루길 5 (웅진동),대공연장,629.0,충남,공주시,3,2,2
PF300944,FC000420,FC000420-01,헬로카봇: 카봇크루가 되어줘! [광주],뮤지컬,2026.12.12,2026.12.13,1시간 10분,70.0,"토요일(11:00,14:00,16:30), 일요일(11:00,14:00)",35.1570531,126.858156,전남광주통합특별시 서구 내방로 152 (쌍촌동),민주홀,802.0,전남광주,서구,3,2,2
PF300943,FC000676,FC000676-01,제205회 원주시립교향악단 정기연주회: 러시아의 울림,서양음악(클래식),2026.10.08,2026.10.08,1시간 30분,90.0,목요일(19:30),37.3418293,127.91946759999996,강원도 원주시 시청로 1 (무실동),원주백운아트홀,962.0,강원,원주시,3,2,2
PF300939,FC000854,FC000854-01,정글북: 모글리와 동물 친구들 [거제],뮤지컬,2026.12.06,2026.12.06,1시간,60.0,"일요일(11:00,14:00,16:00)",34.88487310000001,128.61892450000005,경상남도 거제시 계룡로 175 (고현동),공연장,404.0,경남,거제시,2,2,2
PF300938,FC001699,FC001699-01,공룡 애니멀 쇼 시즌3 [여주],서커스/마술,2026.11.21,2026.11.21,55분,55.0,"토요일(12:00,14:00,16:00)",37.3001848,127.6523511,경기도 여주시 신륵사길 6-6 (천송동),공연장,242.0,경기,여주시,1,1,1
PF300937,FC005062,FC005062-01,"숲세권 라이브, 임세모 단독 공연: 코스모스",대중음악,2026.10.04,2026.10.04,1시간 40분,100.0,일요일(17:00),37.57212,126.961099,서울특별시 종로구 사직로 8 (교북동),숲세권 라이브 2호점 ,0.0,서울,종로구,,2,
PF300936,FC001085,FC001085-01,"제11회 SF연극제, 아포칼립스 센터",연극,2026.11.04,2026.11.08,1시간 30분,90.0,"수요일 ~ 금요일(19:30), 토요일(15:00,18:00), 일요일(15:00)",37.5812279,127.00391100000002,서울특별시 종로구 대학로12길 63 (동숭동),소극장 혜화당 (구. 까망소극장) ,105.0,서울,종로구,1,2,1
PF300935,FC004237,FC004237-01,NEKIRU X Maison de Queen 2MAN,대중음악,2026.10.09,2026.10.09,1시간 15분,75.0,금요일(19:15),37.5522263,126.9221353,서울특별시 마포구 와우산로21길 31 (서교동),세티 라이브홀 (SETI LIVE HALL) ,0.0,서울,마포구,,2,
PF300933,FC001556,FC001556-01,제4회 소아베 트리오 정기연주회,서양음악(클래식),2026.10.25,2026.10.25,1시간 20분,80.0,일요일(19:30),37.564089,126.93898089999992,서울특별시 서대문구 연세로 50 (신촌동) 연세대학교 백양누리 B1 금호아트홀 연세,금호아트홀 연세,390.0,서울,서대문구,2,2,2
PF300929,FC003190,FC003190-02,"찰리재즈퀄텟, ONLY FOR JAZZ [대구] (10.30)",대중음악,2026.10.30,2026.10.30,1시간,60.0,금요일(20:00),35.8527959,128.5844351,대구광역시 남구 현충로48길 19(대명동),콘서트홀,30.0,대구,남구,1,2,1
PF300928,FC005051,FC005051-01,동래 K-POP 랜플 데이 [부산 동래] (10월),대중무용,2026.10.03,2026.10.03,1시간,60.0,토요일(14:00),35.211432,129.077612,부산광역시 동래구 중앙대로 1393 (온천동),어울림마당,0.0,부산,동래구,,2,
PF300927,FC002785,FC002785-03,KT&G 상상마당 부산 루프탑 공연: 낭만도심,대중음악,2026.10.18,2026.10.18,1시간 30분,90.0,일요일(19:00),,,,,,,,,2,
PF300926,FC000515,FC000515-01,압독의 노래 [경산],뮤지컬,2026.11.07,2026.11.08,1시간 30분,90.0,"토요일(19:30), 일요일(15:00)",35.8181935,128.74785610000004,경상북도 경산시 계양로 28 (계양동),대강당,646.0,경북,경산시,3,2,2
PF300925,FC000384,FC000384-01,베이스 윤희섭 귀국 독창회,서양음악(클래식),2026.10.01,2026.10.01,1시간 30분,90.0,목요일(19:30),,,,,,,,,2,
PF300924,FC004802,FC004802-01,"음악공방 피오레움, 인플루언서 초대석: 한슬",서양음악(클래식),2026.10.10,2026.10.10,1시간,60.0,토요일(17:00),37.483599,127.012844,서울특별시 서초구 효령로52길 16 (서초동),공연장,0.0,서울,서초구,,2,
PF300923,FC001203,FC001203-01,베드타임 스토리,연극,2026.09.29,2026.09.30,1시간 20분,80.0,화요일 ~ 수요일(20:00),,,,,,,,,2,
PF300922,FC000435,FC000435-01,모스틀리 오케스트라의 스토리가 있는 음악회: 내 사랑을 받아주세요 [예산],서양음악(클래식),2026.10.02,2026.10.02,1시간 40분,100.0,금요일(19:00),36.685362,126.84961739999994,충청남도 예산군 예산읍 아리랑로 185-14,예산문예회관,510.0,충남,예산군,3,2,2
PF300921,FC003225,FC003225-01,"제17회 대전국제소극장연극축제, 상처입은 의식 (Yarali Bilinc)",연극,2026.10.06,2026.10.07,1시간 10분,70.0,화요일 ~ 수요일(19:30),36.3267236,127.4230361,대전광역시 중구 중앙로112번길 15(대흥동),관용극장,100.0,대전,중구,1,2,1
PF300915,FC001918,FC001918-01,AKMU CONCERT: 소문의 낙원 (Paradise of Rumors) [전남 광주],대중음악,2026.12.25,2026.12.25,2시간 30분,150.0,금요일(16:00),35.147472,126.840268,전남광주통합특별시 서구 상무누리로 30 (치평동),다목적홀,3000.0,전남광주,서구,4,3,3
PF300913,FC003150,FC003150-01,"사운드 오브 BAC, 오르간 유니버스 [부천]",서양음악(클래식),2026.10.09,2026.10.10,1시간,60.0,"토요일(11:00,14:00), HOL(11:00,14:00)",,,,,,,,,2,
PF300911,FC000001,FC000001-05,블래져 목관앙상블 정기연주회,서양음악(클래식),2026.10.04,2026.10.04,1시간 40분,100.0,일요일(14:00),,,,,,,,,2,
PF300894,FC001289,FC001289-01,김지연 피아노 리사이틀: PRELUDE & SONATA [대전],서양음악(클래식),2026.10.16,2026.10.16,1시간 30분,90.0,금요일(19:30),36.3222524,127.41610430000004,대전광역시 중구 중앙로 32 (문화동),누리홀,140.0,대전,중구,1,2,1
PF300893,FC003164,FC003164-01,AKMU CONCERT: 소문의 낙원 (Paradise of Rumors) [강릉],대중음악,2026.11.07,2026.11.07,2시간 30분,150.0,토요일(17:00),37.7788933,128.900008,강원도 강릉시 수리골길 100(포남동),스피드스케이팅경기장,8000.0,강원,강릉시,4,3,3
PF300892,FC000934,FC000934-01,백설공주 [평택],뮤지컬,2026.11.29,2026.11.29,55분,55.0,"일요일(11:00,14:00,16:00)",36.9909219,127.11427630000004,경기도 평택시 중앙로 277 (비전동),대공연장,606.0,경기,평택시,3,1,2
PF300891,FC001370,FC001370-01,플로리안 노악 피아노 리사이틀 [서울],서양음악(클래식),2026.11.30,2026.11.30,1시간 50분,110.0,월요일(19:30),,,,,,,,,2,
PF300890,FC001994,FC001994-01,이상한 나라의 춘자씨 [서울 용산],뮤지컬,2026.10.16,2026.11.15,1시간 45분,105.0,"월요일(19:30), 수요일 ~ 금요일(19:30), 토요일 ~ 일요일(15:00)",37.5369721,127.0094906,서울특별시 용산구 독서당로 111 (한남동),더 줌 아트센터,128.0,서울,용산구,1,2,1
PF300886,FC000567,FC000567-01,백설공주 [서울 강북],뮤지컬,2026.11.21,2026.11.22,55분,55.0,"토요일 ~ 일요일(11:00,14:00,16:30)",37.6214312,127.0406246,서울특별시 강북구 월계로 173 (번동),퍼포먼스홀,283.0,서울,강북구,1,1,1
PF300885,FC001513,FC001513-01,위대한 베토벤 (The Great Beethoven) [서울],서양음악(클래식),2026.11.11,2026.11.11,2시간 20분,140.0,수요일(19:30),37.5130605,127.10349500000008,서울특별시 송파구 올림픽로 300 (신천동) 롯데월드몰 8층 롯데문화재단,롯데콘서트홀,2036.0,서울,송파구,4,3,3
PF300884,FC000832,FC000832-01,"부산국제공연예술마켓 (BPAM) , 당클매다: 신이 머문 자리",무용(서양/한국무용),2026.10.06,2026.10.06,1시간,60.0,화요일(18:30),35.1711676,129.1740165,부산광역시 해운대구 양운로 97 (좌동),해운홀,458.0,부산,해운대구,2,2,2
PF300883,FC000788,FC000788-01,윤항기 65주년 기념 헌정 공연: 여러분 덕분에 나는 행복합니다,대중음악,2026.10.24,2026.10.24,2시간,120.0,토요일(18:00),,,,,,,,,3,
PF300882,FC002633,FC002633-02,"제26회 SPAF, 히히히스토리",무용(서양/한국무용),2026.10.15,2026.10.17,1시간,60.0,"목요일 ~ 금요일(19:30), 토요일(15:00)",37.5820961,127.0031785,서울특별시 종로구 대학로10길 17 (동숭동),소극장,132.0,서울,종로구,1,2,1
PF300881,FC001376,FC001376-01,우리는 언제나 ㅇㅇ 였다 [부산],연극,2026.10.01,2026.10.03,1시간 10분,70.0,"목요일 ~ 금요일(19:30), 토요일(16:00)",35.1485415,129.11040309999998,부산광역시 수영구 수영로 477 (남천동),소극장 6번출구,90.0,부산,수영구,1,2,1
PF300875,FC000328,FC000328-01,Mass Of The Fermenting Dregs World Tour: Iwaou with Dabda [서울],대중음악,2026.12.04,2026.12.04,1시간 30분,90.0,금요일(19:30),37.550925,126.92114200000005,서울특별시 마포구 어울마당로 65 (서교동),KT&G 상상마당 라이브홀 [마포] ,150.0,서울,마포구,1,2,1
PF300872,FC000441,FC000441-01,시간을 넘어서 [청양],뮤지컬,2026.10.01,2026.10.01,1시간 40분,100.0,목요일(19:30),36.4562778,126.80048940000006,충청남도 청양군 청양읍 문화예술로 187,대공연장,642.0,충남,청양군,3,2,2
PF300871,FC002997,FC002997-01,겨울왕국 [양주],뮤지컬,2026.11.01,2026.11.01,55분,55.0,"일요일(11:00,13:00,15:00)",37.7991099,127.0451659,경기도 양주시 평화로 1215(산북동),대강당,389.0,경기,양주시,2,1,1
PF300868,FC000649,FC000649-01,알라딘 [수원],뮤지컬,2026.11.01,2026.11.01,55분,55.0,"일요일(13:00,15:00,17:00)",37.3039008,127.01016819999997,경기도 수원시 장안구 송원로 101 (조원동),한누리아트홀,499.0,경기,수원시,2,1,1
PF300861,FC001381,FC001381-01,"풍류열전, 국악밴드 TONE의 하얀: 팔레트 [대구]",한국음악(국악),2026.10.13,2026.10.13,1시간 10분,70.0,화요일(20:00),35.8460663,128.5804197,대구광역시 남구 현충로 148 (대명동),꿈꾸는씨어터,120.0,대구,남구,1,2,1
PF300860,FC003609,FC003609-01,라라미 댄스 페스티벌 [서울],무용(서양/한국무용),2026.09.29,2026.09.30,1시간 20분,80.0,화요일 ~ 수요일(19:30),37.5601124,126.9622821,서울특별시 서대문구 충정로 7 (충정로3가),모두예술극장,259.0,서울,서대문구,1,2,1
PF300858,FC000233,FC000233-02,"제8회 공연예술축제 그라제, 전남광주통합특별시립오페라단: 해설이 있는 즐거운 오페라 여행",서양음악(클래식),2026.10.02,2026.10.02,1시간,60.0,금요일(19:00),,,,,,,,,2,
PF300857,FC004296,FC004296-01,"송년 오페라 갈라, 카르멘 VS 카르멘 [부산]",서양음악(클래식),2026.12.12,2026.12.12,2시간,120.0,토요일(19:00),35.1693728,129.0542532,부산광역시 부산진구 동평로 250 (연지동),콘서트홀,2011.0,부산,부산진구,4,3,3
PF300851,FC000711,FC000711-01,정글북 [김해],뮤지컬,2026.11.07,2026.11.07,1시간,60.0,"토요일(11:00,14:00,16:00)",35.1914593,128.79697080000005,경상남도 김해시 대청로176번길 7 (대청동),공연장,333.0,경남,김해시,2,2,2
PF300850,FC000001,FC000001-02,정상욱 피아노 독주회,서양음악(클래식),2026.10.03,2026.10.03,1시간 40분,100.0,토요일(14:00),,,,,,,,,2,
PF300849,FC001619,FC001619-01,"강남발레단 가을 정기 공연, 돈키호테 하일라이트",무용(서양/한국무용),2026.10.08,2026.10.08,1시간 10분,70.0,목요일(19:30),37.495188,127.03321630000003,서울특별시 강남구 역삼로7길 16 (역삼동),강남씨어터,232.0,서울,강남구,1,2,1
PF300848,FC001196,FC001196-01,신데렐라 [구리],무용(서양/한국무용),2026.10.09,2026.10.10,1시간 35분,95.0,"금요일(17:00), 토요일(17:00)",37.5954358,127.12996380000004,경기도 구리시 아차산로 453,코스모스대극장,600.0,경기,구리시,3,2,2
PF300847,FC004693,FC004693-01,"XSCALA SERIES, 정동하",대중음악,2026.10.25,2026.10.25,51시간 40분,3100.0,일요일(17:00),,,,,,,,,4,
PF300846,FC001216,FC001216-01,"제26회 SPAF: 한강, 줄리 델리케, 이자벨 위페르 그리고 이혜영: 새",연극,2026.10.10,2026.10.11,1시간 30분,90.0,"토요일(19:30), 일요일(17:00)",,,,,,,,,2,
PF300842,FC001270,FC001270-04,천하무뽕,연극,2026.10.01,2026.10.03,50분,50.0,"목요일(11:00), 토요일(11:00,15:00)",35.1467193,126.92025420000004,전남광주통합특별시 동구 문화전당로 38 (광산동),어린이극장,120.0,전남광주,동구,1,1,1
PF300839,FC000031,FC000031-02,"이승기 콘서트, 기승전: 樂",대중음악,2026.10.23,2026.10.25,2시간,120.0,"금요일(19:30), 토요일(18:00), 일요일(16:00)",37.5408717,127.00244010000006,서울특별시 용산구 이태원로 294 (한남동),우리WON뱅킹홀(구. SOL트래블홀) ,1373.0,서울,용산구,4,3,3
PF300838,FC002471,FC002471-01,제257회 상상극장 정기공연: 돌멩이찌개 [군포],연극,2026.10.22,2026.10.24,40분,40.0,"목요일(11:00), 금요일(11:00,19:30), 토요일(11:00)",37.3463508,126.9430831,경기도 군포시 고산로 263 (당동),상상극장,87.0,경기,군포시,1,1,1
PF300837,FC000493,FC000493-01,빨간코루돌프와 산타클로스 [순천],뮤지컬,2026.12.26,2026.12.26,1시간,60.0,"토요일(11:00,13:00,15:00)",,,,,,,,,2,
PF300836,FC003099,FC003099-01,알토 포 투 X 자라섬 재즈 페스티벌 연계 공연 [세종],대중음악,2026.10.11,2026.10.11,1시간 10분,70.0,일요일(17:00),36.4813104,127.2898957,세종특별자치시 시청대로 167(보람동),재즈인연구소,60.0,세종,세종특별자치시,1,2,1
PF300835,FC002942,FC002942-01,"가을클래식페스티벌, 덕후의 심장을 연주하다 Part 2 [부산]",서양음악(클래식),2026.10.10,2026.10.10,1시간 5분,65.0,토요일(19:30),35.1583946,129.0642014,부산광역시 부산진구 서전로37번길 14-1(전포동),전포와일드클럽,40.0,부산,부산진구,1,2,1
PF300834,FC002305,FC002305-01,빨간코 루돌프와 산타클로스 [세종],뮤지컬,2026.12.20,2026.12.20,55분,55.0,"일요일(12:00,14:00,16:00)",36.4922533,127.3032718,세종특별자치시 국책연구원3로 12 (반곡동),다목적공연장,220.0,세종,세종특별자치시,1,1,1
PF300833,FC001217,FC001217-01,불편한 편의점 [성남],연극,2026.11.14,2026.11.15,1시간 50분,110.0,토요일 ~ 일요일(15:00),37.4448723,127.13890700000002,경기도 성남시 수정구 수정로171번길 10,대극장,645.0,경기,성남시,3,2,2
PF300832,FC003150,FC003150-01,알버트 카노 스미트 피아노 리사이틀 [부천],서양음악(클래식),2026.12.11,2026.12.11,1시간 50분,110.0,금요일(19:30),,,,,,,,,2,
PF300829,FC003045,FC003045-02,Essence,무용(서양/한국무용),2026.10.03,2026.10.04,1시간,60.0,"토요일(19:00), 일요일(17:00)",37.565363,126.8293888,서울특별시 강서구 마곡중앙로 136(마곡동),U+ 스테이지,365.0,서울,강서구,2,2,2
PF300828,FC001875,FC001875-01,용궁에 간 토끼 [남양주],연극,2026.10.31,2026.10.31,55분,55.0,"토요일(12:00,14:00,16:00)",37.7169754,127.19123460000004,경기도 남양주시 진접읍 해밀예당1로 96 (금곡리),다목적강당,200.0,경기,남양주시,1,1,1
PF300826,FC000380,FC000380-01,CBS 콰이어 & CBS 소년소녀합창단 정기연주회: 심히 좋았더라 VERY GOOD,서양음악(클래식),2026.10.24,2026.10.24,1시간 30분,90.0,토요일(17:00),37.526273499999995,126.915486,서울특별시 영등포구 여의공원로 13 (여의도동),KBS홀,1627.0,서울,영등포구,4,2,3
PF300824,FC004127,FC004127-01,"온: 콘서트, 루닐스라운지: DUOLOGUE",대중음악,2026.10.16,2026.10.16,1시간 10분,70.0,금요일(20:00),37.5002447,127.1066645,서울특별시 송파구 송파대로37길 50 (석촌동),온쉼표,0.0,서울,송파구,,2,
PF300823,FC001201,FC001201-01,라면에 파송송 [대학로],뮤지컬,2026.09.22,2026.10.11,1시간 30분,90.0,"화요일 ~ 수요일(19:30), 목요일(13:30,18:30), 토요일(18:30), 목요일 ~ 금요일(19:30), 토요일(18:30), 일요일(16:30)",37.5841705,127.00042899999994,서울특별시 종로구 창경궁로34길 18-12,"제이원 씨어터 (구. 서완소극장, 구. 씨어터고리) ",98.0,서울,종로구,1,2,1
PF300822,FC001131,FC001131-01,"톡톡 클래식 시리즈, 사랑에 빠지다 Fall in Love: 가을과 사랑에 빠진 클래식",서양음악(클래식),2026.10.30,2026.10.30,1시간 30분,90.0,금요일(19:30),,,,,,,,,2,
PF300821,FC003150,FC003150-01,제4회 오케스트라 syncope 정기연주회: 라흐마니노프와 생상스 [부천],서양음악(클래식),2026.10.18,2026.10.18,2시간,120.0,일요일(17:00),,,,,,,,,3,
PF300820,FC000847,FC000847-01,대중음악 웹진 IZM 25주년 기념 공연,대중음악,2026.10.23,2026.10.23,2시간 40분,160.0,금요일(19:30),37.5515008,126.9139502,"서울특별시 마포구 양화로 45 (서교동, 메세나폴리스)",동양생명홀,424.0,서울,마포구,2,3,2
PF300819,FC000244,FC000244-01,호두까기인형 [창원 진해],뮤지컬,2026.11.28,2026.11.29,55분,55.0,"토요일 ~ 일요일(11:00,14:00,16:00)",35.1691187,128.65962420000005,경상남도 창원시 진해구 진해대로 325 (태백동) 진해구민센터,공연장,395.0,경남,창원시,2,1,1
PF300818,FC000491,FC000491-02,겨울왕국 [목포],뮤지컬,2026.11.01,2026.11.01,55분,55.0,"일요일(11:00,13:00,15:00)",34.8122752,126.43679280000003,전남광주통합특별시 목포시 부주로 312 (옥암동),소공연장,400.0,전남광주,목포시,2,1,1
PF300817,FC000460,FC000460-01,토장군을 찾아라! [완주],뮤지컬,2026.10.09,2026.10.10,1시간,60.0,"금요일(14:00), 토요일(14:00)",,,,,,,,,2,
PF300815,FC000247,FC000247-02,악의 피 [통영],연극,2026.10.08,2026.10.09,1시간 10분,70.0,"목요일(19:30), 금요일(15:00,19:30)",34.8424044,128.4287974,경상남도 통영시 남망공원길 29 (동호동),소극장,290.0,경남,통영시,1,2,1
PF300814,FC000371,FC000371-01,브릿지클래식 1. Colors: 리듬의 색채 [춘천],서양음악(클래식),2026.10.08,2026.10.08,1시간 10분,70.0,목요일(19:30),,,,,,,,,2,
PF300812,FC001792,FC001792-01,송창식 with friends: 가객 [서울],대중음악,2026.11.14,2026.11.14,1시간 40분,100.0,토요일(18:00),,,,,,,,,2,
PF300807,FC000001,FC000001-12,클라비리아데 정기연주회: 국민대학교 피아노 페다고지 동문연주회,서양음악(클래식),2026.10.04,2026.10.04,1시간 30분,90.0,일요일(14:00),,,,,,,,,2,
PF300805,FC000001,FC000001-02,김대욱 트럼펫 독주회: 미국 작곡가의 트럼펫 음악 시리즈 Ⅴ,서양음악(클래식),2026.10.08,2026.10.08,1시간 10분,70.0,목요일(19:30),,,,,,,,,2,
PF300801,FC000878,FC000878-02,"두시 음악 살롱, 바로크의 정원 (11월)",서양음악(클래식),2026.11.12,2026.11.12,1시간 20분,80.0,목요일(14:00),,,,,,,,,2,
PF300800,FC002632,FC002632-02,"서울아트마켓 (PAMS) x SPAF, 제로셋 프로젝트: 어서오세요",연극,2026.10.20,2026.10.21,2시간 30분,150.0,화요일 ~ 수요일(19:30),,,,,,,,,3,
PF300799,FC000826,FC000826-01,러커스 더 스쿨 [여수],뮤지컬,2026.11.26,2026.11.28,1시간 15분,75.0,"목요일(11:00,14:30), 금요일(11:00,19:30), 토요일(14:00,17:00)",34.7498095,127.66498990000002,전남광주통합특별시 여수시 예울마루로 100 (시전동),대극장,1021.0,전남광주,여수시,4,2,3
PF300795,FC001258,FC001258-01,겨울왕국 [청주],뮤지컬,2026.12.20,2026.12.20,55분,55.0,"일요일(11:00,14:00,16:00)",36.6374278,127.4694055,충청북도 청주시 서원구 예체로 118-1 (사직동),청주아트홀 (구. 청주시민회관) ,710.0,충북,청주시,3,1,2
PF300794,FC000546,FC000546-01,"별, 밤 그리고 재즈 [영천]",대중음악,2026.09.30,2026.09.30,1시간 40분,100.0,수요일(19:00),35.9729409,128.93779010000003,경상북도 영천시 시청로 17 (문외동),스타홀,799.0,경북,영천시,3,2,2
PF300793,FC000823,FC000823-01,"어텐션 라이브 Ⅱ, 김준수 + 유태평양 + 두번째달 [용인]",한국음악(국악),2026.10.24,2026.10.24,1시간 30분,90.0,토요일(17:00),37.2317133,127.19885390000002,경기도 용인시 처인구 중부대로1392번길 15 (김량장동),처인홀,626.0,경기,용인시,3,2,2
PF300791,FC003043,FC003043-01,빨간코 루돌프와 산타클로스 [부산 기장],뮤지컬,2026.11.15,2026.11.15,55분,55.0,"일요일(11:00,13:00,15:00)",35.2434816,129.222956,부산광역시 기장군 기장읍 기장대로 560,차성아트홀,383.0,부산,기장군,2,1,1
PF300790,FC000152,FC000152-01,쇼 머스트 고 온 in 대학로,뮤지컬,2026.11.06,2026.12.31,1시간 39분,99.0,"수요일 ~ 금요일(19:30), 토요일(15:00,19:00), 일요일(14:00,18:00)",37.5728677,126.9970786,서울특별시 종로구 창경궁로 254 (명륜2가),2관,160.0,서울,종로구,1,2,1
PF300789,FC000073,FC000073-01,FIREWORKS,대중음악,2026.10.08,2026.10.08,2시간,120.0,목요일(20:00),37.5484417,126.9201058,서울특별시 마포구 어울마당로 35 (서교동) 지하 1층,롤링홀,200.0,서울,마포구,1,3,2
PF300788,FC000018,FC000018-02,플로리안노악 피아노 리사이틀 [안산],서양음악(클래식),2026.11.28,2026.11.28,1시간 30분,90.0,토요일(17:00),,,,,,,,,2,
PF300780,FC001341,FC001341-01,로봇특공대 [춘천],뮤지컬,2026.12.26,2026.12.26,1시간,60.0,"토요일(13:00,15:00)",37.8868706,127.73696949999999,강원도 춘천시 한림대학길 1,한림대학교 일송아트홀,780.0,강원,춘천시,3,2,2
PF300775,FC000854,FC000854-01,공룡 애니멀 쇼 시즌3 [거제],서커스/마술,2026.11.08,2026.11.08,55분,55.0,"일요일(12:00,14:00,16:00)",34.88487310000001,128.61892450000005,경상남도 거제시 계룡로 175 (고현동),공연장,404.0,경남,거제시,2,1,1
PF300770,FC003913,FC003913-01,"All Day, JAZZ SHOW! (올데이, 재즈쇼!) DAY (1부) (10.04)",대중음악,2026.10.04,2026.10.04,2시간,120.0,일요일(14:00),37.572217,126.9876446,서울특별시 종로구 삼일대로 428 (낙원동),이들스(2F),150.0,서울,종로구,1,3,2
PF300768,FC004555,FC004555-01,"재즈, 이야기를 노래하다: 4인의 아티스트가 전하는 이야기 [화성]",대중음악,2026.10.11,2026.12.12,1시간 20분,80.0,"토요일(17:00), 일요일(19:00)",37.211026,127.08947,경기도 화성시 동탄첨단산업1로 27 (영천동),인스파이어 컬쳐홀,0.0,경기,화성시,,2,
PF300756,FC001415,FC001415-02,정준우 호른 독주회 [대전],서양음악(클래식),2026.10.02,2026.10.02,1시간 10분,70.0,금요일(19:30),,,,,,,,,2,
PF300753,FC001591,FC001591-01,호두까기 인형 [서울 강남],뮤지컬,2026.11.29,2026.11.29,50분,50.0,"일요일(11:00,14:00,16:00)",37.527346,127.02735499999994,서울특별시 강남구 압구정로29길 21,토파즈홀 (컬처파크 4층),300.0,서울,강남구,2,1,1
PF300752,FC002017,FC002017-01,팥죽 할멈과 호랑이 [김포],뮤지컬,2026.10.09,2026.10.31,50분,50.0,"토요일(12:00,14:00), HOL(12:00,14:00)",37.651561,126.6394602,경기도 김포시 양촌읍 석모로 103 (석모리),김포한강괜찮은홀,110.0,경기,김포시,1,1,1
PF300745,FC000567,FC000567-02,한이제 오보에 독주회,서양음악(클래식),2026.10.02,2026.10.02,1시간 30분,90.0,금요일(19:30),37.6214312,127.0406246,서울특별시 강북구 월계로 173 (번동),콘서트홀,301.0,서울,강북구,2,2,2
PF300743,FC000001,FC000001-02,하세연 첼로 독주회,서양음악(클래식),2026.10.25,2026.10.25,1시간 30분,90.0,일요일(14:00),,,,,,,,,2,
PF300742,FC001556,FC001556-01,피아니스트 한가야 추모 음악회 Ⅱ,서양음악(클래식),2026.10.26,2026.10.26,1시간 40분,100.0,월요일(19:30),37.564089,126.93898089999992,서울특별시 서대문구 연세로 50 (신촌동) 연세대학교 백양누리 B1 금호아트홀 연세,금호아트홀 연세,390.0,서울,서대문구,2,2,2
PF300741,FC000600,FC000600-01,파편 [인천],연극,2026.10.02,2026.10.03,1시간 10분,70.0,"금요일(19:30), 토요일(15:00,18:00)",37.4374104,126.69273420000002,인천광역시 남구 매소홀로 618 (문학동),문학시어터,111.0,인천,미추홀구,1,2,1
PF300740,FC001784,FC001784-03,"GMC Chamber Series, 피아노 여윤지",서양음악(클래식),2026.10.10,2026.10.10,1시간 30분,90.0,토요일(17:00),,,,,,,,,2,
PF300739,FC002118,FC002118-01,케니 지 내한 공연,대중음악,2026.10.20,2026.10.21,1시간 30분,90.0,화요일 ~ 수요일(20:00),37.6193203,127.0583381,서울특별시 노원구 광운로 20(월계동),대극장,2029.0,서울,노원구,4,2,3
PF300737,FC001187,FC001187-01,장흥삼합 날리 부르스 [장흥],연극,2026.10.01,2026.10.01,1시간 20분,80.0,"목요일(14:00,19:00)",34.6766446,126.89826419999996,전남광주통합특별시 장흥군 장흥읍 읍성로 96,대공연장,496.0,전남광주,장흥군,2,2,2
PF300735,FC001328,FC001328-05,"중구문화의전당 잔디마당 야외 콘서트: 별빛, 우리 [울산]",복합,2026.10.16,2026.10.16,1시간 30분,90.0,금요일(19:00),35.5675422,129.3215364,울산광역시 중구 종가로 405 (성안동),야외 잔디마당,0.0,울산,중구,,2,
PF300732,FC004500,FC004500-01,"일단 달려봅니다, 그리고 윤성혁과 급한 노새와 채무자들",대중음악,2026.10.04,2026.10.04,2시간 20분,140.0,일요일(17:00),,,,,,,,,3,
PF300730,FC000746,FC000746-01,"이탈리아 Euregio Klassika 내한 공연, 콘서트 오페라: 라보엠 [동해]",서양음악(클래식),2026.10.14,2026.10.14,1시간 30분,90.0,수요일(19:30),37.5264687,129.1151526,강원도 동해시 평원로 15 (천곡동),대공연장,570.0,강원,동해시,3,2,2
PF300729,FC000167,FC000167-04,이주현 피아노 리사이틀 [부산],서양음악(클래식),2026.10.30,2026.10.30,1시간 30분,90.0,금요일(19:30),,,,,,,,,2,
PF300728,FC002632,FC002632-01,"SICF 서울국제안무페스티벌, NO IM NOT / TEMPO",무용(서양/한국무용),2026.11.01,2026.11.01,1시간 5분,65.0,일요일(19:30),,,,,,,,,2,
PF300727,FC000191,FC000191-01,이 마음은 편지로 하고 싶어서 [대구],서양음악(클래식),2026.10.07,2026.10.07,1시간 10분,70.0,수요일(19:30),,,,,,,,,2,
PF300725,FC004127,FC004127-01,"온: 콘서트, 코르타도의 Dandelion Parade",서양음악(클래식),2026.10.03,2026.10.03,1시간 10분,70.0,토요일(17:00),37.5002447,127.1066645,서울특별시 송파구 송파대로37길 50 (석촌동),온쉼표,0.0,서울,송파구,,2,
PF300722,FC003670,FC003670-01,JX TOUR CONCERT: CORE [인천],대중음악,2026.10.09,2026.10.11,2시간 30분,150.0,"HOL(18:00), 토요일 ~ 일요일(17:00)",37.4655301,126.3891177,인천광역시 중구 공항문화로 127 (운서동),아레나,14483.0,인천,영종구,4,3,3
PF300721,FC000191,FC000191-02,"김현태의 춤, 시인은 날개달린 가벼운 존재 [대구]",무용(서양/한국무용),2026.10.24,2026.10.25,1시간,60.0,토요일 ~ 일요일(18:00),,,,,,,,,2,
PF300715,FC000081,FC000081-02,늘근 도둑 이야기 [울산],연극,2026.10.17,2026.10.17,1시간 40분,100.0,"토요일(14:00,17:00)",,,,,,,,,2,
PF300712,FC001529,FC001529-01,탠덤,연극,2026.10.01,2026.10.11,1시간 30분,90.0,"화요일 ~ 금요일(19:30), 토요일 ~ 일요일(16:00), HOL(16:00)",37.5889086,127.00463660000004,서울특별시 성북구 성북로5길 9-3 (성북동1가),여행자극장,100.0,서울,성북구,1,2,1
PF300711,FC001823,FC001823-01,데이먼스 이어 콘서트: 죽은 연인에게로,대중음악,2026.10.24,2026.10.25,1시간 50분,110.0,"토요일(18:00), 일요일(17:00)",37.5581719,127.0067176,서울특별시 중구 동호로 241 (장충동2가) ,장충체육관,4507.0,서울,중구,4,2,3
PF300710,FC002035,FC002035-01,"먼데이프로젝트 시즌9, 우예린 단독 콘서트: 화음 (花音) Ⅱ",대중음악,2026.10.01,2026.10.01,1시간 30분,90.0,목요일(20:00),,,,,,,,,2,
PF300406,FC000167,FC000167-03,오페라 하이라이트 콘서트: 오페라 애호가를 위한 음악회 [부산],서양음악(클래식),2026.10.06,2026.10.06,1시간 50분,110.0,화요일(19:30),,,,,,,,,2,
PF300403,FC001184,FC001184-01,의암 주논개 [장수],서양음악(클래식),2026.09.30,2026.09.30,1시간 20분,80.0,수요일(19:00),35.6410294,127.5180878,전라북도 장수군 장수읍 한누리로 393,소공연장,278.0,전북,장수군,1,2,1
PF300401,FC001943,FC001943-01,무명전설 전국투어 콘서트 [인천],대중음악,2026.12.05,2026.12.05,2시간,120.0,"토요일(13:00,18:00)",37.4347246,126.7335991,인천광역시 남동구 소래로 500 (수산동),인천남동체육관,8828.0,인천,남동구,4,3,3
PF300393,FC004646,FC004646-01,DEAD ROCK WORKING FEST. (데드락워킹페스트),대중음악,2026.10.09,2026.10.09,4시간,240.0,금요일(18:00),,,,,,,,,4,
PF300390,FC000878,FC000878-05,"소담예감, 마리아킴 Jazz in the Garden [거제]",대중음악,2026.10.01,2026.10.01,1시간 10분,70.0,목요일(19:30),,,,,,,,,2,
PF300388,FC001256,FC001256-01,"블루포레스트: 다시, 바다숲 [포항]",한국음악(국악),2026.10.09,2026.10.09,1시간 30분,90.0,금요일(19:00),36.0191816,129.3432983,경상북도 포항시 남구 시청로 1 (대잠동),포항시청 대잠홀,597.0,경북,포항시,3,2,2
PF300377,FC002023,FC002023-01,"제23회 호러와 함께 대구국제 힐링공연예술제, 우리는 괜찮아지는 중입니다 [대구]",연극,2026.10.07,2026.10.09,1시간 20분,80.0,"수요일 ~ 목요일(19:30), 금요일(15:00,18:00)",35.8561262,128.5821888,대구광역시 남구 계명중앙1길 39-4 (대명동),골목실험극장,100.0,대구,남구,1,2,1
PF300361,FC004296,FC004296-01,"정명훈, 막심 벤게로프 & 도쿄 필하모닉 [부산]",서양음악(클래식),2026.10.20,2026.10.20,1시간 40분,100.0,화요일(19:30),35.1693728,129.0542532,부산광역시 부산진구 동평로 250 (연지동),콘서트홀,2011.0,부산,부산진구,4,2,3
PF300356,FC002033,FC002033-01,스모킹 건 김목경 & 블루스 밴드 콘서트,대중음악,2026.12.04,2026.12.04,1시간 40분,100.0,금요일(19:30),37.5541887,126.928539,서울특별시 마포구 와우산로29가길 15 (서교동),구름아래소극장,200.0,서울,마포구,1,2,1
PF300355,FC000227,FC000227-01,"제6회 여주인공 페스티벌, 이혼고백서",연극,2026.10.21,2026.10.25,1시간 40분,100.0,"수요일 ~ 금요일(19:30), 토요일 ~ 일요일(15:00)",,,,,,,,,2,
PF300305,FC005063,FC005063-01,ASIA CULTURE TERMINAL vol.02: EMNW Live in Seoul,대중음악,2026.10.02,2026.10.02,2시간,120.0,금요일(19:00),37.551855,126.922929,서울특별시 마포구 와우산로21길 19-11 (서교동),감마홀 [홍대] ,0.0,서울,마포구,,3,
PF300304,FC004802,FC004802-01,"음악공방 피오레움, 윤피아노 클래스 초청 연주회: 김현호",서양음악(클래식),2026.10.08,2026.10.08,1시간 30분,90.0,목요일(19:00),37.483599,127.012844,서울특별시 서초구 효령로52길 16 (서초동),공연장,0.0,서울,서초구,,2,
PF300303,FC005058,FC005058-01,"김정민 전국투어, 정민이형 콘서트: 창원에만 피는 꽃 [창원]",대중음악,2026.10.11,2026.10.11,2시간,120.0,일요일(13:00),35.25896,128.503964,경상남도 창원시 마산회원구 내서읍 함마대로 2640,청강홀,415.0,경남,창원시,2,3,2
PF300300,FC001191,FC001191-01,"포항국제음악제, 키아로스쿠로 콰르텟",서양음악(클래식),2026.11.08,2026.11.08,1시간 45분,105.0,일요일(17:00),,,,,,,,,2,
PF300299,FC000084,FC000084-01,프린세스 공주 [울산],뮤지컬,2026.11.22,2026.11.22,1시간,60.0,"일요일(13:00,15:00,17:00)",,,,,,,,,2,
PF300298,FC002379,FC002379-01,플레이리스트 와와 vol.3 샐리에브리웨어 & 전기뱀장어,대중음악,2026.10.03,2026.10.03,2시간 30분,150.0,토요일(19:00),37.5565279,126.935024,서울특별시 서대문구 연세로5다길 10 (창천동),복합문화공간 몽향,100.0,서울,서대문구,1,3,2
PF300289,FC004127,FC004127-01,"온: 콘서트, 루미넬라 듀오의 네 손이 그리는 환상 이야기",서양음악(클래식),2026.10.17,2026.10.17,1시간,60.0,토요일(15:00),37.5002447,127.1066645,서울특별시 송파구 송파대로37길 50 (석촌동),온쉼표,0.0,서울,송파구,,2,
PF300229,FC001356,FC001356-01,손민수 피아노 리사이틀 [익산],서양음악(클래식),2026.10.17,2026.10.17,2시간 15분,135.0,토요일(16:00),35.9515526,126.9869056,전라북도 익산시 동서로 490 (어양동),대공연장,1202.0,전북,익산시,4,3,3
PF300227,FC000236,FC000236-01,엄마를 찾아 떠나는 아리의 모험 [광주],한국음악(국악),2026.10.24,2026.10.24,1시간,60.0,"토요일(14:00,17:00)",35.130799,126.86026800000002,전남광주통합특별시 서구 마재로 3 (금호동),광주서구문화센터,326.0,전남광주,서구,2,2,2
PF300223,FC002033,FC002033-01,키퍼 (Kiefer) 내한공연 [서울],대중음악,2026.10.28,2026.10.28,2시간,120.0,수요일(20:00),37.5541887,126.928539,서울특별시 마포구 와우산로29가길 15 (서교동),구름아래소극장,200.0,서울,마포구,1,3,2
PF300221,FC001409,FC001409-01,브로콜리너마저의 전국 인디 교류 투어 [춘천],대중음악,2026.10.24,2026.10.24,2시간 55분,175.0,토요일(18:00),37.8813153,127.72997069999995,강원도 춘천시 스포츠타운길399번길 25 (삼천동),사운드홀,200.0,강원,춘천시,1,3,2
PF300219,FC000447,FC000447-02,제2회 군산시 어린이 무용단 정기공연: 왕비의 잔치 [군산],무용(서양/한국무용),2026.10.16,2026.10.16,1시간,60.0,"금요일(15:00,19:00)",,,,,,,,,2,
PF300218,FC003589,FC003589-01,냠냠할머니와 헨젤과 그레텔 [광주],뮤지컬,2026.09.01,2026.09.30,50분,50.0,"화요일 ~ 금요일(10:20,11:20), 토요일 ~ 일요일(12:00,14:00,16:00)",35.1336461,126.8748299,전남광주통합특별시 서구 금화로 240 (풍암동),행복을 주는 가족극장,50.0,전남광주,서구,1,1,1
PF300217,FC000003,FC000003-04,국립합창단 청년교육단원 결과보고회: Fermata: 음악이 머무는 자리,서양음악(클래식),2026.10.22,2026.10.22,1시간 25분,85.0,목요일(19:30),,,,,,,,,2,
PF300214,FC001142,FC001142-01,카페 론리 Cafe Lonely [대학로],뮤지컬,2026.10.10,2026.10.25,1시간 50분,110.0,"화요일 ~ 금요일(19:30), 토요일 ~ 일요일(15:00,19:30)",37.5802937,127.00526530000002,서울특별시 종로구 낙산길 14 (동숭동),R&J씨어터(구. 연진아트홀),127.0,서울,종로구,1,2,1
PF300213,FC001513,FC001513-01,지브리 & 디즈니 오케스트라 콘서트 (11.15),서양음악(클래식),2026.11.15,2026.11.15,1시간 50분,110.0,일요일(19:30),37.5130605,127.10349500000008,서울특별시 송파구 올림픽로 300 (신천동) 롯데월드몰 8층 롯데문화재단,롯데콘서트홀,2036.0,서울,송파구,4,2,3
PF300208,FC000020,FC000020-01,김동률 콘서트: 오래된 노래,대중음악,2026.10.17,2026.10.25,2시간 30분,150.0,"월요일(19:30), 목요일(19:30), 토요일 ~ 일요일(17:00)",,,,,,,,,3,
PF300200,FC001411,FC001411-01,삼중의 풍경,서양음악(클래식),2026.10.23,2026.10.23,2시간,120.0,금요일(19:30),37.4821798,127.0126517,서울특별시 서초구 반포대로 18 (서초동),페리지홀,202.0,서울,서초구,1,3,2
PF300197,FC000649,FC000649-01,미녀와 야수 [수원],뮤지컬,2026.11.21,2026.11.21,1시간,60.0,"토요일(13:00,15:00,17:00)",37.3039008,127.01016819999997,경기도 수원시 장안구 송원로 101 (조원동),한누리아트홀,499.0,경기,수원시,2,2,2
PF300196,FC001590,FC001590-01,백설공주 [고양],뮤지컬,2026.10.17,2026.10.18,55분,55.0,"토요일 ~ 일요일(11:00,14:00,16:00)",37.6677307,126.75104379999992,경기도 고양시 일산서구 호수로 817 (대화동),문화홀 (9층),540.0,경기,고양시,3,1,2
PF300193,FC000017,FC000017-02,론 브랜튼의 재즈 크리스마스! [수원],대중음악,2026.12.19,2026.12.19,1시간 30분,90.0,토요일(18:30),37.2618899,127.0374319,경기도 수원시 팔달구 효원로307번길 20 (인계동) 경기도문화의전당,소극장,502.0,경기,수원시,3,2,2
PF300188,FC001441,FC001441-01,"이성현 완창 판소리, 심청가: 지효지성",한국음악(국악),2026.10.04,2026.10.04,4시간 20분,260.0,일요일(15:00),,,,,,,,,4,
PF300031,FC000020,FC000020-02,"서울시소년소녀합창단, 광화문 이야기: 한양에서 서울까지",서양음악(클래식),2026.10.11,2026.10.11,2시간 30분,150.0,일요일(17:00),,,,,,,,,3,
PF300024,FC001179,FC001179-01,"8시 클래식 울주, 색소포니스트 윤여민과 친구들의 The Song of Ulju",서양음악(클래식),2026.09.30,2026.09.30,1시간,60.0,수요일(20:00),35.5644423,129.23207939999998,울산광역시 울주군 범서읍 천상중앙길 36,그린나래홀 (공연장) ,387.0,울산,울주군,2,2,2
PF300023,FC004469,FC004469-02,"낙동아트센터 마티네 콘서트, 피아노 소나타 시리즈 Ⅵ. 피아니스트 서형민의 베토벤소나타: 궁극의 함머클라비어",서양음악(클래식),2026.10.06,2026.10.06,1시간,60.0,화요일(11:00),35.102094,128.903987,부산광역시 강서구 명지국제1로 141 (명지동),앙상블극장,292.0,부산,강서구,1,2,1
PF300022,FC000358,FC000358-01,"대관령음악제, 강원의 사계 가을: 보헤미안의 영혼, 대지에서 예술로 [속초]",서양음악(클래식),2026.10.15,2026.10.15,1시간 35분,95.0,목요일(19:00),38.2127835,128.58869170000003,강원도 속초시 번영로 155 (영랑동),대공연장,579.0,강원,속초시,3,2,2
PF300021,FC000680,FC000680-01,백설공주와 일곱난쟁이 [춘천],뮤지컬,2026.11.07,2026.11.07, ,,"토요일(11:00,14:00,16:00)",37.9210964,127.7199971,강원도 춘천시 영서로 3017 (사농동),대극장,485.0,강원,춘천시,2,,
PF300020,FC001359,FC001359-01,안녕? 빨강머리 앤 [파주],뮤지컬,2026.10.02,2026.10.02,1시간 10분,70.0,금요일(19:00),37.724262,126.751094,경기도 파주시 와석순환로 415 (와동동),공연장,536.0,경기,파주시,3,2,2
PF300005,FC000826,FC000826-01,"GS칼텍스 예울마루 브런치 콘서트, 찬란한 시작의 울림 [여수]",서양음악(클래식),2026.12.03,2026.12.03,1시간 20분,80.0,목요일(11:00),34.7498095,127.66498990000002,전남광주통합특별시 여수시 예울마루로 100 (시전동),대극장,1021.0,전남광주,여수시,4,2,3
PF300004,FC000182,FC000182-01,무명의 용병사 [청주],연극,2026.09.28,2026.10.15,1시간 20분,80.0,"월요일(10:30), 화요일(19:30), 수요일(10:30), 목요일 ~ 금요일(19:30), 토요일 ~ 일요일(17:00)",36.6396741,127.48890740000002,충청북도 청주시 상당구 중앙로 30 (북문로2가),예술나눔 터,106.0,충북,청주시,1,2,1
PF300002,FC001270,FC001270-03,"ACC 수요극장, 투란도트 (영상화)",서양음악(클래식),2026.10.07,2026.10.07,2시간 20분,140.0,수요일(19:00),35.1467193,126.92025420000004,전남광주통합특별시 동구 문화전당로 38 (광산동),극장3,248.0,전남광주,동구,1,3,2
PF300001,FC001536,FC001536-01,[패키지] 충청남도 문예회관 공연관람 패키지D,복합,2026.11.21,2026.11.21,1시간 50분,110.0,"화요일(19:30), 토요일(16:00)",36.681115,126.67101189999994,충청남도 예산군 삽교읍 도청대로 600,충남도청 문예회관,836.0,충남,예산군,3,2,2
PF299998,FC001370,FC001370-01,"푸치니 오페라갈라 Viva Puccini, 푸치니 오페라 Turandot 초연 100주년 기념 공연",서양음악(클래식),2026.10.02,2026.10.02,2시간,120.0,금요일(19:30),,,,,,,,,3,
PF299996,FC000204,FC000204-01,"리나, 슈퍼히어로 [대구]",뮤지컬,2026.10.09,2026.10.10,1시간 15분,75.0,"토요일(11:00,14:00), HOL(11:00,14:00,16:30)",35.8295426,128.62841500000002,대구광역시 수성구 무학로 180 (지산동),대극장 (대공연장) ,1159.0,대구,수성구,4,2,3
PF299990,FC000463,FC000463-01,로봇 특공대 [익산],뮤지컬,2026.11.21,2026.11.21,55분,55.0,"토요일(14:00,16:00)",35.939343,126.96868100000006,전라북도 익산시 선화1로 106 (마동),중공연장,556.0,전북,익산시,3,1,2
PF299989,FC001556,FC001556-01,"금호영아티스트콘서트, 황성원 타악기 독주회",서양음악(클래식),2026.11.21,2026.11.21,1시간 20분,80.0,토요일(19:30),37.564089,126.93898089999992,서울특별시 서대문구 연세로 50 (신촌동) 연세대학교 백양누리 B1 금호아트홀 연세,금호아트홀 연세,390.0,서울,서대문구,2,2,2
PF299988,FC000287,FC000287-01,으랏차차 복방귀 [대구],뮤지컬,2026.10.17,2026.10.17,1시간,60.0,"토요일(11:00,14:00,16:00)",,,,,,,,,2,
PF299987,FC001556,FC001556-01,"금호영아티스트콘서트, 테너 정강한 독창회",서양음악(클래식),2026.11.14,2026.11.14,1시간 20분,80.0,토요일(19:30),37.564089,126.93898089999992,서울특별시 서대문구 연세로 50 (신촌동) 연세대학교 백양누리 B1 금호아트홀 연세,금호아트홀 연세,390.0,서울,서대문구,2,2,2
PF299985,FC001556,FC001556-01,"금호영아티스트콘서트, 최윤호 더블베이스 독주회",서양음악(클래식),2026.10.17,2026.10.17,1시간 20분,80.0,토요일(19:30),37.564089,126.93898089999992,서울특별시 서대문구 연세로 50 (신촌동) 연세대학교 백양누리 B1 금호아트홀 연세,금호아트홀 연세,390.0,서울,서대문구,2,2,2
PF299984,FC001556,FC001556-01,"금호영아티스트콘서트, 민경배 피아노 독주회",서양음악(클래식),2026.10.31,2026.10.31,1시간 20분,80.0,토요일(19:30),37.564089,126.93898089999992,서울특별시 서대문구 연세로 50 (신촌동) 연세대학교 백양누리 B1 금호아트홀 연세,금호아트홀 연세,390.0,서울,서대문구,2,2,2
PF299981,FC001409,FC001409-06,"A tempo, #여유와 설빈",대중음악,2026.10.04,2026.10.04,1시간,60.0,일요일(16:30),37.8813153,127.72997069999995,강원도 춘천시 스포츠타운길399번길 25 (삼천동),A동 2층 테라스,0.0,강원,춘천시,,2,
PF299980,FC001556,FC001556-01,"금호영재콘서트, 김성온 바이올린 독주회",서양음악(클래식),2026.10.31,2026.10.31,1시간 10분,70.0,토요일(15:00),37.564089,126.93898089999992,서울특별시 서대문구 연세로 50 (신촌동) 연세대학교 백양누리 B1 금호아트홀 연세,금호아트홀 연세,390.0,서울,서대문구,2,2,2
PF299890,FC004799,FC004799-01,프라컨템포: 리토비오시스,연극,2026.10.13,2026.10.18,1시간 20분,80.0,"화요일 ~ 금요일(19:30), 토요일 ~ 일요일(15:00)",37.589381,127.008781,서울특별시 성북구 동소문로 24 (동소문동2가),공간 서론,50.0,서울,성북구,1,2,1
PF299889,FC001406,FC001406-01,미녀와 야수 [광주],뮤지컬,2026.11.07,2026.11.07,50분,50.0,"토요일(11:00,14:00)",35.2238269,126.8468487,전남광주통합특별시 북구 첨단과기로176번길 27 (오룡동),이벤트홀,300.0,전남광주,북구,2,1,1
PF299888,FC001191,FC001191-01,마리 퀴리 [포항],뮤지컬,2026.12.11,2026.12.12,2시간 30분,150.0,"금요일(19:00), 토요일(14:00)",,,,,,,,,3,
PF299887,FC000205,FC000205-01,펜트하우스 내한 공연: Penthouse ONE MAN LIVE TOUR Neon Garden in Seoul,대중음악,2026.12.19,2026.12.19, ,,토요일(19:00),,,,,,,,,,
PF299885,FC001629,FC001629-01,에튀드 스펙트럼 Ⅱ: 지유경 피아노 에튀드 리사이틀,서양음악(클래식),2026.11.21,2026.11.21,1시간 30분,90.0,토요일(15:00),37.5372055,127.00552319999996,서울특별시 용산구 한남대로 98 (한남동),일신홀,189.0,서울,용산구,1,2,1
PF299883,FC001556,FC001556-01,클래식 좀 들어라: playlist,서양음악(클래식),2026.10.03,2026.10.03,1시간 20분,80.0,토요일(19:30),37.564089,126.93898089999992,서울특별시 서대문구 연세로 50 (신촌동) 연세대학교 백양누리 B1 금호아트홀 연세,금호아트홀 연세,390.0,서울,서대문구,2,2,2
PF299879,FC001366,FC001366-16,"울림콘서트, 10월항쟁 80주년 헌정콘서트: 시월에 울다, 시대를 울리다 [대구]",대중음악,2026.10.03,2026.10.03,2시간,120.0,토요일(19:00),,,,,,,,,3,
PF299878,FC001383,FC001383-01,제20회 한들물빛 갤러리아 오케스트라 정기연주회 : 금난새와 함께하는 클래식 여행 [천안],서양음악(클래식),2026.11.15,2026.11.15,1시간 30분,90.0,일요일(18:30),36.7561303,127.2248886,충청남도 천안시 동남구 성남면 종합휴양지로 185,대공연장,1642.0,충남,천안시,4,2,3
PF299876,FC000001,FC000001-05,제26회 알테무지크서울 정기연주회,서양음악(클래식),2026.10.28,2026.10.28,1시간 30분,90.0,수요일(19:30),,,,,,,,,2,
PF299875,FC002677,FC002677-01,"제6회 첫걸음 페스티벌, 고슴도치 유전자",연극,2026.10.06,2026.10.08,1시간 10분,70.0,"화요일(19:30), 수요일(15:00,19:30), 목요일(19:30)",37.5815333,127.0043015,서울특별시 종로구 동숭길 74 (동숭동),소극장 플랫폼74,70.0,서울,종로구,1,2,1
PF299874,FC000537,FC000537-01,꽃의비밀 [안동],연극,2026.12.04,2026.12.05,2시간,120.0,"금요일(19:30), 토요일(17:00)",36.5595259,128.7256906,경상북도 안동시 축제장길 66 (안흥동),웅부홀,994.0,경북,안동시,3,3,3
PF299871,FC000001,FC000001-05,이지혜 x 김다솔: Beethoven Ⅱ,서양음악(클래식),2026.10.24,2026.10.24,1시간 25분,85.0,토요일(14:00),,,,,,,,,2,
PF299869,FC001216,FC001216-01,헨리 6세,연극,2026.10.01,2026.10.04,2시간,120.0,"목요일 ~ 금요일(19:30), 토요일 ~ 일요일(19:00)",,,,,,,,,3,
PF299866,FC000491,FC000491-02,로봇 특공대 [목포],뮤지컬,2026.12.19,2026.12.19,55분,55.0,"토요일(12:00,14:00,16:00)",34.8122752,126.43679280000003,전남광주통합특별시 목포시 부주로 312 (옥암동),소공연장,400.0,전남광주,목포시,2,1,1
PF299668,FC000084,FC000084-01,"북구와 함께하는 예술의전당 SAC on Screen, 랑데부 [울산] (영상화)",연극,2026.09.30,2026.09.30,1시간 50분,110.0,수요일(19:30),,,,,,,,,2,
PF299662,FC000567,FC000567-01,이상한 나라의 앨리스 [서울 강북],뮤지컬,2026.10.17,2026.10.18,55분,55.0,"토요일 ~ 일요일(11:00,14:00,16:30)",37.6214312,127.0406246,서울특별시 강북구 월계로 173 (번동),퍼포먼스홀,283.0,서울,강북구,1,1,1
PF299660,FC000240,FC000240-01,미녀와 야수 [과천],뮤지컬,2026.11.21,2026.11.22,55분,55.0,"토요일 ~ 일요일(11:00,14:00,16:00)",37.4382454,127.0059149,경기도 과천시 상하벌로 110 (과천동),어울림홀,495.0,경기,과천시,2,1,1
PF299658,FC000676,FC000676-01,김장훈 전국투어 콘서트: 원맨쇼 [원주],대중음악,2026.11.01,2026.11.01,2시간,120.0,일요일(17:00),37.3418293,127.91946759999996,강원도 원주시 시청로 1 (무실동),원주백운아트홀,962.0,강원,원주시,3,3,3
PF299656,FC004296,FC004296-01,"제11회 KNN방송교향악단 정기연주회: 교향곡 마스터피스 시리즈, 피아니스트 임동혁 초청 [부산]",서양음악(클래식),2026.11.07,2026.11.07,1시간 40분,100.0,토요일(19:30),35.1693728,129.0542532,부산광역시 부산진구 동평로 250 (연지동),콘서트홀,2011.0,부산,부산진구,4,2,3
PF299635,FC000028,FC000028-01,"목요예술무대 Ⅲ. 우리동네 명작극장, 명색이 아프레걸 (영상화)",한국음악(국악),2026.10.29,2026.10.29,1시간 47분,107.0,목요일(19:30),,,,,,,,,2,
PF299410,FC000420,FC000420-01,바다탐험대 옥토넛 시즌4: 숨겨진 보물을 찾아라! [광주],뮤지컬,2026.11.21,2026.11.22,1시간 5분,65.0,"토요일(11:00,14:00,16:30), 일요일(11:00,14:00)",35.1570531,126.858156,전남광주통합특별시 서구 내방로 152 (쌍촌동),민주홀,802.0,전남광주,서구,3,2,2
PF299269,FC005035,FC005035-01,IT–SHOW 예술로 그려지는 대한민국 [인천],한국음악(국악),2026.10.24,2026.10.24,1시간,60.0,"토요일(13:30,15:30)",37.517559,126.6591,인천광역시 서해구 원창로 92 (원창동),공연장,216.0,인천,서해구,1,2,1
PF299264,FC001256,FC001256-01,빨간코 루돌프와 산타클로스 [포항],뮤지컬,2026.12.19,2026.12.19,55분,55.0,"토요일(11:00,14:00,16:00)",36.0191816,129.3432983,경상북도 포항시 남구 시청로 1 (대잠동),포항시청 대잠홀,597.0,경북,포항시,3,1,2
PF299263,FC000160,FC000160-02,"11시 브런치 콘서트, 하모니카로 쓴 편지 [부산]",서양음악(클래식),2026.10.27,2026.10.27,1시간 20분,80.0,화요일(11:00),35.2459085,129.0941378,부산광역시 금정구 체육공원로 7 (구서동),소공연장(은빛샘홀),394.0,부산,금정구,2,2,2
PF299260,FC001873,FC001873-02,"회상 시리즈 Ⅱ, 기억의 결 [인천]",서양음악(클래식),2026.10.03,2026.10.03,1시간 30분,90.0,토요일(17:00),37.393484099999995,126.6309586,인천광역시 연수구 아트센터대로 222 (송도동),콘서트홀,1727.0,인천,연수구,4,2,3
PF299258,FC001556,FC001556-01,"Classic Mode, 대니 구 Violin",서양음악(클래식),2026.11.28,2026.11.28,2시간,120.0,토요일(17:00),37.564089,126.93898089999992,서울특별시 서대문구 연세로 50 (신촌동) 연세대학교 백양누리 B1 금호아트홀 연세,금호아트홀 연세,390.0,서울,서대문구,2,3,2
PF299255,FC000323,FC000323-01,로봇 특공대 [대전],뮤지컬,2026.10.24,2026.10.24,1시간,60.0,"토요일(11:00,14:00,16:00)",,,,,,,,,2,
PF299253,FC001691,FC001691-01,소가된게으름뱅이 [대전],뮤지컬,2026.09.24,2026.10.25,1시간,60.0,"토요일 ~ 일요일(12:00,14:00), HOL(12:00,14:00)",36.3767096,127.3908037,대전광역시 유성구 엑스포로97번길 40 (도룡동),조이마루아트홀,196.0,대전,유성구,1,2,1
PF299252,FC000287,FC000287-01,로봇 특공대 [대구],뮤지컬,2026.10.09,2026.10.09,1시간,60.0,"금요일(11:00,14:00,16:00)",,,,,,,,,2,
PF299250,FC002433,FC002433-01,파랑새 [용인],뮤지컬,2026.10.16,2026.10.18,1시간 20분,80.0,"금요일(11:00), 토요일 ~ 일요일(11:00,15:00)",37.3202647,127.0953462,경기도 용인시 수지구 문정로7번길 15 (풍덕천동),큰어울마당,599.0,경기,용인시,3,2,2
PF299247,FC001191,FC001191-01,로봇특공대 [포항],뮤지컬,2026.12.27,2026.12.27,1시간,60.0,"일요일(14:00,16:00)",,,,,,,,,2,
PF299246,FC001873,FC001873-02,제6회 인천국제고음악제 Ⅲ. 브루누 지 사 X 코리안 바로크 소사이어티: Celestial Voices,서양음악(클래식),2026.11.13,2026.11.13,1시간 40분,100.0,금요일(19:30),37.393484099999995,126.6309586,인천광역시 연수구 아트센터대로 222 (송도동),콘서트홀,1727.0,인천,연수구,4,2,3
PF299242,FC001213,FC001213-04,윤종신 전국투어 콘서트: 가을냄새 [서울],대중음악,2026.10.02,2026.10.04,2시간,120.0,"금요일(20:00), 토요일 ~ 일요일(17:00)",,,,,,,,,3,
PF299239,FC000342,FC000342-01,콧구멍을 후비면 [대구],뮤지컬,2026.10.10,2026.10.10,1시간,60.0,"토요일(11:00,14:00,16:00)",35.8204704,128.55330690000005,대구광역시 달서구 앞산순환로 180 (송현동),대극장,453.0,대구,달서구,2,2,2
PF299235,FC001256,FC001256-01,아기돼지 삼형제 [포항],뮤지컬,2026.12.20,2026.12.20,50분,50.0,"일요일(14:00,16:00)",36.0191816,129.3432983,경상북도 포항시 남구 시청로 1 (대잠동),포항시청 대잠홀,597.0,경북,포항시,3,1,2
PF299225,FC001256,FC001256-01,겨울이야기 [포항],뮤지컬,2026.10.10,2026.10.10,1시간,60.0,"토요일(13:30,15:30)",36.0191816,129.3432983,경상북도 포항시 남구 시청로 1 (대잠동),포항시청 대잠홀,597.0,경북,포항시,3,2,2
PF299221,FC000877,FC000877-01,"모글 윈드 오케스트라 X 창원 시민 뮤지컬단, 주크박스 뮤지컬: 사랑을 노래하다 [창원]",뮤지컬,2026.10.10,2026.10.10,1시간 10분,70.0,토요일(19:00),35.2258781,128.57720210000002,경상남도 창원시 마산회원구 삼호로 135 (양덕동),대극장,1182.0,경남,창원시,4,2,3
PF299219,FC000885,FC000885-03,피노키오 [창원],뮤지컬,2026.10.09,2026.10.09,50분,50.0,"금요일(11:00,14:00)",,,,,,,,,1,
PF299218,FC000819,FC000819-2,페인터즈 [고양],뮤지컬,2026.10.31,2026.10.31,1시간 15분,75.0,토요일(14:00),,,,,,,,,2,
PF299217,FC002277,FC002277-01,신데렐라 [화성],뮤지컬,2026.10.25,2026.10.25,50분,50.0,"일요일(11:00,16:00)",37.2123698,126.9607136,경기도 화성시 봉담읍 동화길 146,아이누리극장,224.0,경기,화성시,1,1,1
PF299214,FC001156,FC001156-01,빈집 [대학로],연극,2026.09.10,2026.10.18,1시간 30분,90.0,"화요일 ~ 수요일(17:00), 목요일 ~ 금요일(19:30), 토요일(14:00,17:00), 일요일(15:00)",37.5847101,126.9996688,서울특별시 종로구 성균관로4길 42 (명륜2가),지즐소극장,84.0,서울,종로구,1,2,1
PF299213,FC004310,FC004310-01,신데렐라 [서울],뮤지컬,2026.10.24,2026.10.24,50분,50.0,"토요일(11:00,15:00)",37.4982916,126.8658154,서울특별시 구로구 경인로 416 (고척동),구로창의아트홀,208.0,서울,구로구,1,1,1
PF299209,FC000001,FC000001-05,대건챔버콰이어 창단 30주년 기념연주회,서양음악(클래식),2026.10.23,2026.10.23,1시간 30분,90.0,금요일(19:30),,,,,,,,,2,
PF299198,FC001855,FC001855-01,백설공주 [시흥],뮤지컬,2026.10.05,2026.10.05,55분,55.0,"월요일(11:00,13:00,15:00)",,,,,,,,,1,
PF299195,FC000412,FC000412-01,지브리와 사랑에 빠지다: 지브리 영화음악 콘서트 [계룡],서양음악(클래식),2026.10.24,2026.10.24,1시간 30분,90.0,토요일(15:00),36.2729241,127.2341481,충청남도 계룡시 엄사면 문화1로 13,대공연장,718.0,충남,계룡시,3,2,2
PF297987,FC000001,FC000001-03,나 홀로 집에 인 콘서트 [서울],서양음악(클래식),2026.12.13,2026.12.13,2시간,120.0,일요일(17:00),,,,,,,,,3,
PF297984,FC000001,FC000001-03,"임현정의 베토벤 소나타 시리즈, 불멸",서양음악(클래식),2026.10.03,2026.10.03,1시간 30분,90.0,토요일(17:00),,,,,,,,,2,
PF297978,FC003244,FC003244-02,꽃의 비밀 [대학로],연극,2026.09.12,2026.11.29,2시간,120.0,"수요일(15:00), 목요일(19:30), 금요일(15:00,19:30), 토요일 ~ 일요일(14:00,18:00), HOL(14:00,18:00)",37.5846899,127.0022947,서울특별시 종로구 대학로14길 29(혜화동),벅스홀,390.0,서울,종로구,2,3,2
PF297976,FC003018,FC003018-01,"쿼드, 연극의 질문들: 김광보, 옥상 밭 고추는 왜",연극,2026.09.19,2026.10.04,1시간 30분,90.0,"화요일 ~ 금요일(19:30), 토요일 ~ 일요일(15:00), HOL(15:00)",37.583699,127.0037167,서울특별시 종로구 동숭길 122(동숭동),대학로극장 쿼드 (예술청) ,372.0,서울,종로구,2,2,2
PF297965,FC001383,FC001383-02,프리즌 [천안],연극,2026.12.24,2026.12.26,1시간 30분,90.0,"목요일(16:00,19:30), HOL(14:00,18:00), 토요일(14:00,18:00)",36.7561303,127.2248886,충청남도 천안시 동남구 성남면 종합휴양지로 185,소공연장,443.0,충남,천안시,2,2,2
PF297944,FC001258,FC001258-01,피터팬 [청주],뮤지컬,2026.10.17,2026.10.17,50분,50.0,"토요일(13:30,15:30)",36.6374278,127.4694055,충청북도 청주시 서원구 예체로 118-1 (사직동),청주아트홀 (구. 청주시민회관) ,710.0,충북,청주시,3,1,2
PF297942,FC000310,FC000310-01,피노키오 [검단],뮤지컬,2026.10.24,2026.10.24,50분,50.0,"토요일(11:30,14:00,16:00)",,,,,,,,,1,
PF297920,FC000420,FC000420-01,신비한 샌드매직쇼: 사라진 모래상자 [광주],서커스/마술,2026.10.31,2026.11.01,1시간,60.0,"토요일 ~ 일요일(11:00,14:00,16:00)",35.1570531,126.858156,전남광주통합특별시 서구 내방로 152 (쌍촌동),민주홀,802.0,전남광주,서구,3,2,2
PF297918,FC000059,FC000059-01,"영등포아트홀 기획공연, 한글날 특집 콘서트: 주현미, 가요백년을 노래하다",대중음악,2026.10.09,2026.10.09,1시간 40분,100.0,금요일(16:00),37.526038,126.90008899999998,서울특별시 영등포구 국회대로 596 (당산동3가),영등포아트홀,526.0,서울,영등포구,3,2,2
PF297912,FC001208,FC001208-01,곤 투모로우 [대학로],뮤지컬,2026.09.15,2026.11.29,2시간 30분,150.0,"화요일 ~ 금요일(19:30), 토요일(15:00,19:30), 일요일(14:00,18:30), HOL(14:00,18:30)",37.5769696,127.00203310000006,서울특별시 종로구 대학로 57 (연건동),대극장,702.0,서울,종로구,3,3,3
PF297901,FC001270,FC001270-21,ACC 엑스뮤직페스티벌 (ACC XMF),대중음악,2026.10.01,2026.10.04,9시간,540.0,"목요일(19:00), 금요일(15:00), 토요일(13:00), 일요일(17:00)",35.1467193,126.92025420000004,전남광주통합특별시 동구 문화전당로 38 (광산동),예술극장 일대,0.0,전남광주,동구,,4,
PF297898,FC004789,FC004789-01,왕관을 찾아서: 진묘수와 시간의 문 [공주],뮤지컬,2026.08.29,2026.11.07,1시간,60.0,"토요일(14:00,17:00)",36.4641,127.106077,충청남도 공주시 고마나루길 73 (웅진동),고마홀 ,0.0,충남,공주시,,2,
PF297893,FC000167,FC000167-03,프랑스 몽펠리에 국립오페라: 오페라 주니어 [부산],서양음악(클래식),2026.12.18,2026.12.18,1시간 10분,70.0,금요일(19:30),,,,,,,,,2,
PF297886,FC000028,FC000028-01,"키즈 콘서트 Ⅲ, 클랩! 그림책 콘서트",서양음악(클래식),2026.10.24,2026.10.24,1시간,60.0,"토요일(14:00,17:00)",,,,,,,,,2,
PF297885,FC001383,FC001383-02,크리스마스 영화음악 & 캐롤 콘서트 [천안],서양음악(클래식),2026.12.13,2026.12.13,1시간 30분,90.0,일요일(15:30),36.7561303,127.2248886,충청남도 천안시 동남구 성남면 종합휴양지로 185,소공연장,443.0,충남,천안시,2,2,2
PF297883,FC000076,FC000076-02,크리스마스 영화음악 & 캐롤 콘서트 [대전],서양음악(클래식),2026.12.20,2026.12.20,1시간 30분,90.0,일요일(17:00),,,,,,,,,2,
PF297882,FC000433,FC000433-01,개구쟁이 특공대: 마녀저택 [세종],뮤지컬,2026.10.02,2026.10.03,1시간 10분,70.0,"금요일(11:00,14:00,16:30), 토요일(11:00,14:00,16:30)",,,,,,,,,2,
PF297879,FC000240,FC000240-01,정글북 [과천],뮤지컬,2026.10.11,2026.10.11,50분,50.0,"일요일(11:30,14:00)",37.4382454,127.0059149,경기도 과천시 상하벌로 110 (과천동),어울림홀,495.0,경기,과천시,2,1,1
PF297875,FC001247,FC001247-01,AKMU CONCERT: 소문의 낙원 (Paradise of Rumors),대중음악,2026.10.09,2026.10.11,2시간 30분,150.0,"금요일(18:00), 토요일(17:00), 일요일(16:00)",,,,,,,,,3,
PF297870,FC001337,FC001337-01,소향 X 김기태 THE GREATEST: 전율 [대구],대중음악,2026.10.18,2026.10.18,2시간,120.0,일요일(18:00),35.8367325,128.754368,경상북도 경산시 대학로 280 (대동),그랜드홀,1889.0,경북,경산시,4,3,3
PF297869,FC001873,FC001873-02,"콘서트 오페라, 라보엠 (La Boheme) [인천]",서양음악(클래식),2026.12.22,2026.12.22,2시간 10분,130.0,화요일(19:30),37.393484099999995,126.6309586,인천광역시 연수구 아트센터대로 222 (송도동),콘서트홀,1727.0,인천,연수구,4,3,3
PF297860,FC000127,FC000127-01,고양시민을 위한 Orchestra + Ukulele 콜라보: 니가 있어 참 좋다,서양음악(클래식),2026.11.05,2026.11.05,1시간 40분,100.0,목요일(19:30),,,,,,,,,2,
PF297857,FC000020,FC000020-01,무비 심포니: The Space,서양음악(클래식),2026.10.01,2026.10.01,2시간,120.0,목요일(19:30),,,,,,,,,3,
PF297855,FC001074,FC001074-01,장윤정 라이브 콘서트: THE MASTER [부산],대중음악,2026.10.17,2026.10.17,2시간,120.0,"토요일(14:00,18:00)",,,,,,,,,3,
PF297854,FC001359,FC001359-01,피터팬 [파주],뮤지컬,2026.10.04,2026.10.04,50분,50.0,"일요일(11:00,13:30,15:30)",37.724262,126.751094,경기도 파주시 와석순환로 415 (와동동),공연장,536.0,경기,파주시,3,1,2
PF297851,FC001875,FC001875-01,피터팬 [남양주],뮤지컬,2026.10.10,2026.10.10,50분,50.0,"토요일(11:30,14:00)",37.7169754,127.19123460000004,경기도 남양주시 진접읍 해밀예당1로 96 (금곡리),다목적강당,200.0,경기,남양주시,1,1,1
PF297850,FC003195,FC003195-01,볼프강 엠마누엘 슈미트 첼로 리사이틀,서양음악(클래식),2026.10.13,2026.10.13,2시간,120.0,화요일(19:30),37.5195101,127.019106,서울특별시 강남구 강남대로 652(신사동),거암아트홀,144.0,서울,강남구,1,3,2
PF297847,FC001422,FC001422-01,"우리 동네 예술 나들이, 뚜르페스타: 수비사니 숲수비 [춘천]",복합,2026.11.21,2026.11.29,55분,55.0,"토요일 ~ 일요일(14:00,17:00)",37.8806042,127.75453360000006,강원도 춘천시 세실로 267 (후평동),소극장 존(ZONE),90.0,강원,춘천시,1,1,1
PF297831,FC001556,FC001556-01,"금호 위너스, 정승호 Piano",서양음악(클래식),2026.10.08,2026.10.08,1시간 30분,90.0,목요일(19:30),37.564089,126.93898089999992,서울특별시 서대문구 연세로 50 (신촌동) 연세대학교 백양누리 B1 금호아트홀 연세,금호아트홀 연세,390.0,서울,서대문구,2,2,2
PF297826,FC004296,FC004296-01,"빈 필하모닉 내한공연, 투간 소키에프 & 조성진 [부산]",서양음악(클래식),2026.10.26,2026.10.26,2시간,120.0,월요일(19:30),35.1693728,129.0542532,부산광역시 부산진구 동평로 250 (연지동),콘서트홀,2011.0,부산,부산진구,4,3,3
PF297811,FC000642,FC000642-01,우주 매직쇼 [동두천],서커스/마술,2026.11.07,2026.11.08,1시간,60.0,"토요일 ~ 일요일(11:00,14:00)",37.905244499999995,127.04300910000006,경기도 동두천시 어수로 4 (상패동),동두천시민회관,480.0,경기,동두천시,2,2,2
PF297808,FC000336,FC000336-01,"엄마까투리: 유치원도, 도시도 처음이야 [평택 서부]",뮤지컬,2026.12.19,2026.12.20,1시간 10분,70.0,"토요일 ~ 일요일(11:00,14:00,16:30)",,,,,,,,,2,
PF297803,FC000238,FC000238-01,오리지널 과학마술콘서트 시즌1 [양산],서커스/마술,2026.10.10,2026.10.10,1시간 5분,65.0,"토요일(11:00,14:00,16:30)",35.3336224,129.03692249999995,경상남도 양산시 중앙로 39-1 (남부동),대공연장,796.0,경남,양산시,3,2,2
PF297797,FC000134,FC000134-01,오리지널 과학마술 콘서트 시즌1 [양주],서커스/마술,2026.10.31,2026.11.01,1시간 5분,65.0,"토요일 ~ 일요일(11:00,14:00)",37.8131434,126.97215749999998,경기도 양주시 광적면 부흥로618번길 303 양주문화예술회관,소공연장,311.0,경기,양주시,2,2,2
PF297794,FC001236,FC001236-01,엠. 버터플라이,뮤지컬,2026.09.22,2026.12.13,1시간 50분,110.0,"화요일(20:00), 수요일(16:00,20:00), 목요일 ~ 금요일(20:00), 토요일(15:00,19:00), 일요일(14:00,18:00), HOL(14:00,18:00)",37.5827158,127.00324840000007,서울특별시 종로구 대학로12길 21 (동숭동),1관,406.0,서울,종로구,2,2,2
PF297780,FC001556,FC001556-01,"금호 위너스, 김현서 Violin",서양음악(클래식),2026.12.10,2026.12.10,1시간 30분,90.0,목요일(19:30),37.564089,126.93898089999992,서울특별시 서대문구 연세로 50 (신촌동) 연세대학교 백양누리 B1 금호아트홀 연세,금호아트홀 연세,390.0,서울,서대문구,2,2,2
PF297778,FC001331,FC001331-01,베팅,연극,2026.10.04,2026.10.05,1시간 5분,65.0,"월요일(14:00), 일요일(14:00,16:30)",37.5875069,127.00735239999995,서울특별시 성북구 삼선교로 14 (삼선동1가),극장 봄,55.0,서울,성북구,1,2,1
PF297774,FC000017,FC000017-02,크리스마스 영화음악 & 캐롤 콘서트 [수원],서양음악(클래식),2026.12.13,2026.12.13,1시간 30분,90.0,토요일(15:00),37.2618899,127.0374319,경기도 수원시 팔달구 효원로307번길 20 (인계동) 경기도문화의전당,소극장,502.0,경기,수원시,3,2,2
PF297771,FC000001,FC000001-03,KT그룹희망나눔재단과 함께하는 예술의전당 마음을 담은 클래식 (10월),서양음악(클래식),2026.10.23,2026.10.23,2시간,120.0,금요일(11:00),,,,,,,,,3,
PF297770,FC001513,FC001513-01,샤를 뒤트와 & 마르타 아르헤리치 with KBS 교향악단,서양음악(클래식),2026.11.21,2026.11.22,1시간 50분,110.0,토요일 ~ 일요일(17:00),37.5130605,127.10349500000008,서울특별시 송파구 올림픽로 300 (신천동) 롯데월드몰 8층 롯데문화재단,롯데콘서트홀,2036.0,서울,송파구,4,2,3
PF297769,FC001556,FC001556-01,"금호 위너스, 박성민 Bass",서양음악(클래식),2026.12.19,2026.12.19,1시간 30분,90.0,토요일(17:00),37.564089,126.93898089999992,서울특별시 서대문구 연세로 50 (신촌동) 연세대학교 백양누리 B1 금호아트홀 연세,금호아트홀 연세,390.0,서울,서대문구,2,2,2
PF297765,FC000001,FC000001-03,KT와 함께하는 예술의전당 마음을 담은 클래식 (11월),서양음악(클래식),2026.11.27,2026.11.27,2시간,120.0,금요일(11:00),,,,,,,,,3,
PF297763,FC001873,FC001873-03,크리스마스 영화음악 & 캐롤 콘서트 [인천],서양음악(클래식),2026.12.25,2026.12.25,1시간 30분,90.0,금요일(15:30),37.393484099999995,126.6309586,인천광역시 연수구 아트센터대로 222 (송도동),다목적홀,342.0,인천,연수구,2,2,2
PF297759,FC000020,FC000020-01,"SJF at the Theater, Diana Krall",대중음악,2026.11.22,2026.11.22,1시간 15분,75.0,일요일(18:00),,,,,,,,,2,
PF297757,FC000001,FC000001-05,프레디 켐프 피아노 리사이틀,서양음악(클래식),2026.10.11,2026.10.11,2시간,120.0,일요일(14:00),,,,,,,,,3,
PF297753,FC001890,FC001890-01,긴긴밤 [김해],뮤지컬,2026.10.03,2026.10.04,1시간 40분,100.0,"토요일 ~ 일요일(14:00,18:00)",,,,,,,,,2,
PF297746,FC001247,FC001247-01,"이승철 40주년 콘서트, THE VOICE: LEE SEUNG CHU [서울]",대중음악,2026.12.04,2026.12.06,2시간,120.0,"금요일(19:00), 토요일 ~ 일요일(16:00)",,,,,,,,,3,
PF297745,FC000145,FC000145-01,"멜로우TV: Run it up, 팀 나빠 [오산]",뮤지컬,2026.10.03,2026.10.04,1시간 10분,70.0,"토요일(11:00,14:00,16:30), 일요일(11:00,14:00)",37.1597009,127.07653890000006,경기도 오산시 경기동로 41 (오산동),대공연장,800.0,경기,오산시,3,2,2
PF297742,FC000233,FC000233-01,그날들 [광주],뮤지컬,2026.10.10,2026.10.11,2시간 45분,165.0,"토요일(14:00,19:00), 일요일(14:00)",,,,,,,,,3,
PF297739,FC000013,FC000013-02,그날들 [인천],뮤지컬,2026.10.03,2026.10.04,2시간 45분,165.0,"토요일(14:00,19:00), 일요일(14:00)",37.4477666,126.70008329999996,인천광역시 남동구 예술로 149 (구월동),대공연장,1310.0,인천,남동구,4,3,3
PF297726,FC001848,FC001848-01,Two Worlds In One,대중음악,2026.10.09,2026.10.09,1시간 30분,90.0,금요일(17:00),,,,,,,,,2,
PF297721,FC000336,FC000336-01,AI로봇과 함께하는 사이언스 마술쇼 [평택],서커스/마술,2026.10.11,2026.10.11,1시간,60.0,"일요일(11:00,13:00,15:00)",,,,,,,,,2,
PF297717,FC000191,FC000191-02,"국립발레단, 호두까기인형 [대구]",무용(서양/한국무용),2026.12.04,2026.12.05,2시간,120.0,"금요일(19:30), 토요일(14:00)",,,,,,,,,3,
PF297712,FC000382,FC000382-01,잔혹동화 생존기 [대학로],뮤지컬,2026.09.08,2026.11.29,1시간 40분,100.0,"화요일 ~ 목요일(20:00), 금요일(16:00,20:00), 토요일 ~ 일요일(14:00,18:00), HOL(14:00,18:00)",37.5822467,127.00371659999996,서울특별시 종로구 대학로8가길 85 (동숭동),1관,335.0,서울,종로구,2,2,2
PF297704,FC002162,FC002162-01,그날들 [부산],뮤지컬,2026.10.16,2026.10.18,2시간 45분,165.0,"금요일(19:30), 토요일(14:00,19:00), 일요일(14:00)",35.1482786,129.0654385,부산광역시 남구 전포대로 133 (문현동),드림씨어터 [부산] ,1727.0,부산,남구,4,3,3
PF297701,FC004469,FC004469-02,피노키오 [부산 강서],뮤지컬,2026.10.10,2026.10.10,50분,50.0,"토요일(11:00,13:00,15:00)",35.102094,128.903987,부산광역시 강서구 명지국제1로 141 (명지동),앙상블극장,292.0,부산,강서구,1,1,1
PF297697,FC001685,FC001685-01,정글북 [구미],뮤지컬,2026.10.03,2026.10.03,50분,50.0,"토요일(11:00,14:00)",36.0904747,128.45493299999998,경상북도 구미시 인동가산로 392 (구평동) 강동문화복지회관,천생아트홀 (대공연장) ,667.0,경북,구미시,3,1,2
PF297695,FC000323,FC000323-02,신비한 샌드매직쇼: 사라진 모래상자 [대전],서커스/마술,2026.10.31,2026.11.01,1시간,60.0,"토요일 ~ 일요일(13:00,15:00,17:00)",,,,,,,,,2,
PF297693,FC001958,FC001958-01,"서초문화재단 X 르 보야즈 보칼레 앙상블 공동기획, 르 보야즈 보칼레 앙상블과 함께하는 바로크 음악 여행 시리즈 12: 영화를 물들인 바로크 음악",서양음악(클래식),2026.10.16,2026.10.16,2시간,120.0,금요일(19:30),,,,,,,,,3,
PF297688,FC002305,FC002305-01,피터팬 [세종],뮤지컬,2026.10.11,2026.10.11,50분,50.0,"일요일(11:00,14:00,16:00)",36.4922533,127.3032718,세종특별자치시 국책연구원3로 12 (반곡동),다목적공연장,220.0,세종,세종특별자치시,1,1,1
PF297686,FC000183,FC000183-01,"DSAC 시그니처, 후지타 마오 피아노 리사이틀 [대구]",서양음악(클래식),2026.10.02,2026.10.02,1시간 50분,110.0,금요일(19:30),35.84337790000001,128.52284439999994,대구광역시 달서구 문화회관길 160 (장기동),청룡홀,455.0,대구,달서구,2,2,2
PF297684,FC004779,FC004779-02,VL [대학로],연극,2026.09.01,2026.11.29,1시간 30분,90.0,"화요일 ~ 목요일(20:00), 금요일(16:00,20:00), 토요일 ~ 일요일(15:00,18:30), HOL(15:00,18:30)",37.581375,127.003527,서울특별시 종로구 대학로8가길 105 (동숭동),2관,151.0,서울,종로구,1,2,1
PF297677,FC000020,FC000020-03,"제4회 대한민국 국악 관현악 축제, 강원특별자치도립 국악 관현악단",한국음악(국악),2026.10.11,2026.10.11,2시간,120.0,일요일(17:00),,,,,,,,,3,
PF297675,FC004349,FC004349-01,EVERGREY LIVE (에버그레이 내한공연) [서울],대중음악,2026.10.17,2026.10.17,2시간,120.0,토요일(19:00),37.5331993,126.8639849,서울특별시 양천구 등촌로 36 (목동),JS 아트홀 (B1) ,0.0,서울,양천구,,3,
PF297674,FC000020,FC000020-03,"제4회 대한민국 국악 관현악 축제, 평택시립 국악 관현악단",한국음악(국악),2026.10.07,2026.10.07,2시간,120.0,수요일(19:30),,,,,,,,,3,
PF297672,FC001841,FC001841-02,XMF (Xnterstellar Music Festival),대중음악,2026.10.03,2026.10.04,10시간 30분,630.0,토요일 ~ 일요일(11:30),37.4335451,126.45920019999994,인천광역시 중구 영종해안남로321번길 186 (운서동),컬처파크 (야외) ,0.0,인천,영종구,,4,
PF297671,FC000020,FC000020-03,"제4회 대한민국 국악 관현악 축제, 부산시립 국악 관현악단",한국음악(국악),2026.10.15,2026.10.15,2시간,120.0,목요일(19:30),,,,,,,,,3,
PF297657,FC000020,FC000020-03,"제4회 대한민국국악관현악축제, 성남시립국악단",한국음악(국악),2026.10.13,2026.10.13,2시간,120.0,화요일(19:30),,,,,,,,,3,
PF297656,FC000020,FC000020-03,"대한민국국악관혁악축제, 특별공연: 중앙국악관현악단",한국음악(국악),2026.10.10,2026.10.10,2시간,120.0,토요일(17:00),,,,,,,,,3,
PF297655,FC000020,FC000020-03,"제4회 대한민국국악관현악축제, 안산시립국악단",한국음악(국악),2026.10.08,2026.10.08,2시간,120.0,목요일(19:30),,,,,,,,,3,
PF297653,FC000020,FC000020-03,"대한민국국악관현악축제, 진주시립국악관현악단",한국음악(국악),2026.10.09,2026.10.09,2시간,120.0,금요일(17:00),,,,,,,,,3,
PF297652,FC000020,FC000020-03,"제4회 대한민국국악관현악축제, 국립국악원창작악단",한국음악(국악),2026.10.14,2026.10.14,2시간,120.0,수요일(19:30),,,,,,,,,3,
PF297650,FC000297,FC000297-01,히든퍼즐 [대구],연극,2026.09.10,2026.10.25,1시간 20분,80.0,"화요일 ~ 금요일(19:30), 토요일(15:00,18:00), 일요일(14:30,17:30), HOL(15:00,18:00)",35.8734323,128.59548940000002,대구광역시 중구 교동길 15 (화전동),송죽씨어터,260.0,대구,중구,1,2,1
PF297649,FC000020,FC000020-03,"대한민국국악관현악축제, KBS국악관현악단",한국음악(국악),2026.10.06,2026.10.06,2시간,120.0,화요일(19:30),,,,,,,,,3,
PF297628,FC001169,FC001169-01,재패니메이션콘서트: 12월의선물 [대구],서양음악(클래식),2026.12.20,2026.12.20,1시간 30분,90.0,일요일(17:00),35.8797836,128.65196030000004,대구광역시 동구 효동로2길 24 (효목동),아양홀,1100.0,대구,동구,4,2,3
PF297622,FC002997,FC002997-01,빨간 모자와 늑대 [양주],뮤지컬,2026.10.04,2026.10.04,50분,50.0,"일요일(11:00,14:00)",37.7991099,127.0451659,경기도 양주시 평화로 1215(산북동),대강당,389.0,경기,양주시,2,1,1
PF297621,FC000788,FC000788-01,공놀이 클럽의 사계절 체홉: 갈매기,연극,2026.11.29,2026.11.29,2시간,120.0,일요일(16:00),,,,,,,,,3,
PF297613,FC001513,FC001513-01,지브리 & 디즈니 오케스트라 콘서트 (10.04),서양음악(클래식),2026.10.04,2026.10.04,1시간 50분,110.0,일요일(19:30),37.5130605,127.10349500000008,서울특별시 송파구 올림픽로 300 (신천동) 롯데월드몰 8층 롯데문화재단,롯데콘서트홀,2036.0,서울,송파구,4,2,3
PF297611,FC001242,FC001242-01,김장훈 전국투어 콘서트: 원맨쇼 [여수],대중음악,2026.11.14,2026.11.14,2시간,120.0,토요일(18:00),34.7469581,127.72792270000002,전남광주통합특별시 여수시 좌수영로 69 (광무동),대공연장,960.0,전남광주,여수시,3,3,3
PF297603,FC000020,FC000020-03,"대한민국국악관현악축제, 천안시충남국악관현악단",한국음악(국악),2026.10.16,2026.10.16,2시간,120.0,금요일(19:30),,,,,,,,,3,
PF297601,FC001193,FC001193-02,스테이지M 크리스마스 영화음악 & 캐롤 콘서트 [대구 중구],서양음악(클래식),2026.12.19,2026.12.19,1시간 30분,90.0,토요일(15:00),,,,,,,,,2,
PF297598,FC000020,FC000020-03,"대한민국국악관현악축제, 서울시국악관현악단",한국음악(국악),2026.10.17,2026.10.17,2시간,120.0,토요일(17:00),,,,,,,,,3,
PF297594,FC002072,FC002072-01,로프 [대학로],연극,2026.09.18,2026.10.25,1시간 30분,90.0,"월요일(20:00), 수요일(16:00,20:00), 목요일(20:00), 금요일(16:00,20:00), 토요일(15:00,19:00), 일요일(14:00,18:00)",37.5801085,127.0042703,서울특별시 종로구 동숭길 41 (동숭동),업스테이지 (UP Stage) ,153.0,서울,종로구,1,2,1
PF297586,FC000328,FC000328-01,"cero, Contemporary Seoul Cruise",대중음악,2026.10.10,2026.10.10,1시간 30분,90.0,토요일(19:00),37.550925,126.92114200000005,서울특별시 마포구 어울마당로 65 (서교동),KT&G 상상마당 라이브홀 [마포] ,150.0,서울,마포구,1,2,1
PF297573,FC001366,FC001366-04,무명전설 전국투어 콘서트 [대구 (앵콜) ],대중음악,2026.11.21,2026.11.21,2시간,120.0,"토요일(13:00,18:00)",,,,,,,,,3,
PF297551,FC000497,FC000497-02,피노키오 [부산],뮤지컬,2026.10.10,2026.10.11,55분,55.0,"토요일(14:00,16:30), 일요일(11:00,14:00)",35.138781,129.06525499999998,부산광역시 동구 자성로133번길 16 (범일동),소극장,385.0,부산,동구,2,1,1
PF297550,FC001234,FC001234-01,"제3회 심야N연극제, 결혼식 2시간 전 [광주]",연극,2026.10.01,2026.10.05,1시간 30분,90.0,"목요일 ~ 금요일(20:00), 토요일(15:00,18:00), 일요일(16:00), HOL(16:00)",,,,,,,,,2,
PF297547,FC002905,FC002905-01,"하나,둘,셋,김치! [전주]",연극,2026.08.14,2026.10.31,1시간 10분,70.0,"금요일(18:30), 토요일(15:30)",35.818148,127.1042953,전라북도 전주시 완산구 홍산북로 23-9(효자동2가),김영오 아트센터,190.0,전북,전주시,1,2,1
PF297542,FC001131,FC001131-01,음그 콘서트: 함께; 같은 마음으로 부르는 노래,서양음악(클래식),2026.10.09,2026.10.09,1시간 30분,90.0,HOL(19:00),,,,,,,,,2,
PF297538,FC001873,FC001873-02,아트하우스17 [인천],서양음악(클래식),2026.10.11,2026.10.11,1시간 40분,100.0,일요일(15:00),37.393484099999995,126.6309586,인천광역시 연수구 아트센터대로 222 (송도동),콘서트홀,1727.0,인천,연수구,4,2,3
PF297539,FC001246,FC001246-02,오! 럭키 데이! [부산],연극,2026.08.13,2027.01.03,3시간,180.0,"화요일 ~ 금요일(19:00), 토요일 ~ 일요일(14:30,17:00), HOL(14:30,17:00)",35.0983004,129.03232530000002,부산광역시 중구 구덕로34번길 4 (남포동2가),2관,167.0,부산,중구,1,4,2
PF297519,FC003670,FC003670-01,YUURI LIVE [서울],대중음악,2026.12.05,2026.12.06,1시간 30분,90.0,"토요일(18:00), 일요일(17:00)",37.4655301,126.3891177,인천광역시 중구 공항문화로 127 (운서동),아레나,14483.0,인천,영종구,4,2,3
PF297517,FC000292,FC000292-01,뷰티풀라이프 [대구],연극,2026.09.04,2026.11.15,1시간 20분,80.0,"화요일 ~ 금요일(19:30), 토요일(15:00,18:00), 일요일(14:30,17:30), HOL(15:00,18:00)",35.868322,128.59401389999994,대구광역시 중구 중앙대로 394 (남일동),문화예술전용극장CT,270.0,대구,중구,1,2,1
PF297508,FC001406,FC001406-01,신데렐라 [광주],뮤지컬,2026.10.09,2026.10.09,50분,50.0,"금요일(11:00,14:00)",35.2238269,126.8468487,전남광주통합특별시 북구 첨단과기로176번길 27 (오룡동),이벤트홀,300.0,전남광주,북구,2,1,1
PF297497,FC000819,FC000819-01,라푼젤 [고양],뮤지컬,2026.10.31,2026.11.01,1시간,60.0,"토요일 ~ 일요일(11:00,14:00,16:00)",,,,,,,,,2,
PF297489,FC001341,FC001341-01,신데렐라 [춘천],뮤지컬,2026.10.03,2026.10.03,1시간,60.0,"토요일(13:00,15:00)",37.8868706,127.73696949999999,강원도 춘천시 한림대학길 1,한림대학교 일송아트홀,780.0,강원,춘천시,3,2,2
PF297469,FC000666,FC000666-01,공룡 애니멀 쇼 시즌3 [파주],서커스/마술,2026.11.14,2026.11.14,55분,55.0,"토요일(12:00,14:00,16:00)",37.8567239,126.7909181,경기도 파주시 문산읍 통일로 1680,대공연장,463.0,경기,파주시,2,1,1
PF297462,FC004655,FC004655-01,손민수 피아노 리사이틀 [평택],서양음악(클래식),2026.10.25,2026.10.25,2시간 15분,135.0,일요일(15:00),37.039462,127.033968,경기도 평택시 고덕로 310 (고덕동),대공연장,1318.0,경기,평택시,4,3,3
PF297461,FC000127,FC000127-03,미라클라스 콘서트: GLORY [고양],대중음악,2026.10.03,2026.10.03,2시간,120.0,토요일(18:00),,,,,,,,,3,
PF297457,FC003573,FC003573-01,모보 페스티벌 [파주],대중음악,2026.10.10,2026.10.10,12시간,720.0,토요일(12:00),37.7084812,126.6867933,경기도 파주시 회동길 145 (문발동),옥상,0.0,경기,파주시,,4,
PF297438,FC000001,FC000001-06,"유니버설 발레단, 잠자는 숲속의 미녀 [서울]",무용(서양/한국무용),2026.10.02,2026.10.04,2시간 35분,155.0,"금요일(19:30), 토요일(14:00,19:00), 일요일(14:00)",,,,,,,,,3,
PF297400,FC000824,FC000824-01,"이천문화재단 마티네 콘서트: 음미, 바리톤 박상민",서양음악(클래식),2026.09.30,2026.09.30,1시간 10분,70.0,수요일(11:00),37.2711919,127.4343487,경기도 이천시 부악로 40 (중리동),대공연장,1200.0,경기,이천시,4,2,3
PF297399,FC000788,FC000788-01,MAC 모닝 콘서트 #9,서양음악(클래식),2026.11.25,2026.11.25,2시간,120.0,수요일(11:00),,,,,,,,,3,
PF297398,FC000788,FC000788-01,MAC 모닝 콘서트 #8,서양음악(클래식),2026.10.28,2026.10.28,2시간,120.0,수요일(11:00),,,,,,,,,3,
PF297395,FC000788,FC000788-01,MAC 모닝 콘서트 #7,서양음악(클래식),2026.09.30,2026.09.30,2시간,120.0,수요일(11:00),,,,,,,,,3,
PF297394,FC000788,FC000788-01,MAC 모닝 콘서트 #10,서양음악(클래식),2026.12.23,2026.12.23,2시간,120.0,수요일(11:00),,,,,,,,,3,
PF297386,FC000826,FC000826-01,"국립현대무용단, 트리플 빌 [여수]",무용(서양/한국무용),2026.10.14,2026.10.14,1시간 45분,105.0,수요일(19:30),34.7498095,127.66498990000002,전남광주통합특별시 여수시 예울마루로 100 (시전동),대극장,1021.0,전남광주,여수시,4,2,3
PF297380,FC003645,FC003645-01,AKASAKI 1st WORLD TOUR: ONIGIRI [서울],대중음악,2026.11.21,2026.11.21,1시간 30분,90.0,토요일(18:00),,,,,,,,,2,
PF297379,FC001270,FC001270-01,"카즈미 타테이시 트리오 내한공연: 지브리, 재즈를 만나다 [광주]",대중음악,2026.12.19,2026.12.19,1시간 40분,100.0,토요일(17:00),35.1467193,126.92025420000004,전남광주통합특별시 동구 문화전당로 38 (광산동),극장2,512.0,전남광주,동구,3,2,2
PF297371,FC000016,FC000016-02,친정엄마와 2박3일 [성남],연극,2026.10.10,2026.10.11,1시간 50분,110.0,"토요일(14:00,18:00), 일요일(14:00)",,,,,,,,,2,
PF297368,FC000127,FC000127-01,"아람 클래식, 아트하우스 17 내한공연 [고양]",서양음악(클래식),2026.10.10,2026.10.10,1시간 40분,100.0,토요일(17:00),,,,,,,,,2,
PF297367,FC000127,FC000127-01,"아람 클래식, 손열음 피아노 리사이틀 [고양]",서양음악(클래식),2026.10.16,2026.10.16,1시간 30분,90.0,금요일(20:00),,,,,,,,,2,
PF297366,FC000127,FC000127-01,"아람 클래식, 비킹구르 올라프손 피아노 리사이틀 [고양]",서양음악(클래식),2026.10.29,2026.10.29,1시간 20분,80.0,목요일(20:00),,,,,,,,,2,
PF297349,FC004987,FC004987-01,정평구의 하얀 비상 [김제],연극,2026.09.04,2026.10.30,1시간 20분,80.0,금요일(19:30),35.800631,126.879643,전북특별자치도 김제시 향교길 89-3 (교동),향교 [김제],20.0,전북,김제시,1,2,1
PF297337,FC004986,FC004986-01,경기인디뮤직페스티벌 (INMUFE),대중음악,2026.10.17,2026.10.18,11시간 30분,690.0,토요일 ~ 일요일(10:30),37.275978,126.984937,경기도 수원시 권선구 금호로 318 (서둔동),서호잔디광장,0.0,경기,수원시,,4,
PF297333,FC001931,FC001931-01,"남양주문화재단 마티네 콘서트 시리즈, 11시 클래식 수다 with 장일범 [남양주] (10월)",서양음악(클래식),2026.10.21,2026.10.21,1시간 10분,70.0,수요일(11:00),,,,,,,,,2,
PF297330,FC001513,FC001513-01,테오도르 쿠렌치스 & 유토피아 오케스트라 (11.17),서양음악(클래식),2026.11.17,2026.11.17,2시간,120.0,화요일(19:30),37.5130605,127.10349500000008,서울특별시 송파구 올림픽로 300 (신천동) 롯데월드몰 8층 롯데문화재단,롯데콘서트홀,2036.0,서울,송파구,4,3,3
PF297326,FC001513,FC001513-01,테오도르 쿠렌치스 & 유토피아 오케스트라 (11.18),서양음악(클래식),2026.11.18,2026.11.18,2시간,120.0,수요일(19:30),37.5130605,127.10349500000008,서울특별시 송파구 올림픽로 300 (신천동) 롯데월드몰 8층 롯데문화재단,롯데콘서트홀,2036.0,서울,송파구,4,3,3
PF297325,FC001931,FC001931-01,"남양주문화재단 마티네 콘서트 시리즈, 11시 클래식 수다 with 장일범 (11월)",서양음악(클래식),2026.11.18,2026.11.18,1시간 10분,70.0,수요일(11:00),,,,,,,,,2,
PF297323,FC000564,FC000564-02,"부천문화재단 어린이공연, 종이아빠 [부천]",뮤지컬,2026.10.01,2026.10.03,55분,55.0,"목요일 ~ 금요일(09:40,11:10), 토요일(11:00)",,,,,,,,,1,
PF297322,FC000122,FC000122-02,세 개의 숨 [부천],연극,2026.10.15,2026.10.17,1시간 20분,80.0,"목요일(19:30), 금요일(15:00,19:30), 토요일(15:00)",37.4886325,126.7706582,경기도 부천시 원미구 부일로 365 (중동),소공연장,214.0,경기,부천시,1,2,1
PF297311,FC000819,FC000819-2,"집사TV 시즌2, Part.2: 대저택 끝 없는 문 [고양]",뮤지컬,2026.10.17,2026.10.18,1시간 10분,70.0,"토요일(11:00,14:00,16:30), 일요일(11:00,14:00)",,,,,,,,,2,
PF297295,FC001236,FC001236-03,알테르 에고 (Alter Ego (s) ),연극,2026.09.06,2026.11.22,1시간 20분,80.0,"화요일 ~ 금요일(20:00), 토요일 ~ 일요일(15:00,18:00), HOL(15:00,18:00)",37.5827158,127.00324840000007,서울특별시 종로구 대학로12길 21 (동숭동),3관(구. 수현재씨어터),255.0,서울,종로구,1,2,1
PF297289,FC002770,FC002770-01,더: 매직서커스 [서울 성북],서커스/마술,2026.10.31,2026.11.01,1시간,60.0,"토요일 ~ 일요일(11:00,14:00)",,,,,,,,,2,
PF297285,FC000365,FC000365-01,꽁지머리 쇼 [원주],서커스/마술,2026.10.11,2026.10.11,1시간,60.0,"일요일(12:00,14:00)",37.335386199999995,127.94449340000006,강원도 원주시 서원대로 331 (명륜동),원주치악예술관,600.0,강원,원주시,3,2,2
PF297279,FC000323,FC000323-02,오즈의 마법사 [대전],뮤지컬,2026.10.24,2026.10.24,55분,55.0,"토요일(13:00,15:00,17:00)",,,,,,,,,1,
PF297278,FC000939,FC000939-01,AI로봇과 함께하는 사이언스 마술쇼 [전주],서커스/마술,2026.10.17,2026.10.17,1시간,60.0,"토요일(11:00,13:00,15:00)",,,,,,,,,2,
PF297270,FC000071,FC000071-02,광명전통예술플랫폼 Vol.1 락 (樂) & 락 (ROCK) : 전傳하여 통通하다,복합,2026.12.17,2026.12.17,1시간 10분,70.0,목요일(19:30),37.4770159,126.86367769999993,경기도 광명시 시청로 20 (철산동),대공연장,530.0,경기,광명시,3,2,2
PF297267,FC001556,FC001556-01,"설지영 바이올린 독주회: 브람스, 세 개의 시선",서양음악(클래식),2026.10.18,2026.10.18,1시간 45분,105.0,일요일(15:00),37.564089,126.93898089999992,서울특별시 서대문구 연세로 50 (신촌동) 연세대학교 백양누리 B1 금호아트홀 연세,금호아트홀 연세,390.0,서울,서대문구,2,2,2
PF297264,FC000059,FC000059-01,"영등포아트홀 기획공연, 가을밤 낭만발레",무용(서양/한국무용),2026.10.24,2026.10.25,1시간 10분,70.0,토요일 ~ 일요일(16:00),37.526038,126.90008899999998,서울특별시 영등포구 국회대로 596 (당산동3가),영등포아트홀,526.0,서울,영등포구,3,2,2
PF297259,FC000001,FC000001-03,가을밤콘서트,서양음악(클래식),2026.10.13,2026.10.13,2시간,120.0,화요일(19:30),,,,,,,,,3,
PF297256,FC000001,FC000001-01,"국립현대무용단, 트리플 빌",무용(서양/한국무용),2026.10.02,2026.10.04,1시간 50분,110.0,"금요일(19:30), 토요일 ~ 일요일(15:00)",,,,,,,,,2,
PF297210,FC000001,FC000001-03,지브리 발레 FESTA,복합,2026.10.10,2026.10.10,2시간,120.0,토요일(17:00),,,,,,,,,3,
PF297203,FC001167,FC001167-01,브런치클래식 Ⅴ. 낭만 가객 바리톤 최현수 [군포],서양음악(클래식),2026.10.15,2026.10.15,1시간 30분,90.0,목요일(11:00),37.3661695,126.92759120000004,경기도 군포시 고산로 599 (산본동),수리홀,1142.0,경기,군포시,4,2,3
PF297182,FC000491,FC000491-02,AI로봇과 함께하는 사이언스 마술쇼 [목포],서커스/마술,2026.12.13,2026.12.13,1시간,60.0,"일요일(11:00,13:00,15:00)",34.8122752,126.43679280000003,전남광주통합특별시 목포시 부주로 312 (옥암동),소공연장,400.0,전남광주,목포시,2,2,2
PF297178,FC001270,FC001270-01,"ACC 브런치콘서트 플러스: 지나 오와 함께하는 렉처 콘서트, 오페라: 바로크에서 낭만까지 (9월)",서양음악(클래식),2026.09.30,2026.09.30, ,,"수요일(11:00,19:30)",35.1467193,126.92025420000004,전남광주통합특별시 동구 문화전당로 38 (광산동),극장2,512.0,전남광주,동구,3,,
PF297173,FC001167,FC001167-01,브런치클래식 Ⅵ. 가을 그 쓸쓸함에 대하여 [군포],서양음악(클래식),2026.11.12,2026.11.12,1시간 30분,90.0,목요일(11:00),37.3661695,126.92759120000004,경기도 군포시 고산로 599 (산본동),수리홀,1142.0,경기,군포시,4,2,3
PF297166,FC000001,FC000001-03,비킹구르 올라프손 피아노 리사이틀,서양음악(클래식),2026.11.01,2026.11.01,1시간 20분,80.0,일요일(17:00),,,,,,,,,2,
PF297157,FC001240,FC001240-01,카페인 [대학로],뮤지컬,2026.08.20,2026.10.25,1시간 40분,100.0,"화요일 ~ 금요일(19:30), 토요일 ~ 일요일(14:00,18:00), HOL(14:00,18:00)",37.586755,127.0003554,서울특별시 종로구 대학로 144 (혜화동),굿씨어터,320.0,서울,종로구,2,2,2
PF297133,FC003645,FC003645-01,"LET ME KNOW LIVE TOUR, -Re: Still Romance-",대중음악,2026.11.28,2026.11.28,1시간 10분,70.0,토요일(18:00),,,,,,,,,2,
PF297128,FC001716,FC001716-02,"코리안 영 아티스트 시리즈 Ⅵ, 이재리 첼로 리사이틀",서양음악(클래식),2026.11.30,2026.11.30,1시간,60.0,월요일(19:30),37.563177,126.98736039999994,서울특별시 중구 명동길 74 (명동2가) 명동성당,파밀리아 채플,200.0,서울,중구,1,2,1
PF297125,FC001716,FC001716-02,"코리안 영 아티스트 시리즈 Ⅵ, 유성호 피아노 리사이틀",서양음악(클래식),2026.12.14,2026.12.14,1시간,60.0,월요일(19:30),37.563177,126.98736039999994,서울특별시 중구 명동길 74 (명동2가) 명동성당,파밀리아 채플,200.0,서울,중구,1,2,1
PF297112,FC000013,FC000013-01,콧구멍을 후비면 [인천],뮤지컬,2026.10.03,2026.10.04,1시간,60.0,"토요일(11:00,14:00,16:00), 일요일(11:00,14:00)",37.4477666,126.70008329999996,인천광역시 남동구 예술로 149 (구월동),소공연장,486.0,인천,남동구,2,2,2
PF297110,FC000384,FC000384-01,오성주 성가합창곡 연주회,서양음악(클래식),2026.10.16,2026.10.16,1시간 30분,90.0,금요일(19:30),,,,,,,,,2,
PF297108,FC004780,FC004780-01,최민재의 몰입형 마술공연: MODERNISM [창원],서커스/마술,2026.12.11,2026.12.19,1시간,60.0,"금요일(20:00), 토요일 ~ 일요일(19:30,20:00)",35.22484,128.67976,경상남도 창원시 성산구 중앙대로 111 (중앙동),드리운 스튜디오,0.0,경남,창원시,,2,
PF297106,FC001514,FC001514-01,오리지널 과학마술콘서트 시즌1 [전주],서커스/마술,2026.10.24,2026.10.25,1시간 5분,65.0,"토요일 ~ 일요일(11:00,14:00)",35.8291331,127.1378158,전라북도 전주시 덕진구 안덕원로 71 (진북동),공연장,1162.0,전북,전주시,4,2,3
PF297103,FC001716,FC001716-02,"코리안 영 아티스트 시리즈 Ⅵ, 전채안 바이올린 리사이틀",서양음악(클래식),2026.10.19,2026.10.19,1시간,60.0,월요일(19:30),37.563177,126.98736039999994,서울특별시 중구 명동길 74 (명동2가) 명동성당,파밀리아 채플,200.0,서울,중구,1,2,1
PF297098,FC000127,FC000127-03,"윤별발레컴퍼니, 카르멘 [고양]",무용(서양/한국무용),2026.10.10,2026.10.11,1시간 35분,95.0,"토요일(19:00), 일요일(17:00)",,,,,,,,,2,
PF297096,FC002169,FC002169-01,공룡 애니멀 쇼 시즌3 [군산],서커스/마술,2026.12.05,2026.12.05,55분,55.0,"토요일(12:00,14:00,16:00)",35.9645869,126.693096,전라북도 군산시 대학로 330 (나운동),군산어린이공연장,330.0,전북,군산시,2,1,1
PF297089,FC000122,FC000122-01,AI로봇과 함께하는 사이언스 마술쇼 [부천],서커스/마술,2026.10.25,2026.10.25,1시간,60.0,"일요일(11:00,13:00,15:00)",37.4886325,126.7706582,경기도 부천시 원미구 부일로 365 (중동),대공연장,1041.0,경기,부천시,4,2,3
PF297088,FC001608,FC001608-01,WALPURGISNACHT,대중음악,2026.10.25,2026.10.25,2시간 30분,150.0,일요일(18:00),,,,,,,,,3,
PF297086,FC002989,FC002989-01,몬스터 허균,연극,2026.10.08,2026.11.01,1시간 37분,97.0,"화요일 ~ 금요일(19:30), 토요일 ~ 일요일(16:00), HOL(16:00)",,,,,,,,,2,
PF297081,FC000122,FC000122-01,겨울왕국: 겨울이야기 [부천],뮤지컬,2026.10.24,2026.10.24,1시간,60.0,"토요일(11:00,13:00,15:00)",37.4886325,126.7706582,경기도 부천시 원미구 부일로 365 (중동),대공연장,1041.0,경기,부천시,4,2,3
PF297074,FC001793,FC001793-01,"포크 포에버, 사랑과 낭만을 노래하는 포크음악축제 (10.03)",대중음악,2026.10.03,2026.10.03,2시간,120.0,토요일(16:00),37.5620902,126.9380569,서울특별시 서대문구 연세로 50 (신촌동),콘서트홀,829.0,서울,서대문구,3,3,3
PF297072,FC000479,FC000479-01,슈퍼거북 슈퍼토끼 [전주],뮤지컬,2026.11.12,2026.11.14,1시간,60.0,"목요일 ~ 금요일(10:30), 토요일(11:00,14:00)",35.8167967,127.14712510000004,전라북도 전주시 완산구 팔달로 161 (경원동1가),공연장,357.0,전북,전주시,2,2,2
PF297071,FC004296,FC004296-01,베토벤의 생애를 관통하는 세 개의 피아노 협주곡: 위대한 베토벤 [부산],서양음악(클래식),2026.11.29,2026.11.29,2시간 30분,150.0,일요일(16:00),35.1693728,129.0542532,부산광역시 부산진구 동평로 250 (연지동),콘서트홀,2011.0,부산,부산진구,4,3,3
PF297068,FC001296,FC001296-01,재패니메이션 영화음악 콘서트: UNSTOPPABLE [대전],서양음악(클래식),2026.10.31,2026.10.31,2시간,120.0,토요일(17:00),36.3679381,127.3442986,대전광역시 유성구 대학로 99,정심화홀,1817.0,대전,유성구,4,3,3
PF297061,FC001873,FC001873-03,목관앙상블과 함께하는 윈드 뮤지컬 콘서트 [인천],서양음악(클래식),2026.10.24,2026.10.24,1시간 40분,100.0,토요일(15:00),37.393484099999995,126.6309586,인천광역시 연수구 아트센터대로 222 (송도동),다목적홀,342.0,인천,연수구,2,2,2
PF297055,FC000479,FC000479-01,산초와 돈키호테 [전주],연극,2026.10.15,2026.10.17,55분,55.0,"목요일 ~ 금요일(10:30), 토요일(11:00,14:00)",35.8167967,127.14712510000004,전라북도 전주시 완산구 팔달로 161 (경원동1가),공연장,357.0,전북,전주시,2,1,1
PF297051,FC001793,FC001793-01,"포크 포에버, 사랑과 낭만을 노래하는 포크음악축제 (10.04)",대중음악,2026.10.04,2026.10.04,2시간,120.0,일요일(16:00),37.5620902,126.9380569,서울특별시 서대문구 연세로 50 (신촌동),콘서트홀,829.0,서울,서대문구,3,3,3
PF297045,FC000205,FC000205-01,PERSONA LIVE TOUR: Resonance [서울],대중음악,2026.10.03,2026.10.03,2시간,120.0,토요일(19:00),,,,,,,,,3,
PF297041,FC000479,FC000479-01,"전북예술회관 어린이극장, 반딧불아 개똥벌레를 밝혀줘 [전주]",뮤지컬,2026.10.29,2026.10.31,1시간,60.0,"목요일 ~ 금요일(10:30), 토요일(11:00,14:00)",35.8167967,127.14712510000004,전라북도 전주시 완산구 팔달로 161 (경원동1가),공연장,357.0,전북,전주시,2,2,2
PF297040,FC000497,FC000497-01,"최백호 50주년 콘서트: 낭만의 50년, 시간의 흔적을 노래하다 [부산]",대중음악,2026.10.04,2026.10.04,1시간 50분,110.0,일요일(17:00),35.138781,129.06525499999998,부산광역시 동구 자성로133번길 16 (범일동),대극장,1606.0,부산,동구,4,2,3
PF297032,FC001438,FC001438-01,한스 짐머 영화음악 콘서트 [수원],서양음악(클래식),2026.10.04,2026.10.04,2시간,120.0,일요일(17:00),,,,,,,,,3,
PF297031,FC001624,FC001624-01,TOO HOT SHOW (투핫쇼),뮤지컬,2026.08.01,2026.10.25,1시간,60.0,"토요일 ~ 일요일(20:00), HOL(20:00)",37.5521866,126.9223673,서울특별시 마포구 와우산로21길 29 (서교동),K-POP STAGE (구. 윤형빈소극장 [홍대] ) ,147.0,서울,마포구,1,2,1
PF297029,FC001258,FC001258-01,신데렐라 [청주],뮤지컬,2026.10.03,2026.10.03,55분,55.0,"토요일(11:00,14:00,16:00)",36.6374278,127.4694055,충청북도 청주시 서원구 예체로 118-1 (사직동),청주아트홀 (구. 청주시민회관) ,710.0,충북,청주시,3,1,2
PF297028,FC001577,FC001577-01,어린이 마술쇼 [대구],서커스/마술,2026.10.31,2026.10.31,1시간,60.0,"토요일(11:00,14:00,16:00)",35.9276807,128.54356410000003,대구광역시 북구 영송로 15 (태전동),대구보건대 인당아트홀,1139.0,대구,북구,4,2,3
PF297000,FC000403,FC000403-01,슈만 [청주],연극,2026.10.17,2026.10.18,1시간 35분,95.0,"토요일(15:00,19:00), 일요일(14:00,18:00)",36.6420171,127.46975329999998,충청북도 청주시 서원구 흥덕로 69 (사직동),대공연장,1493.0,충북,청주시,4,2,3
PF296985,FC001269,FC001269-01,"해설이 있는 판소리 다섯바탕, 김송의 미산제 수궁가 [전주]",한국음악(국악),2026.10.11,2026.10.11,1시간 30분,90.0,일요일(16:00),35.8275126,127.1304119,전북특별자치도 전주시 덕진구 전주천동로 376 (진북동),우진문화공간,162.0,전북,전주시,1,2,1
PF296962,FC001296,FC001296-01,지브리 & 디즈니 영화음악 오케스트라 콘서트 [대전 (앵콜) ],서양음악(클래식),2026.11.01,2026.11.01,2시간,120.0,일요일(14:00),36.3679381,127.3442986,대전광역시 유성구 대학로 99,정심화홀,1817.0,대전,유성구,4,3,3
PF296961,FC001873,FC001873-03,목관 앙상블과 함께하는 댄싱 클래식 콘서트 [인천],서양음악(클래식),2026.11.22,2026.11.22,1시간 40분,100.0,일요일(15:00),37.393484099999995,126.6309586,인천광역시 연수구 아트센터대로 222 (송도동),다목적홀,342.0,인천,연수구,2,2,2
PF296944,FC003045,FC003045-02,"Creator's Box: 코드세시 & 64ksana, EN: TRANCE",복합,2026.10.23,2026.10.25,1시간 10분,70.0,"금요일(19:30), 토요일 ~ 일요일(15:00)",37.565363,126.8293888,서울특별시 강서구 마곡중앙로 136(마곡동),U+ 스테이지,365.0,서울,강서구,2,2,2
PF296942,FC000020,FC000020-07,"연극열전10, 네이처 오브 포겟팅",연극,2026.09.18,2026.11.29,1시간 15분,75.0,"화요일 ~ 금요일(20:00), 토요일 ~ 일요일(15:00,19:30)",,,,,,,,,2,
PF296933,FC004725,FC004725-01,"화성시 오케스트라 정기연주회, 마스터피스 시리즈 Ⅲ: 가을의 향기 [화성]",서양음악(클래식),2026.10.31,2026.10.31,2시간,120.0,토요일(17:00),37.192637,127.086362,경기도 화성시 노작로 11-1 (오산동),동탄아트홀,1450.0,경기,화성시,4,3,3
PF296930,FC000403,FC000403-01,"집사TV 시즌2, Part.2: 대저택 끝 없는 문 [청주]",뮤지컬,2026.10.10,2026.10.11,1시간 10분,70.0,"토요일(11:00,14:00,16:30), 일요일(11:00,14:00)",36.6420171,127.46975329999998,충청북도 청주시 서원구 흥덕로 69 (사직동),대공연장,1493.0,충북,청주시,4,2,3
PF296900,FC004725,FC004725-01,"화성시 오케스트라 정기연주회, 마스터피스 시리즈 Ⅳ: 동화의 세계",서양음악(클래식),2026.11.27,2026.11.27,2시간,120.0,금요일(19:30),37.192637,127.086362,경기도 화성시 노작로 11-1 (오산동),동탄아트홀,1450.0,경기,화성시,4,3,3
PF296892,FC000001,FC000001-03,빈 필하모닉 내한공연,서양음악(클래식),2026.10.25,2026.10.25,2시간,120.0,일요일(17:00),,,,,,,,,3,
PF296891,FC001513,FC001513-01,지용 피아노 리사이틀,서양음악(클래식),2026.09.29,2026.09.29,1시간 40분,100.0,화요일(20:00),37.5130605,127.10349500000008,서울특별시 송파구 올림픽로 300 (신천동) 롯데월드몰 8층 롯데문화재단,롯데콘서트홀,2036.0,서울,송파구,4,2,3
PF296889,FC001365,FC001365-01,운빨로맨스 [전주],연극,2026.10.02,2026.11.08,1시간 30분,90.0,"수요일 ~ 금요일(19:30), 토요일(14:30,17:00), 일요일(16:00), HOL(16:00)",35.8161628,127.10896359999992,전라북도 전주시 완산구 홍산중앙로 13 (효자동2가),한해랑아트홀,223.0,전북,전주시,1,2,1
PF296887,FC000001,FC000001-05,이원해 첼로 리사이틀,서양음악(클래식),2026.10.18,2026.10.18,1시간 30분,90.0,일요일(14:00),,,,,,,,,2,
PF296879,FC000028,FC000028-02,"카즈미 타테이시 트리오 내한공연: 크리스마스, 재즈를 만나다 [서울 강동]",대중음악,2026.12.24,2026.12.24,1시간 40분,100.0,목요일(19:30),,,,,,,,,2,
PF296858,FC001074,FC001074-01,숲속 100층짜리 집 [부산],뮤지컬,2026.10.03,2026.10.04,1시간 10분,70.0,"토요일(11:00,14:00,16:30), 일요일(11:00,14:00)",,,,,,,,,2,
PF296844,FC000194,FC000194-01,세종 이도의 꿈,뮤지컬,2026.09.05,2026.11.01,1시간 10분,70.0,"토요일 ~ 일요일(14:00), HOL(14:00)",37.5833005,126.97069980000003,서울특별시 종로구 자하문로 82 (효자동),경복궁아트홀,155.0,서울,종로구,1,2,1
PF296774,FC001943,FC001943-01,씨야 20주년 전국 투어 콘서트: THE FAN [인천],대중음악,2026.10.31,2026.10.31,2시간,120.0,토요일(18:00),37.4347246,126.7335991,인천광역시 남동구 소래로 500 (수산동),인천남동체육관,8828.0,인천,남동구,4,3,3
PF296771,FC000420,FC000420-01,인싸가족 [광주],뮤지컬,2026.10.24,2026.10.25,1시간 5분,65.0,"토요일 ~ 일요일(11:00,14:00,16:30)",35.1570531,126.858156,전남광주통합특별시 서구 내방로 152 (쌍촌동),민주홀,802.0,전남광주,서구,3,2,2
PF296765,FC000877,FC000877-01,"최백호 50주년 콘서트: 낭만의 50년, 시간의 흔적을 노래하다 [창원]",대중음악,2026.12.05,2026.12.05,1시간 50분,110.0,토요일(17:00),35.2258781,128.57720210000002,경상남도 창원시 마산회원구 삼호로 135 (양덕동),대극장,1182.0,경남,창원시,4,2,3
PF296762,FC001414,FC001414-01,바다의 윤슬 [대학로],연극,2026.10.07,2026.10.11,1시간 20분,80.0,"수요일 ~ 목요일(19:00), 금요일(14:00,18:00), 토요일 ~ 일요일(14:00,18:00)",,,,,,,,,2,
PF296759,FC000196,FC000196-01,원더매직의 오리지널 과학마술콘서트 시즌1 [대구],서커스/마술,2026.10.03,2026.10.04,1시간 5분,65.0,"토요일 ~ 일요일(11:00,14:00)",35.8314679,128.57711470000004,대구광역시 남구 앞산순환로 478 (대명동),대덕문화전당,536.0,대구,남구,3,2,2
PF296744,FC001349,FC001349-01,오리지널 과학마술콘서트 시즌1 [강릉],서커스/마술,2026.10.17,2026.10.17,1시간 5분,65.0,"토요일(11:00,14:00,16:30)",37.7708509,128.8714463,강원도 강릉시 죽헌길 7 (지변동),해람홀,1076.0,강원,강릉시,4,2,3
PF296741,FC000216,FC000216-02,유원 [인천],연극,2026.10.22,2026.10.24,1시간 45분,105.0,"목요일 ~ 금요일(10:00), 토요일(15:00)",37.4819229,126.7049151,인천광역시 부평구 아트센터로 166 (십정동),해누리극장,868.0,인천,부평구,3,2,2
PF296739,FC001513,FC001513-01,Phantom Voice 라포엠 in Concert,대중음악,2026.09.30,2026.09.30,2시간,120.0,수요일(19:30),37.5130605,127.10349500000008,서울특별시 송파구 올림픽로 300 (신천동) 롯데월드몰 8층 롯데문화재단,롯데콘서트홀,2036.0,서울,송파구,4,3,3
PF296738,FC000371,FC000371-01,오리지널 과학마술콘서트 시즌1 [춘천],서커스/마술,2026.10.10,2026.10.11,1시간 5분,65.0,"토요일(14:00,16:30), 일요일(11:00,14:00)",,,,,,,,,2,
PF296737,FC000819,FC000819-2,인싸가족 [고양],뮤지컬,2026.10.03,2026.10.04,1시간 5분,65.0,"토요일 ~ 일요일(11:00,14:00,16:30)",,,,,,,,,2,
PF296735,FC000420,FC000420-01,"시크릿쥬쥬: 별의보석, 잃어버린 빛을 찾아서 [광주]",뮤지컬,2026.11.14,2026.11.15,1시간 10분,70.0,"토요일 ~ 일요일(11:00,14:00,16:30)",35.1570531,126.858156,전남광주통합특별시 서구 내방로 152 (쌍촌동),민주홀,802.0,전남광주,서구,3,2,2
PF296729,FC002179,FC002179-01,피터팬 [창원],뮤지컬,2026.09.05,2026.11.01,45분,45.0,"토요일 ~ 일요일(11:00,14:00), HOL(11:00,14:00)",35.2303295,128.6615066,경상남도 창원시 성산구 충혼로72번길 16 (중앙동),다목적강당,160.0,경남,창원시,1,1,1
PF296728,FC000472,FC000472-01,숲속 100층짜리 집 [대전],뮤지컬,2026.10.31,2026.11.01,1시간 10분,70.0,"토요일(11:00,14:00,16:30), 일요일(11:00,14:00)",,,,,,,,,2,
PF296725,FC004349,FC004349-01,ASIA METAL FESTIVAL [서울],대중음악,2026.11.14,2026.11.14,3시간,180.0,토요일(18:00),37.5331993,126.8639849,서울특별시 양천구 등촌로 36 (목동),JS 아트홀 (B1) ,0.0,서울,양천구,,4,
PF296720,FC000095,FC000095-01,"하남문화재단 문화가 있는 날 #6. 안중근, 천국에서의 춤 스페셜 발레 갈라 [하남]",무용(서양/한국무용),2026.09.30,2026.09.30,1시간 10분,70.0,수요일(19:30),37.544736,127.20683669999994,경기도 하남시 신평로 125 (덕풍동),검단홀(대극장),911.0,경기,하남시,3,2,2
PF296711,FC001514,FC001514-01,"시크릿쥬쥬: 별의보석, 잃어버린 빛을 찾아서 [전주]",뮤지컬,2026.10.10,2026.10.11,1시간 10분,70.0,"토요일 ~ 일요일(11:00,14:00,16:30)",35.8291331,127.1378158,전라북도 전주시 덕진구 안덕원로 71 (진북동),공연장,1162.0,전북,전주시,4,2,3
PF296708,FC000156,FC000156-01,메탈카드봇W [서울],뮤지컬,2026.10.03,2026.10.11,1시간 15분,75.0,"토요일 ~ 일요일(11:00,14:00,17:00), HOL(11:00,14:00,17:00)",37.5465004,127.07880590000002,서울특별시 광진구 광나루로 441 (능동),티켓링크 1975 씨어터(구.무지개극장),1010.0,서울,광진구,4,2,3
PF296698,FC001223,FC001223-01,수상한 룸메이트 (원작 비누향기),연극,2026.08.01,2026.10.31,1시간 50분,110.0,"월요일 ~ 금요일(16:00), 토요일 ~ 일요일(15:30,18:00), HOL(15:30,18:00)",37.5838644,127.00056100000006,서울특별시 종로구 창경궁로 258 - 9,서연아트홀 (구. 인아소극장) ,150.0,서울,종로구,1,2,1
PF296688,FC000447,FC000447-01,김장훈 전국투어 콘서트: 원맨쇼 [군산],대중음악,2026.10.11,2026.10.11,2시간,120.0,일요일(18:00),,,,,,,,,3,
PF296685,FC000371,FC000371-01,까만 인절미 [춘천],한국음악(국악),2026.09.29,2026.09.30,1시간 35분,95.0,화요일 ~ 수요일(19:30),,,,,,,,,2,
PF296680,FC003664,FC003664-01,김수인: 현을 타다 [수원],한국음악(국악),2026.10.17,2026.10.17,1시간 10분,70.0,토요일(16:00),37.2810212,127.0162158,경기도 수원시 팔달구 정조로 817 (팔달로1가),정조테마공연장,258.0,경기,수원시,1,2,1
PF296675,FC001271,FC001271-01,잉글리시 체임버 오케스트라 with 한수진 [통영],서양음악(클래식),2026.10.24,2026.10.24,1시간 40분,100.0,토요일(15:00),34.8261089,128.43976640000005,경상남도 통영시 큰발개1길 38 (도남동),콘서트홀,1309.0,경남,통영시,4,2,3
PF296672,FC000216,FC000216-02,이희문 프로젝트: 오방신과 [인천],한국음악(국악),2026.11.13,2026.11.13,1시간 10분,70.0,금요일(19:30),37.4819229,126.7049151,인천광역시 부평구 아트센터로 166 (십정동),해누리극장,868.0,인천,부평구,3,2,2
PF296670,FC001107,FC001107-01,콧구멍을 후비면 [서울 양천],뮤지컬,2026.10.03,2026.11.01,55분,55.0,"토요일(11:00,13:00,15:00), 일요일(11:00,14:00), HOL(11:00,13:00,15:00)",37.5269334,126.87138789999995,서울특별시 양천구 목동동로 233 (목동) 한국방송회관,한국방송회관 코바코홀 (구. 브로드홀),290.0,서울,양천구,1,1,1
PF296669,FC001271,FC001271-01,강릉시립교향악단 with 한재민 [통영],서양음악(클래식),2026.11.28,2026.11.28,1시간 40분,100.0,토요일(15:00),34.8261089,128.43976640000005,경상남도 통영시 큰발개1길 38 (도남동),콘서트홀,1309.0,경남,통영시,4,2,3
PF296668,FC000076,FC000076-02,"장한나의 대전그랜드 페스티벌, 김계희 바이올린 리사이틀: Joy of Virtuosity",서양음악(클래식),2026.10.09,2026.10.09,1시간 15분,75.0,금요일(14:00),,,,,,,,,2,
PF296665,FC000031,FC000031-02,ano LIVE [서울],대중음악,2026.10.17,2026.10.18,1시간 30분,90.0,토요일 ~ 일요일(18:00),37.5408717,127.00244010000006,서울특별시 용산구 이태원로 294 (한남동),우리WON뱅킹홀(구. SOL트래블홀) ,1373.0,서울,용산구,4,2,3
PF296664,FC000076,FC000076-02,"장한나의 대전 그랜드 페스티벌, 율리우스 아살 피아노 리사이틀: Joy of Discovery",서양음악(클래식),2026.10.05,2026.10.05,1시간 40분,100.0,월요일(17:00),,,,,,,,,2,
PF296663,FC000076,FC000076-01,"장한나의 대전그랜드페스티벌, 킹스 싱어즈 콘서트: Joy of Singing",서양음악(클래식),2026.10.07,2026.10.07,1시간 40분,100.0,수요일(19:30),,,,,,,,,2,
PF296662,FC000076,FC000076-02,"장한나의 대전그랜드페스티벌, 즐라토미르 펑 첼로 리사이틀",서양음악(클래식),2026.10.06,2026.10.06,1시간 15분,75.0,화요일(11:00),,,,,,,,,2,
PF296661,FC000216,FC000216-02,호두까기 인형 [인천],무용(서양/한국무용),2026.12.04,2026.12.05,1시간 50분,110.0,"금요일(19:30), 토요일(15:00)",37.4819229,126.7049151,인천광역시 부평구 아트센터로 166 (십정동),해누리극장,868.0,인천,부평구,3,2,2
PF296660,FC000076,FC000076-02,"장한나의 대전그랜드페스티벌, 티네 팅 헬셋 트럼펫 리사이틀: Joy of Ensemble",서양음악(클래식),2026.10.09,2026.10.09,1시간 40분,100.0,HOL(19:00),,,,,,,,,2,
PF296659,FC000001,FC000001-03,기아와 함께하는 파보 예르비 & 에스토니안 페스티벌 오케스트라,서양음악(클래식),2026.10.20,2026.10.20,2시간,120.0,화요일(19:30),,,,,,,,,3,
PF296658,FC003664,FC003664-01,꼬마별이 만든 보물성 [수원],한국음악(국악),2026.11.21,2026.11.21,50분,50.0,토요일(16:00),37.2810212,127.0162158,경기도 수원시 팔달구 정조로 817 (팔달로1가),정조테마공연장,258.0,경기,수원시,1,1,1
PF296657,FC000076,FC000076-02,"장한나의 대전그랜드페스티벌, 박원민 바이올린 리사이틀",서양음악(클래식),2026.10.07,2026.10.07,1시간 15분,75.0,수요일(11:00),,,,,,,,,2,
PF296656,FC000076,FC000076-02,"장한나의 대전그랜드페스티벌, 에스메 콰르텟 리사이틀: Joy of Character",서양음악(클래식),2026.10.06,2026.10.06,1시간 40분,100.0,화요일(19:30),,,,,,,,,2,
PF296652,FC000076,FC000076-01,"장한나의 대전그랜드페스티벌, 클로징 콘서트: Joy of Music",서양음악(클래식),2026.10.10,2026.10.10,2시간 30분,150.0,토요일(17:00),,,,,,,,,3,
PF296623,FC003664,FC003664-01,연희도깨비 [수원],한국음악(국악),2026.11.07,2026.11.07,1시간 10분,70.0,"토요일(11:00,15:00)",37.2810212,127.0162158,경기도 수원시 팔달구 정조로 817 (팔달로1가),정조테마공연장,258.0,경기,수원시,1,2,1
PF296597,FC000926,FC000926-01,체인지 로그인 [수원],연극,2026.09.04,2026.10.18,1시간 30분,90.0,"금요일(19:00), 토요일 ~ 일요일(15:30), HOL(15:30)",37.271128,127.03089,경기도 수원시 팔달구 인계로 123 (인계동),KBS 수원아트홀,190.0,경기,수원시,1,2,1
PF296583,FC000420,FC000420-01,"집사TV 시즌2, Part.2: 대저택 끝 없는 문 [광주]",뮤지컬,2026.10.03,2026.10.04,1시간 10분,70.0,"토요일(11:00,14:00,16:30), 일요일(11:00,14:00)",35.1570531,126.858156,전남광주통합특별시 서구 내방로 152 (쌍촌동),민주홀,802.0,전남광주,서구,3,2,2
PF296557,FC000420,FC000420-01,다이노: 공룡세계에서 살아남기 [광주],뮤지컬,2026.10.17,2026.10.17,1시간,60.0,"토요일(11:00,14:00,16:00)",35.1570531,126.858156,전남광주통합특별시 서구 내방로 152 (쌍촌동),민주홀,802.0,전남광주,서구,3,2,2
PF296530,FC000282,FC000282-01,"제23회 대구국제오페라축제, 투란도트 [대구]",서양음악(클래식),2026.10.09,2026.10.10,1시간 30분,90.0,"금요일(19:30), 토요일(15:00)",35.8530407,128.52949850000005,대구광역시 달서구 용산로 181 (용산동),대공연장,1441.0,대구,달서구,4,2,3
PF296529,FC001271,FC001271-01,"통영국제음악재단 기획공연, 크리스틴 정현 리 & 파비올라 김 듀오 리사이틀 [통영]",서양음악(클래식),2026.12.19,2026.12.19,1시간 40분,100.0,토요일(15:00),34.8261089,128.43976640000005,경상남도 통영시 큰발개1길 38 (도남동),콘서트홀,1309.0,경남,통영시,4,2,3
PF296528,FC000204,FC000204-01,"제23회 대구국제오페라축제, 마술피리 [대구]",서양음악(클래식),2026.10.16,2026.10.17,2시간 25분,145.0,"금요일(19:30), 토요일(15:00)",35.8295426,128.62841500000002,대구광역시 수성구 무학로 180 (지산동),대극장 (대공연장) ,1159.0,대구,수성구,4,3,3
PF296526,FC003664,FC003664-01,라틴 키친 루나의 연말 재즈 콘서트: 크리스마스 멜로디 [수원],대중음악,2026.12.19,2026.12.19,1시간 10분,70.0,토요일(16:00),37.2810212,127.0162158,경기도 수원시 팔달구 정조로 817 (팔달로1가),정조테마공연장,258.0,경기,수원시,1,2,1
PF296524,FC001910,FC001910-06,벤슨 분 내한공연,대중음악,2026.10.26,2026.10.26, ,,월요일(20:00),37.6693071,126.74568449999992,경기도 고양시 일산서구 킨텍스로 217-60 (대화동),제2전시장 10홀,0.0,경기,고양시,,,
PF296523,FC001271,FC001271-01,니콜라이 루간스키 피아노 리사이틀 [통영],서양음악(클래식),2026.12.20,2026.12.20,1시간 40분,100.0,일요일(15:00),34.8261089,128.43976640000005,경상남도 통영시 큰발개1길 38 (도남동),콘서트홀,1309.0,경남,통영시,4,2,3
PF296520,FC000293,FC000293-01,신비한 샌드매직쇼: 사라진 모래상자 [대구],서커스/마술,2026.10.09,2026.10.11,1시간,60.0,"토요일 ~ 일요일(11:00,14:00,16:00), HOL(11:00,14:00,16:00)",35.8559656,128.6063335,대구광역시 중구 명덕로 333 (대봉동) 대백프라자,프라임홀,214.0,대구,중구,1,2,1
PF296517,FC002877,FC002877-05,"국립심포니콘서트오케스트라 심야음악회: 별 헤는 밤, 별 셋 [세종]",서양음악(클래식),2026.11.06,2026.11.06,1시간 10분,70.0,금요일(21:00),36.4866708,127.2673677,세종특별자치시 국립박물관로 21(나성동),시크릿씨어터(3F) ,0.0,세종,세종특별자치시,,2,
PF296385,FC001258,FC001258-01,"타키포오, 몬스터 전쟁의 서막: 더 좀비 [청주]",뮤지컬,2026.10.24,2026.10.25,1시간 10분,70.0,"토요일(11:00,14:00,16:00), 일요일(11:00,14:00)",36.6374278,127.4694055,충청북도 청주시 서원구 예체로 118-1 (사직동),청주아트홀 (구. 청주시민회관) ,710.0,충북,청주시,3,2,2
PF296312,FC001370,FC001370-02,드림하이 시즌3: 리부트,뮤지컬,2026.08.08,2026.10.18,2시간 40분,160.0,"화요일(19:30), 수요일(14:30,19:30), 목요일 ~ 금요일(19:30), 토요일 ~ 일요일(14:00,19:00), HOL(14:00,19:00)",,,,,,,,,3,
PF296293,FC001393,FC001393-01,마피아게임 [대구],연극,2026.09.04,2026.10.25,1시간 30분,90.0,"화요일 ~ 금요일(19:30), 토요일(15:00,18:00), 일요일(14:00,17:00)",35.866951,128.59729459999994,대구광역시 중구 동성로3길 35 (삼덕동1가),여우별아트홀,156.0,대구,중구,1,2,1
PF296284,FC000908,FC000908-01,바다탐험대 옥토넛 시즌4: 숨겨진 보물을 찾아라! [아산],뮤지컬,2026.10.24,2026.10.25,1시간 5분,65.0,"토요일(11:00,14:00,16:30), 일요일(11:00,14:00)",36.7705363,126.99199020000005,충청남도 아산시 남부로 92 (용화동),아산아트홀(아산시평생학습관),509.0,충남,아산시,3,2,2
PF296280,FC000537,FC000537-01,난타 [안동],뮤지컬,2026.11.06,2026.11.06,1시간 30분,90.0,금요일(19:30),36.5595259,128.7256906,경상북도 안동시 축제장길 66 (안흥동),웅부홀,994.0,경북,안동시,3,2,2
PF296279,FC000019,FC000019-01,김경호 전국투어 콘서트: 발라드를 위한 時 [의정부],대중음악,2026.10.04,2026.10.04,2시간,120.0,"일요일(15:00,18:30)",37.7334125,127.03436779999991,경기도 의정부시 의정로 1 (의정부동),대극장,1025.0,경기,의정부시,4,3,3
PF296276,FC000001,FC000001-03,한화생명과 함께하는 예술의전당 11시 콘서트 (10월),서양음악(클래식),2026.10.08,2026.10.08,1시간 40분,100.0,목요일(11:00),,,,,,,,,2,
PF296267,FC000019,FC000019-01,변진섭 전국투어 콘서트: 변천사 시즌 2.5: 시간여행 [의정부],대중음악,2026.10.03,2026.10.03,2시간,120.0,토요일(17:00),37.7334125,127.03436779999991,경기도 의정부시 의정로 1 (의정부동),대극장,1025.0,경기,의정부시,4,3,3
PF296265,FC000419,FC000419-01,옹알스 [대학로],뮤지컬,2026.08.15,2026.10.31,1시간 10분,70.0,"금요일(19:30), 토요일(14:00,16:00), 일요일(14:00)",37.578643,127.00462949999996,서울특별시 종로구 이화장길 78 (동숭동),씨어터조이 (구. 마당세실극장) ,100.0,서울,종로구,1,2,1
PF296263,FC001075,FC001075-01,불편한 편의점2 [부산],연극,2026.09.03,2026.10.31,1시간 30분,90.0,"수요일 ~ 금요일(19:30), 토요일(14:00,17:00), 일요일(14:00)",35.17369,129.12690099999995,부산광역시 해운대구 센텀서로 30 KNN타워,KNN시어터,280.0,부산,해운대구,1,2,1
PF296245,FC001365,FC001365-01,보물찾기 [전주],연극,2026.11.13,2026.12.27,1시간 30분,90.0,"수요일 ~ 금요일(19:30), 토요일(14:30,17:00), 일요일(16:00), HOL(16:00)",35.8161628,127.10896359999992,전라북도 전주시 완산구 홍산중앙로 13 (효자동2가),한해랑아트홀,223.0,전북,전주시,1,2,1
PF296240,FC003150,FC003150-02,"스테이지M 시네마 시리즈, 우리가 사랑한 시네마 뮤직 콘서트 [부천]",서양음악(클래식),2026.11.07,2026.11.07,1시간 30분,90.0,토요일(15:00),,,,,,,,,2,
PF296224,FC001513,FC001513-01,스미노 하야토 피아노 리사이틀,서양음악(클래식),2026.10.29,2026.10.29,2시간,120.0,목요일(19:30),37.5130605,127.10349500000008,서울특별시 송파구 올림픽로 300 (신천동) 롯데월드몰 8층 롯데문화재단,롯데콘서트홀,2036.0,서울,송파구,4,3,3
PF296204,FC004904,FC004904-01,코밈 [고양],뮤지컬,2026.10.03,2026.10.11,1시간 10분,70.0,"화요일(16:00), 목요일(16:00), 토요일 ~ 일요일(11:00,14:00,16:30), HOL(11:00,14:00,16:30)",37.662547,126.756078,경기도 고양시 일산동구 한류월드로 270 (장항동),JTBC 스튜디오일산,0.0,경기,고양시,,2,
PF296199,FC003954,FC003954-01,"Spot the GIG by Wanderloch, Michael Mayo 마이클 마요",대중음악,2026.10.17,2026.10.17,1시간 30분,90.0,토요일(19:00),,,,,,,,,2,
PF296182,FC000001,FC000001-05,아레테 콰르텟 바르톡 현악 사중주 전곡 연주2,서양음악(클래식),2026.10.30,2026.10.30,1시간 40분,100.0,금요일(19:30),,,,,,,,,2,
PF296173,FC000001,FC000001-05,아레테 콰르텟 바르톡 현악사중주 전곡연주1,서양음악(클래식),2026.10.29,2026.10.29,1시간 30분,90.0,목요일(19:30),,,,,,,,,2,
PF296169,FC001258,FC001258-01,바다탐험대 옥토넛 시즌4: 숨겨진 보물을 찾아라! [청주],뮤지컬,2026.10.10,2026.10.11,1시간 5분,65.0,"토요일(11:00,14:00,16:30), 일요일(11:00,14:00)",36.6374278,127.4694055,충청북도 청주시 서원구 예체로 118-1 (사직동),청주아트홀 (구. 청주시민회관) ,710.0,충북,청주시,3,2,2
PF296168,FC000003,FC000003-04,"제26회 SPAF, 화성학 실습",복합,2026.10.09,2026.10.10,1시간 30분,90.0,"금요일(19:00), 토요일(14:00,18:00)",,,,,,,,,2,
PF296165,FC000287,FC000287-01,바다탐험대 옥토넛 시즌4: 숨겨진 보물을 찾아라! [대구],뮤지컬,2026.10.03,2026.10.04,1시간 5분,65.0,"토요일(11:00,14:00,16:30), 일요일(11:00,14:00)",,,,,,,,,2,
PF296163,FC000003,FC000003-01,"SPAF, 문라이트 오키나와",연극,2026.10.23,2026.10.25,2시간 15분,135.0,"금요일(19:30), 토요일 ~ 일요일(15:00)",,,,,,,,,3,
PF296157,FC001074,FC001074-01,"멜로우TV: Run it up, 팀 나빠 [부산]",뮤지컬,2026.10.24,2026.10.25,1시간 10분,70.0,"토요일(11:00,14:00,16:30), 일요일(11:00,14:00)",,,,,,,,,2,
PF296155,FC000477,FC000477-02,프린세스 캐치! 티니핑 [전주],뮤지컬,2026.10.10,2026.10.11,1시간 10분,70.0,"토요일 ~ 일요일(11:00,14:00,16:30)",,,,,,,,,2,
PF296148,FC001877,FC001877-03,소크라테스 패러독스,뮤지컬,2026.09.10,2026.11.29,1시간 20분,80.0,"화요일 ~ 금요일(20:00), 토요일 ~ 일요일(14:00,18:00), HOL(14:00,18:00)",37.583521,127.002139,서울특별시 종로구 동숭길 148 (혜화동),스콘1관,440.0,서울,종로구,2,2,2
PF296139,FC001233,FC001233-03,미드나잇: 액터뮤지션 THE CHOICE [대학로],뮤지컬,2026.08.11,2026.11.29,1시간 40분,100.0,"화요일(20:00), 수요일(16:00,20:00), 목요일 ~ 금요일(20:00), 토요일(15:00,19:00), 일요일(14:00,18:00), HOL(14:00,18:00)",37.5811328,127.00369969999996,서울특별시 종로구 대학로12길 64 (동숭동),3관(소극장),181.0,서울,종로구,1,2,1
PF296133,FC002156,FC002156-01,GHOST 페스티벌 (경기한류 OST 페스티벌) [파주],대중음악,2026.10.09,2026.10.11,27시간,1620.0,"금요일(13:00), 토요일 ~ 일요일(13:00)",37.8917224,126.7447247,경기도 파주시 문산읍 임진각로 148-40,야외공연장,30000.0,경기,파주시,4,4,4
PF296121,FC000118,FC000118-01,"문화의날 렉처콘서트4, 클래식기타리스트 박규희 [화성]",서양음악(클래식),2026.09.30,2026.09.30,1시간 10분,70.0,수요일(19:30),37.2006588,127.07391230000007,경기도 화성시 노작로 134 (반송동),반석아트홀,548.0,경기,화성시,3,2,2
PF296108,FC001337,FC001337-01,프린세스 캐치! 티니핑 [대구 (앵콜) ],뮤지컬,2026.10.03,2026.10.04,1시간 10분,70.0,"토요일 ~ 일요일(11:00,14:00,16:30)",35.8367325,128.754368,경상북도 경산시 대학로 280 (대동),그랜드홀,1889.0,경북,경산시,4,2,3
PF296104,FC001213,FC001213-02,콰이어 오브 맨 [대학로],뮤지컬,2026.09.18,2027.01.03,1시간 40분,100.0,"화요일 ~ 금요일(20:00), 토요일 ~ 일요일(14:00,18:00)",,,,,,,,,2,
PF296088,FC000298,FC000298-02,그녀를 믿지마세요 [대구],연극,2026.09.04,2026.10.18,1시간 30분,90.0,"화요일 ~ 금요일(19:30), 토요일(15:00,18:00), 일요일(14:00,17:00), HOL(14:00,17:00)",35.869416,128.598155,대구광역시 중구 동성로3길 89 (공평동),2관,135.0,대구,중구,1,2,1
PF296045,FC004725,FC004725-01,"HAC Choice, 크리스마스 이브 콘서트: Winter Serenade [화성]",서양음악(클래식),2026.12.24,2026.12.24,1시간 50분,110.0,목요일(19:30),37.192637,127.086362,경기도 화성시 노작로 11-1 (오산동),동탄아트홀,1450.0,경기,화성시,4,2,3
PF296039,FC001910,FC001910-06,칼리드 내한공연 [고양],대중음악,2026.12.05,2026.12.05, ,,토요일(19:00),37.6693071,126.74568449999992,경기도 고양시 일산서구 킨텍스로 217-60 (대화동),제2전시장 10홀,0.0,경기,고양시,,,
PF296018,FC001513,FC001513-01,재패니메이션 영화음악 콘서트: UNSTOPPABLE,서양음악(클래식),2026.11.13,2026.11.13,2시간,120.0,금요일(19:30),37.5130605,127.10349500000008,서울특별시 송파구 올림픽로 300 (신천동) 롯데월드몰 8층 롯데문화재단,롯데콘서트홀,2036.0,서울,송파구,4,3,3
PF296009,FC000332,FC000332-01,빨간모자와 늑대 [평택 북부],뮤지컬,2026.12.26,2026.12.27,1시간,60.0,"토요일 ~ 일요일(11:00,14:00,16:00)",37.0668137,127.06494380000004,경기도 평택시 경기대로 1366 (서정동),대공연장,631.0,경기,평택시,3,2,2
PF296005,FC000469,FC000469-01,"집사TV 시즌2, Part.2: 대저택 끝 없는 문 [전주]",뮤지컬,2026.10.31,2026.11.01,1시간 10분,70.0,"토요일 ~ 일요일(11:00,14:00)",35.84321,127.130056,전북특별자치도 전주시 덕진구 권삼득로 290 (금암동),대공연장,1493.0,전북,전주시,4,2,3
PF296001,FC000003,FC000003-03,"국립국악관현악단, 윈터 콘서트",한국음악(국악),2026.12.11,2026.12.11,1시간 30분,90.0,금요일(19:30),,,,,,,,,2,
PF295991,FC004589,FC004589-01,서울의 별 [대학로],연극,2026.07.31,2026.10.18,1시간 40분,100.0,"화요일(19:30), 수요일(16:00,19:30), 목요일 ~ 금요일(19:30), 토요일(14:00,17:00), 일요일(14:00), HOL(14:00)",37.580965,127.00349,서울특별시 종로구 대학로8가길 111 (동숭동),공연장,184.0,서울,종로구,1,2,1
PF295980,FC000003,FC000003-04,"국립창극단, 오이디푸스",한국음악(국악),2026.11.26,2026.12.05,2시간,120.0,"화요일 ~ 금요일(19:30), 토요일 ~ 일요일(15:00)",,,,,,,,,3,
PF295979,FC000003,FC000003-01,"SPAF: 소아페라, 인스톨레이션",복합,2026.10.09,2026.10.10,45분,45.0,"금요일(17:00), 토요일(17:00)",,,,,,,,,1,
PF295972,FC000003,FC000003-03,국립국악관현악단 관현악시리즈 Ⅱ. 디스커버리,한국음악(국악),2026.11.25,2026.11.25,1시간 20분,80.0,수요일(19:30),,,,,,,,,2,
PF295971,FC000003,FC000003-03,"국립무용단, 더블빌: 시나위",무용(서양/한국무용),2026.10.08,2026.10.11,1시간 40분,100.0,"목요일(19:30), 토요일 ~ 일요일(15:00), HOL(15:00)",,,,,,,,,2,
PF295969,FC002250,FC002250-01,씨야 20주년 전국 투어 콘서트: THE FAN [수원],대중음악,2026.10.17,2026.10.17,2시간,120.0,토요일(18:00),37.2449102,127.0789628,경기도 용인시 기흥구 덕영대로 1732 (서천동),선승관(종합체육관),1834.0,경기,용인시,4,3,3
PF295968,FC000003,FC000003-01,"국립창극단, 창극 작가 프로젝트 시연회",한국음악(국악),2026.11.07,2026.11.08,2시간 15분,135.0,토요일 ~ 일요일(15:00),,,,,,,,,3,
PF295957,FC000003,FC000003-03,"국립 국악 관현악단, 정오의 음악회 (10월)",한국음악(국악),2026.10.15,2026.10.15,1시간 10분,70.0,목요일(11:00),,,,,,,,,2,
PF295952,FC000826,FC000826-01,달 샤베트 [여수],뮤지컬,2026.10.01,2026.10.04,1시간,60.0,"목요일 ~ 금요일(11:00), 토요일 ~ 일요일(11:00,14:00)",34.7498095,127.66498990000002,전남광주통합특별시 여수시 예울마루로 100 (시전동),대극장,1021.0,전남광주,여수시,4,2,3
PF295951,FC000003,FC000003-04,"국립극장, 다정히 세상을 누리면",연극,2026.12.17,2026.12.20,1시간 40분,100.0,"목요일 ~ 금요일(19:30), 토요일 ~ 일요일(15:00)",,,,,,,,,2,
PF295949,FC000003,FC000003-04,"국립창극단, 완창판소리 (11월)",한국음악(국악),2026.11.14,2026.11.14,3시간 30분,210.0,토요일(15:00),,,,,,,,,4,
PF295946,FC000003,FC000003-03,"국립국악관현악단, 정오의 음악회 (11월)",한국음악(국악),2026.11.05,2026.11.05,1시간 10분,70.0,목요일(11:00),,,,,,,,,2,
PF295943,FC000003,FC000003-04,"국립창극단, 송년판소리: 소리정담",한국음악(국악),2026.12.26,2026.12.26,1시간 30분,90.0,토요일(15:00),,,,,,,,,2,
PF295927,FC000003,FC000003-03,"국립심포니콘서트오케스트라, 베토벤 교향곡 9번: 합창 [서울]",서양음악(클래식),2026.12.01,2026.12.01,1시간 20분,80.0,화요일(19:30),,,,,,,,,2,
PF295883,FC000885,FC000885-03,틀려도 괜찮아 [창원],뮤지컬,2026.10.03,2026.10.04,1시간 5분,65.0,"토요일(14:00,16:00), 일요일(11:00,14:00,16:00)",,,,,,,,,2,
PF295882,FC000110,FC000110-02,지브리와 사랑에 빠지다: 지브리 영화음악 콘서트 [경기 광주],서양음악(클래식),2026.10.09,2026.10.09,1시간 30분,90.0,금요일(19:30),,,,,,,,,2,
PF295870,FC000155,FC000155-01,더: 매직서커스 [성남],서커스/마술,2026.10.05,2026.10.24,1시간,60.0,"토요일(11:00,14:00,16:00), HOL(11:00,14:00,16:00)",,,,,,,,,2,
PF295866,FC001514,FC001514-01,피터팬 [전주],뮤지컬,2026.10.18,2026.10.18,1시간,60.0,"일요일(11:00,13:00,15:00)",35.8291331,127.1378158,전라북도 전주시 덕진구 안덕원로 71 (진북동),공연장,1162.0,전북,전주시,4,2,3
PF295863,FC001291,FC001291-01,인터스텔라 필름콘서트 [서울],서양음악(클래식),2026.10.11,2026.10.11,2시간 49분,169.0,일요일(14:00),37.598682,127.052773,서울특별시 동대문구 경희대로 26 (회기동),경희대학교 평화의전당,4500.0,서울,동대문구,4,3,3
PF295832,FC001701,FC001701-01,더 드레서 [진주],연극,2026.11.20,2026.11.21,1시간 40분,100.0,"금요일(19:30), 토요일(15:00)",,,,,,,,,2,
PF295827,FC000885,FC000885-03,"모닝콘서트, 홍대광의 하얀 겨울콘서트: 잘됐으면 좋겠다 [창원] (12월)",대중음악,2026.12.08,2026.12.08,1시간,60.0,화요일(11:00),,,,,,,,,2,
PF295821,FC001792,FC001792-01,티스퀘어 라이브 인 서울: 7년만의 단독 내한공연,대중음악,2026.10.11,2026.10.11,1시간 30분,90.0,일요일(18:00),,,,,,,,,2,
PF295820,FC001701,FC001701-01,"Season G, 다비드 바뱅 & 아드리앙 몽도: 피아노 피아노 (Piano Piano) [진주]",복합,2026.10.23,2026.10.24,1시간,60.0,"금요일(19:30), 토요일(15:00)",,,,,,,,,2,
PF295816,FC001701,FC001701-01,"Season G, Two Guitars: 박규희 x 박주원 [진주]",서양음악(클래식),2026.11.27,2026.11.27,1시간 30분,90.0,금요일(19:30),,,,,,,,,2,
PF295812,FC001792,FC001792-01,T-SQUARE Live in Seoul,대중음악,2026.10.11,2026.10.11,1시간 30분,90.0,일요일(18:00),,,,,,,,,2,
PF295807,FC000885,FC000885-03,"모닝콘서트, 재즈뮤지션 마리아 킴의 재즈콜렉티브 [창원] (11월)",대중음악,2026.11.17,2026.11.17,1시간,60.0,화요일(11:00),,,,,,,,,2,
PF295805,FC000885,FC000885-03,"모닝콘서트, 트리오바스의 실내악 살롱 콘서트 [창원] (10월)",서양음악(클래식),2026.10.13,2026.10.13,1시간,60.0,화요일(11:00),,,,,,,,,2,
PF294102,FC004146,FC004146-01,RT 50: caroline live in seoul,대중음악,2026.09.29,2026.09.29, ,,화요일(20:00),37.5620777,126.9152742,서울특별시 마포구 월드컵북로12안길 3 (성산동),보이드 홀,0.0,서울,마포구,,,
PF290817,FC000497,FC000497-01,"리처드 용재오닐, 선물: Bach Society [부산]",서양음악(클래식),2026.12.19,2026.12.19,1시간 40분,100.0,토요일(17:00),35.138781,129.06525499999998,부산광역시 동구 자성로133번길 16 (범일동),대극장,1606.0,부산,동구,4,2,3
PF290797,FC000098,FC000098-01,Club 설화 [대학로],뮤지컬,2026.05.14,2026.11.29,50분,50.0,"화요일 ~ 목요일(20:00), 금요일(20:00,22:30), 토요일(00:00,19:30,21:30,23:30), 일요일(18:00,20:30), HOL(18:00,20:30)",37.5809629,127.00394989999997,서울특별시 종로구 대학로12길 69 (동숭동),공연장,190.0,서울,종로구,1,1,1
PF290774,FC000497,FC000497-02,"키즈 클래식 콘서트, 라보의 클래식 상자: 모차르트 [부산]",서양음악(클래식),2026.10.30,2026.10.31,1시간,60.0,"금요일(10:30), 토요일(11:00,14:00)",35.138781,129.06525499999998,부산광역시 동구 자성로133번길 16 (범일동),소극장,385.0,부산,동구,2,2,2
PF290745,FC002833,FC002833-01,"청라 브런치 콘서트, 이금희와 함께 하는 힐링브런치 콘서트: 늦가을의 영화 OST [인천]",서양음악(클래식),2026.10.21,2026.10.21, ,,수요일(11:00),37.5240132,126.6341822,인천광역시 서구 청라대로 20 (청라동),공연장,480.0,인천,서해구,2,,
PF290652,FC000204,FC000204-02,"수성키즈클래식, 리듬으로 만나는 클래식 놀이터 [대구]",서양음악(클래식),2026.11.14,2026.11.14,1시간,60.0,토요일(14:00),35.8295426,128.62841500000002,대구광역시 수성구 무학로 180 (지산동),소극장 (소공연장) ,301.0,대구,수성구,2,2,2
PF290600,FC000204,FC000204-02,"수성키즈클래식, 별이 빛나는 클래식 콘서트 [대구]",서양음악(클래식),2026.12.05,2026.12.05,1시간,60.0,토요일(14:00),35.8295426,128.62841500000002,대구광역시 수성구 무학로 180 (지산동),소극장 (소공연장) ,301.0,대구,수성구,2,2,2
PF290594,FC000204,FC000204-02,"수성키즈클래식, Kids Active Classic 거장에게 배우고, 우리가 완성하는 클래식",서양음악(클래식),2026.10.03,2026.10.03,1시간,60.0,토요일(14:00),35.8295426,128.62841500000002,대구광역시 수성구 무학로 180 (지산동),소극장 (소공연장) ,301.0,대구,수성구,2,2,2
PF290349,FC004605,FC004605-01,모래로 그린 음악동화: 어린왕자 [오산],복합,2026.03.21,2026.11.07,1시간,60.0,"토요일(11:00,14:00)",37.147873,127.067602,경기도 오산시 역광장로83번길 3 (오산동),피아올라홀(2F),0.0,경기,오산시,,2,
PF290296,FC001873,FC001873-03,"인천시립교향악단 기획연주회, 실내악 콘서트 Ⅲ [인천]",서양음악(클래식),2026.12.04,2026.12.04,1시간 10분,70.0,금요일(19:30),37.393484099999995,126.6309586,인천광역시 연수구 아트센터대로 222 (송도동),다목적홀,342.0,인천,연수구,2,2,2
PF290262,FC003577,FC003577-01,"찰리 푸스 내한공연, Charlie Puth: Whatever's Clever! World Tour in Seoul",대중음악,2026.10.11,2026.10.11, ,,일요일(19:00),37.6763871,126.7420729,경기도 고양시 일산서구 중앙로 1601 (대화동),주경기장,43000.0,경기,고양시,4,,
PF290133,FC004860,FC004860-01,인사이드 더 플레이: 군체 [서울 신대방],연극,2026.05.21,2026.09.29,1시간 30분,90.0,"월요일 ~ 화요일(20:30), 목요일 ~ 금요일(20:30), 토요일 ~ 일요일(17:30,20:30), HOL(17:30,20:30)",37.486533,126.905002,"서울특별시 동작구 시흥대로 606 (신대방동, 동작 협성휴포레 시그니처)",신대방관,0.0,서울,동작구,,2,
PF289561,FC003306,FC003306-01,"경기국악원 기획공연 Ⅱ, 국악원활성화, Feel korea: Gugak experience [용인]",한국음악(국악),2026.04.15,2026.11.11,1시간,60.0,수요일(13:20),37.2594001,127.1136197,경기도 용인시 기흥구 민속촌로 89(보라동),국악당,420.0,경기,용인시,2,2,2
PF289509,FC000567,FC000567-02,"꿈의숲 마티네 콘서트, 벨 에포크 아트 & 뮤직시리즈4: 샤갈, 영혼을 물들인 사랑의 색채",서양음악(클래식),2026.11.25,2026.11.25,1시간 30분,90.0,수요일(11:00),37.6214312,127.0406246,서울특별시 강북구 월계로 173 (번동),콘서트홀,301.0,서울,강북구,2,2,2
PF289439,FC000127,FC000127-01,류이치사카모토 트리뷰트 콘서트 [고양],서양음악(클래식),2026.10.31,2026.10.31,2시간,120.0,토요일(18:00),,,,,,,,,3,
PF289294,FC000883,FC000883-04,마트로시카 [서울 중구],연극,2026.05.01,2027.01.03,1시간 50분,110.0,"월요일 ~ 화요일(19:30), 수요일(15:00,19:30), 목요일(19:30), 금요일(15:00,19:30), 토요일 ~ 일요일(14:00,17:30), HOL(14:00,17:30)",37.564429,126.99300100000004,서울특별시 중구 마른내로 47 (초동),라온홀 (3F) ,334.0,서울,중구,2,2,2
PF289272,FC000567,FC000567-02,"꿈의숲 마티네 콘서트, 벨 에포크 아트 & 뮤직시리즈3: 모네, 빛이 머무는 정원",서양음악(클래식),2026.10.28,2026.10.28,1시간 30분,90.0,수요일(11:00),37.6214312,127.0406246,서울특별시 강북구 월계로 173 (번동),콘서트홀,301.0,서울,강북구,2,2,2
PF289265,FC000453,FC000453-02,크리미널 시즌5 [대학로],연극,2026.04.12,2026.10.31,1시간 30분,90.0,"토요일(16:30), 일요일(16:00)",37.5799517,127.00425100000008,서울특별시 종로구 동숭길 39 (동숭동),2관 (지하2층) ,120.0,서울,종로구,1,2,1
PF289260,FC001556,FC001556-01,"아름다운 목요일 금호아트홀, 인터내셔널 마스터즈: 모차르트 플러스 I. 폴 루이스 Piano (10.21)",서양음악(클래식),2026.10.21,2026.10.21,1시간 40분,100.0,수요일(19:30),37.564089,126.93898089999992,서울특별시 서대문구 연세로 50 (신촌동) 연세대학교 백양누리 B1 금호아트홀 연세,금호아트홀 연세,390.0,서울,서대문구,2,2,2
PF289135,FC001873,FC001873-02,바딤 콜로덴코 피아노 리사이틀 [인천],서양음악(클래식),2026.11.07,2026.11.07,1시간 40분,100.0,토요일(17:00),37.393484099999995,126.6309586,인천광역시 연수구 아트센터대로 222 (송도동),콘서트홀,1727.0,인천,연수구,4,2,3
PF289131,FC000018,FC000018-02,"ASAC 청소년 연극, 유원 [안산]",연극,2026.11.26,2026.11.27,1시간 45분,105.0,"목요일(10:00), 금요일(10:00,19:30)",,,,,,,,,2,
PF289115,FC001873,FC001873-02,"장-기엔 케라스 첼로 리사이틀, 바흐: 무반주 첼로 모음곡 전곡 [인천]",서양음악(클래식),2026.10.04,2026.10.04,2시간 30분,150.0,일요일(15:00),37.393484099999995,126.6309586,인천광역시 연수구 아트센터대로 222 (송도동),콘서트홀,1727.0,인천,연수구,4,3,3
PF288841,FC001873,FC001873-02,탈리스 스콜라스: 시스티나의 영감 [인천],서양음악(클래식),2026.11.15,2026.11.15,1시간 50분,110.0,일요일 ~ 월요일(17:00),37.393484099999995,126.6309586,인천광역시 연수구 아트센터대로 222 (송도동),콘서트홀,1727.0,인천,연수구,4,2,3
PF288814,FC003577,FC003577-01,포스트 말론 내한공연,대중음악,2026.10.02,2026.10.02, ,,금요일(20:00),37.6763871,126.7420729,경기도 고양시 일산서구 중앙로 1601 (대화동),주경기장,43000.0,경기,고양시,4,,
PF288742,FC003224,FC003224-01,사랑해 엄마 [대학로],연극,2026.05.01,2026.09.30,1시간 50분,110.0,"월요일(19:30), 수요일 ~ 목요일(19:30), 금요일(16:00,19:30), 토요일(14:00,17:00), 일요일(14:00), HOL(14:00,17:00)",37.5816067,127.0037204,서울특별시 종로구 대학로10길 26(동숭동),아트하우스,212.0,서울,종로구,1,2,1
PF288633,FC000016,FC000016-02,"크리스마스 발레, 호두까기 인형 [성남]",무용(서양/한국무용),2026.12.25,2026.12.25,2시간,120.0,"금요일(14:00,18:00)",,,,,,,,,3,
PF288377,FC001910,FC001910-04,레이니 내한공연 LANY: soft world tour,대중음악,2026.10.03,2026.10.03, ,,토요일(19:00),37.6693071,126.74568449999992,경기도 고양시 일산서구 킨텍스로 217-60 (대화동),제2전시장 9홀,0.0,경기,고양시,,,
PF288330,FC001415,FC001415-01,제51회 K-뮤직 필하모닉 오케스트라 정기연주회 [대전],서양음악(클래식),2026.11.01,2026.11.01,1시간 30분,90.0,일요일(19:00),,,,,,,,,2,
PF288040,FC001232,FC001232-01,내가 하면 로맨스 [하마씨어터],연극,2026.04.19,2026.09.30,1시간 50분,110.0,"수요일 ~ 금요일(19:00), 토요일 ~ 일요일(15:00,18:00), HOL(15:00,18:00)",37.5822206,127.00276359999998,서울특별시 종로구 대학로10길 15 - 11,하마씨어터(구. 가든씨어터),270.0,서울,종로구,1,2,1
PF287911,FC001217,FC001217-01,"성남아트리움 모닝콘서트, 반도네온 고상지트리오 [성남]",대중음악,2026.09.30,2026.09.30,1시간 10분,70.0,수요일(11:00),37.4448723,127.13890700000002,경기도 성남시 수정구 수정로171번길 10,대극장,645.0,경기,성남시,3,2,2
PF287889,FC003225,FC003225-01,세심굿: 응공이 이야기 [대전],한국음악(국악),2026.04.19,2026.12.19,1시간 30분,90.0,토요일 ~ 일요일(19:00),36.3267236,127.4230361,대전광역시 중구 중앙로112번길 15(대흥동),관용극장,100.0,대전,중구,1,2,1
PF287853,FC000819,FC000819-01,겨울왕국: 겨울이야기 [고양],뮤지컬,2026.12.25,2026.12.26,1시간,60.0,"HOL(11:00,14:00,16:00), 토요일(11:00,14:00,16:00)",,,,,,,,,2,
PF286856,FC003749,FC003749-01,마술집 [인천],서커스/마술,2026.03.27,2026.12.25,1시간 20분,80.0,"금요일(20:00), 일요일(16:00)",37.3856812,126.6432481,인천광역시 연수구 인천타워대로132번길 24 (송도동),2층 공연장,0.0,인천,연수구,,2,
PF286681,FC001873,FC001873-02,"직장인을 위한 퇴근길 콘서트 Ⅳ, 뮤지컬의 밤 [인천]",서양음악(클래식),2026.10.28,2026.10.28,1시간 40분,100.0,수요일(19:30),37.393484099999995,126.6309586,인천광역시 연수구 아트센터대로 222 (송도동),콘서트홀,1727.0,인천,연수구,4,2,3
PF286624,FC001873,FC001873-02,M & M 시리즈 Ⅳ. 시벨리우스 & 박수예 [인천],서양음악(클래식),2026.11.14,2026.11.14,1시간 40분,100.0,토요일(17:00),37.393484099999995,126.6309586,인천광역시 연수구 아트센터대로 222 (송도동),콘서트홀,1727.0,인천,연수구,4,2,3
PF286575,FC000001,FC000001-05,"SAC 월드스타시리즈, 알렉산더 가지예프 피아노 리사이틀",서양음악(클래식),2026.09.30,2026.09.30,1시간 30분,90.0,수요일(19:30),,,,,,,,,2,
PF286501,FC000016,FC000016-02,"프랑스 스트라스부르 국립극장, 라크리마 [성남]",연극,2026.10.02,2026.10.03,2시간 55분,175.0,"금요일(19:30), HOL(14:00)",,,,,,,,,3,
PF286497,FC000806,FC000806-01,김종욱 찾기 [대학로],뮤지컬,2026.03.07,2026.10.31,1시간 40분,100.0,"월요일 ~ 금요일(14:00,17:00,20:00), 토요일 ~ 일요일(13:00,15:10,17:30,19:40), HOL(13:00,15:10,17:30,19:40)",37.5815685,127.00353990000008,서울특별시 종로구 대학로10길 24 (동숭동),틴틴홀,244.0,서울,종로구,1,2,1
PF286469,FC002264,FC002264-01,아리아라리 [정선],뮤지컬,2026.03.31,2026.11.27,1시간 15분,75.0,"월요일 ~ 금요일(14:00), 토요일 ~ 일요일(14:00)",37.3754322,128.6714877,강원도 정선군 정선읍 애산로 51,아리랑홀,612.0,강원,정선군,3,2,2
PF286423,FC000016,FC000016-02,"국립극단, 태풍 [성남]",연극,2026.10.17,2026.10.18,1시간 55분,115.0,토요일 ~ 일요일(15:00),,,,,,,,,2,
PF286305,FC001873,FC001873-03,"ACI 키즈 콘서트, 클랩 그림책 콘서트 Ⅴ. 겨울이 지나고 남는 것은? [인천]",서양음악(클래식),2026.12.12,2026.12.12,50분,50.0,토요일(15:00),37.393484099999995,126.6309586,인천광역시 연수구 아트센터대로 222 (송도동),다목적홀,342.0,인천,연수구,2,1,1
PF286299,FC000175,FC000175-01,"영화의전당 BCC 시네라이브, 11시 영화음악콘서트: 합창으로 듣는 영화음악 [부산] (11월)",서양음악(클래식),2026.11.25,2026.11.25,1시간 10분,70.0,수요일(11:00),,,,,,,,,2,
PF286296,FC000175,FC000175-01,"영화의전당 BCC 시네라이브, 11시 영화음악콘서트: 한국을 대표하는 영화음악작곡가 이명로 [부산] (10월)",서양음악(클래식),2026.10.28,2026.10.28,1시간 10분,70.0,수요일(11:00),,,,,,,,,2,
PF286289,FC001170,FC001170-01,"저녁의음악회, 마스터즈 온 첼로 [김해] (12월)",서양음악(클래식),2026.12.17,2026.12.17, ,,목요일(19:30),,,,,,,,,,
PF286287,FC001170,FC001170-01,"저녁의음악회, 박지윤 바이올린 리사이틀 [김해] (10월)",서양음악(클래식),2026.10.29,2026.10.29, ,,목요일(19:30),,,,,,,,,,
PF286272,FC001873,FC001873-03,"ACI 키즈 콘서트, 클랩 그림책 콘서트 Ⅳ. 정말 으스스할까? [인천]",서양음악(클래식),2026.10.10,2026.10.10,50분,50.0,토요일(15:00),37.393484099999995,126.6309586,인천광역시 연수구 아트센터대로 222 (송도동),다목적홀,342.0,인천,연수구,2,1,1
PF286270,FC001170,FC001170-01,숲속음악대 덩따쿵 [김해],한국음악(국악),2026.10.17,2026.10.17, ,,"토요일(11:00,15:00)",,,,,,,,,,
PF286123,FC004651,FC004651-01,조성현 바흐 플루트 소나타 전곡 리사이틀 [원주],서양음악(클래식),2026.11.04,2026.11.04,1시간 35분,95.0,수요일(19:30),37.381811,127.880927,강원특별자치도 원주시 지정면 신평로 132,플레이리스트,0.0,강원,원주시,,2,
PF286077,FC003306,FC003306-01,"경기시나위오케스트라, 젊은 명인: Young Virtuoso [용인]",한국음악(국악),2026.11.19,2026.11.19,1시간 20분,80.0,목요일(19:30),37.2594001,127.1136197,경기도 용인시 기흥구 민속촌로 89(보라동),국악당,420.0,경기,용인시,2,2,2
PF285965,FC004075,FC004075-01,리턴 [대학로],연극,2026.04.02,2026.12.31,1시간 30분,90.0,목요일(19:30),37.5815327,127.0023365,서울특별시 종로구 대학로 116 (동숭동),시윤아트홀 (B1) ,0.0,서울,종로구,,2,
PF285899,FC003306,FC003306-01,"경기시나위오케스트라 기획공연, Bravo my life: 당신의 삶을 노래하다 [용인]",한국음악(국악),2026.11.06,2026.11.07,1시간 20분,80.0,"금요일(19:30), 토요일(16:00)",37.2594001,127.1136197,경기도 용인시 기흥구 민속촌로 89(보라동),국악당,420.0,경기,용인시,2,2,2
PF285860,FC001298,FC001298-01,"어서 오세요, 휴남동 서점입니다 [대학로]",뮤지컬,2026.03.28,2026.09.30,1시간 40분,100.0,"수요일 ~ 금요일(19:30), 토요일(14:00,17:00), 일요일(14:00)",37.5829439,127.00262709999993,서울특별시 종로구 대학로8가길 52 (동숭동),루미나아트홀 (구. 시온아트홀) ,144.0,서울,종로구,1,2,1
PF285839,FC000372,FC000372-01,불편한 편의점1 [대학로],연극,2026.04.03,2026.10.31,1시간 40분,100.0,"수요일 ~ 금요일(19:30), 토요일(11:00,14:00,17:00), 일요일(11:00,14:00,17:00), HOL(14:00,17:00)",37.5830591,127.00208550000002,서울특별시 종로구 대학로 132 (동숭동),올웨이즈 씨어터(구.아티스탄홀),299.0,서울,종로구,1,2,1
PF285694,FC003839,FC003839-01,마피아게임 [대학로],연극,2026.03.05,2026.10.31,1시간 30분,90.0,"월요일(19:30), 수요일 ~ 금요일(19:30), 토요일(15:30,17:30,19:30), 일요일(15:30,17:30)",37.582294,127.0025606,서울특별시 종로구 대학로8가길 30 (동숭동),아라아트홀,0.0,서울,종로구,,2,
PF285362,FC000415,FC000415-01,"공주, 안동 자매도시 교류음악회: 환희의 송가 [공주]",서양음악(클래식),2026.11.20,2026.11.20,1시간 50분,110.0,금요일(19:30),36.46003280000001,127.11140380000006,충청남도 공주시 고마나루길 5 (웅진동),대공연장,629.0,충남,공주시,3,2,2
PF285349,FC002782,FC002782-01,불편한 편의점2,연극,2026.04.01,2026.10.31,1시간 40분,100.0,"수요일 ~ 금요일(19:30), 토요일(14:00,17:00), 일요일(14:00)",37.5820588,127.0004181,서울특별시 종로구 대학로11길 23 (명륜4가),후암씨어터(콘텐츠룸),100.0,서울,종로구,1,2,1
PF285341,FC000415,FC000415-02,렉처 콘서트 Ⅳ. 미국 음악의 탄생 [공주],대중음악,2026.11.10,2026.11.10,1시간 20분,80.0,화요일(11:00),36.46003280000001,127.11140380000006,충청남도 공주시 고마나루길 5 (웅진동),소공연장,106.0,충남,공주시,1,2,1
PF285290,FC000415,FC000415-01,금난새와 함께하는 마티네 콘서트 Ⅵ: 베버 [공주],서양음악(클래식),2026.10.14,2026.10.14,1시간 10분,70.0,수요일(11:00),36.46003280000001,127.11140380000006,충청남도 공주시 고마나루길 5 (웅진동),대공연장,629.0,충남,공주시,3,2,2
PF285276,FC000415,FC000415-01,"쇼뮤지컬 어게인, 드림하이 [공주]",뮤지컬,2026.11.07,2026.11.07,2시간 40분,160.0,토요일(17:00),36.46003280000001,127.11140380000006,충청남도 공주시 고마나루길 5 (웅진동),대공연장,629.0,충남,공주시,3,3,3
PF285221,FC000016,FC000016-03,성남아트센터 오후의 콘서트: 수요재즈클럽 (11월),대중음악,2026.11.04,2026.11.04,1시간 30분,90.0,수요일(15:00),,,,,,,,,2,
PF285190,FC000016,FC000016-03,성남아트센터 오후의 콘서트: 쇼팽과 폴란드의 선율 (10월),서양음악(클래식),2026.10.07,2026.10.07,1시간 30분,90.0,수요일(15:00),,,,,,,,,2,
PF285128,FC000016,FC000016-03,성남아트센터 오후의 콘서트: Viva Italia! 오페라 갈라 콘서트 (12월),서양음악(클래식),2026.12.02,2026.12.02,1시간 30분,90.0,수요일(15:00),,,,,,,,,2,
PF285072,FC000001,FC000001-06,"국립오페라단 정기공연, 돈 카를로스",서양음악(클래식),2026.12.03,2026.12.06,4시간 20분,260.0,"목요일 ~ 금요일(17:00), 토요일 ~ 일요일(15:00)",,,,,,,,,4,
PF285029,FC000028,FC000028-02,"마티네 콘서트Ⅳ: 김영하 작가의 여행의 이유, 그리고 음악",서양음악(클래식),2026.10.07,2026.10.07,1시간 10분,70.0,수요일(11:00),,,,,,,,,2,
PF285002,FC000001,FC000001-06,국립오페라단 정기공연: 라인의 황금,서양음악(클래식),2026.10.29,2026.11.01,2시간 30분,150.0,"목요일 ~ 금요일(19:30), 토요일 ~ 일요일(15:00)",,,,,,,,,3,
PF284986,FC001383,FC001383-02,"만X만한 연극 시리즈3, 동백당: 빵집의 사람들 [천안]",연극,2026.11.20,2026.11.21,2시간 40분,160.0,"금요일(19:30), 토요일(15:00)",36.7561303,127.2248886,충청남도 천안시 동남구 성남면 종합휴양지로 185,소공연장,443.0,충남,천안시,2,3,2
PF284880,FC004675,FC004675-01,움라우트 뮤직 키즈 클래식 [창원] (13시),서양음악(클래식),2026.02.28,2026.12.19,50분,50.0,토요일(13:00),35.237854,128.583553,경상남도 창원시 마산회원구 합성옛길 142 (합성동),몰입공유연습실,20.0,경남,창원시,1,1,1
PF284842,FC000076,FC000076-01,"대전시립교향악단 마스터즈 시리즈 9, 라흐마니노프 교향곡 제2번 [대전]",서양음악(클래식),2026.11.06,2026.11.06,1시간 40분,100.0,금요일(19:30),,,,,,,,,2,
PF284828,FC000076,FC000076-01,"대전시립교향악단 마스터즈 시리즈 8, 쇼스타코비치 교향곡 제7번: 레닌그라드 [대전]",서양음악(클래식),2026.10.16,2026.10.16,2시간,120.0,금요일(19:30),,,,,,,,,3,
PF284818,FC000076,FC000076-01,"대전시립교향악단 마스터즈 시리즈 10, 송년음악회: 베토벤 교향곡 제9번 합창 [대전]",서양음악(클래식),2026.12.22,2026.12.23,1시간 30분,90.0,화요일 ~ 수요일(19:30),,,,,,,,,2,
PF284175,FC001873,FC001873-02,"ACIx인천시향 공동기획, 조조 클래식 Ⅳ",서양음악(클래식),2026.11.12,2026.11.12,1시간 30분,90.0,목요일(11:00),37.393484099999995,126.6309586,인천광역시 연수구 아트센터대로 222 (송도동),콘서트홀,1727.0,인천,연수구,4,2,3
PF284163,FC001873,FC001873-03,"옥탑재즈 Ⅴ, LUCA MINOR",대중음악,2026.11.06,2026.11.06,1시간 40분,100.0,금요일(19:30),37.393484099999995,126.6309586,인천광역시 연수구 아트센터대로 222 (송도동),다목적홀,342.0,인천,연수구,2,2,2
PF283864,FC000001,FC000001-03,"함신익과 심포니 송 마스터즈 시리즈 Ⅷ, 송년음악회: 합창교향곡",서양음악(클래식),2026.12.29,2026.12.29,1시간 40분,100.0,화요일(19:30),,,,,,,,,2,
PF283843,FC000415,FC000415-01,호두까기 인형 [공주],무용(서양/한국무용),2026.11.13,2026.11.14,1시간 50분,110.0,"금요일(19:30), 토요일 ~ 금요일(15:00)",36.46003280000001,127.11140380000006,충청남도 공주시 고마나루길 5 (웅진동),대공연장,629.0,충남,공주시,3,2,2
PF283834,FC001262,FC001262-01,한영숙류 이철진 춤: 오직 승무,무용(서양/한국무용),2026.01.12,2026.12.28,50분,50.0,월요일(19:30),37.5845012,126.99909430000002,서울특별시 종로구 성균관로 12-3 (명륜2가),성균소극장,100.0,서울,종로구,1,1,1
PF283680,FC001618,FC001618-01,키즈 마티네 콘서트: 빠라빠빰 신나는 브라스 콘서트 [김포] (12월),서양음악(클래식),2026.12.19,2026.12.19,1시간,60.0,토요일(11:00),37.6189366,126.72017299999992,경기도 김포시 돌문로 26 (사우동),김포아트홀,503.0,경기,김포시,3,2,2
PF283669,FC001618,FC001618-01,키즈 마티네 콘서트: 레전드 애니메이션의 세계로 퐁당! [김포] (11월),서양음악(클래식),2026.11.21,2026.11.21,1시간,60.0,토요일(11:00),37.6189366,126.72017299999992,경기도 김포시 돌문로 26 (사우동),김포아트홀,503.0,경기,김포시,3,2,2
PF283647,FC001618,FC001618-01,"키즈 마티네 콘서트, 둥동당 재미있는 국악 대모험 [김포] (10월)",한국음악(국악),2026.10.17,2026.10.17,1시간,60.0,토요일(11:00),37.6189366,126.72017299999992,경기도 김포시 돌문로 26 (사우동),김포아트홀,503.0,경기,김포시,3,2,2
PF283566,FC000016,FC000016-01,엘리자베트 레온스카야 피아노 리사이틀 [성남],서양음악(클래식),2026.10.03,2026.10.03,1시간 10분,70.0,토요일(17:00),,,,,,,,,2,
PF283487,FC001618,FC001618-01,키즈 마티네 콘서트 [김포],복합,2026.02.21,2026.12.19,1시간,60.0,토요일(11:00),37.6189366,126.72017299999992,경기도 김포시 돌문로 26 (사우동),김포아트홀,503.0,경기,김포시,3,2,2
PF283137,FC000009,FC000009-02,다담,한국음악(국악),2026.02.25,2026.11.25,1시간 30분,90.0,수요일(11:00),,,,,,,,,2,
PF283084,FC001513,FC001513-01,"함신익과 심포니 송 마스터즈 시리즈 Ⅶ, 브람스 페스티벌",서양음악(클래식),2026.11.16,2026.11.16,2시간,120.0,월요일(19:30),37.5130605,127.10349500000008,서울특별시 송파구 올림픽로 300 (신천동) 롯데월드몰 8층 롯데문화재단,롯데콘서트홀,2036.0,서울,송파구,4,3,3
PF283070,FC001513,FC001513-01,"함신익과 심포니 송 마스터즈 시리즈 VI, 차이코프스키 스페셜",서양음악(클래식),2026.10.24,2026.10.24,1시간 40분,100.0,토요일(19:30),37.5130605,127.10349500000008,서울특별시 송파구 올림픽로 300 (신천동) 롯데월드몰 8층 롯데문화재단,롯데콘서트홀,2036.0,서울,송파구,4,2,3
PF283006,FC003045,FC003045-01,"이자람 판소리: 눈, 눈, 눈",한국음악(국악),2026.10.23,2026.10.24,1시간 50분,110.0,"금요일(19:30), 토요일(16:00)",37.565363,126.8293888,서울특별시 강서구 마곡중앙로 136(마곡동),LG SIGNATURE 홀,1335.0,서울,강서구,4,2,3
PF282994,FC003416,FC003416-01,한상민의 매직쇼,서커스/마술,2026.02.07,2026.12.27,1시간,60.0,토요일 ~ 일요일(14:00),37.4253008,126.748667,인천광역시 남동구 서창남로 69 (서창동),루시드아트홀,118.0,인천,남동구,1,2,1
PF282986,FC003045,FC003045-01,"우카시 트바르코프스키 연출, 로스코",연극,2026.11.13,2026.11.15,3시간 55분,235.0,"금요일(19:00), 토요일 ~ 일요일(15:00)",37.565363,126.8293888,서울특별시 강서구 마곡중앙로 136(마곡동),LG SIGNATURE 홀,1335.0,서울,강서구,4,4,4
PF282930,FC003045,FC003045-02,다비드 바뱅 & 아드리앙 몽도의 피아노 피아노,복합,2026.10.15,2026.10.17,1시간,60.0,"목요일 ~ 금요일(19:30), 토요일(15:00)",37.565363,126.8293888,서울특별시 강서구 마곡중앙로 136(마곡동),U+ 스테이지,365.0,서울,강서구,2,2,2
PF282357,FC000817,FC000817-01,"삼청각 수요상설공연, 三淸: 삼청",한국음악(국악),2026.02.25,2026.12.30,1시간 10분,70.0,수요일(18:30),37.5971435257866,126.984323541607,서울특별시 성북구 대사관로 3,일화당,150.0,서울,성북구,1,2,1
PF282270,FC002634,FC002634-01,"아티스트 시리즈 4, The Party",서양음악(클래식),2026.12.14,2026.12.14,1시간 20분,80.0,월요일(20:00),37.5805023,127.0032562,서울특별시 종로구 동숭길 3 (동숭동),예술가의 집,110.0,서울,종로구,1,2,1
PF282265,FC001705,FC001705-02,라움 마티네 콘서트,복합,2026.01.27,2026.12.24,1시간,60.0,"화요일(11:30), 목요일(11:30)",37.5081914,127.0395701,서울특별시 강남구 언주로 564 (역삼동) 라움아트센터,체임버홀,384.0,서울,강남구,2,2,2
PF282166,FC000020,FC000020-03,"서울시발레단, 트리플 빌: 올 포 한스 판 마넨",무용(서양/한국무용),2026.11.19,2026.11.22,1시간 20분,80.0,"목요일 ~ 금요일(19:30), 토요일(14:00,18:00), 일요일(14:00)",,,,,,,,,2,
PF282162,FC000020,FC000020-03,"서울시뮤지컬단, 크리스마스 캐럴",뮤지컬,2026.12.02,2026.12.27,1시간 40분,100.0,"화요일 ~ 금요일(19:30), 토요일(15:00,19:00), 일요일(15:00), HOL(15:00,19:00)",,,,,,,,,2,
PF282153,FC000020,FC000020-03,스미레 미용실,연극,2026.09.12,2026.10.03,3시간,180.0,"화요일 ~ 금요일(19:30), 토요일 ~ 일요일(15:00)",,,,,,,,,4,
PF282143,FC000020,FC000020-01,"세종시즌, 정명훈 x KBS교향악단 x 김선욱: 베토벤 + 브람스",서양음악(클래식),2026.10.04,2026.10.04,1시간 40분,100.0,일요일(17:00),,,,,,,,,2,
PF282131,FC000020,FC000020-01,"서울시오페라단, 오페라 갈라",서양음악(클래식),2026.12.12,2026.12.12,1시간 30분,90.0,토요일(17:00),,,,,,,,,2,
PF281962,FC001841,FC001841-02,마이 케미컬 로맨스 내한공연,대중음악,2026.11.07,2026.11.07,1시간 30분,90.0,토요일(19:00),37.4335451,126.45920019999994,인천광역시 중구 영종해안남로321번길 186 (운서동),컬처파크 (야외) ,0.0,인천,영종구,,2,
PF281900,FC004738,FC004738-01,어쩌다 보니 [대학로],연극,2026.01.13,2026.09.30,1시간 40분,100.0,"화요일 ~ 금요일(18:00), 토요일 ~ 일요일(16:10), HOL(16:10)",37.583975,127.000833,서울특별시 종로구 창경궁로34길 24-6 (명륜2가),샤봉디씨어터,95.0,서울,종로구,1,2,1
PF281822,FC001513,FC001513-01,롯콘 마티네: 대니 구의 플레이리스트,서양음악(클래식),2026.03.05,2026.11.05,1시간 20분,80.0,목요일(11:30),37.5130605,127.10349500000008,서울특별시 송파구 올림픽로 300 (신천동) 롯데월드몰 8층 롯데문화재단,롯데콘서트홀,2036.0,서울,송파구,4,2,3
PF281769,FC001513,FC001513-01,오르간 오딧세이,서양음악(클래식),2026.02.25,2026.12.16,1시간 10분,70.0,수요일(11:30),37.5130605,127.10349500000008,서울특별시 송파구 올림픽로 300 (신천동) 롯데월드몰 8층 롯데문화재단,롯데콘서트홀,2036.0,서울,송파구,4,2,3
PF281691,FC001873,FC001873-02,제450회 인천시립교향악단 정기연주회: 인천시향의 말러,서양음악(클래식),2026.12.19,2026.12.19,1시간 30분,90.0,토요일(17:00),37.393484099999995,126.6309586,인천광역시 연수구 아트센터대로 222 (송도동),콘서트홀,1727.0,인천,연수구,4,2,3
PF281690,FC001873,FC001873-02,제449회 인천시립교향악단 정기연주회: 인천시향과 크리스토프 포펜,서양음악(클래식),2026.11.20,2026.11.20,1시간 20분,80.0,금요일(19:30),37.393484099999995,126.6309586,인천광역시 연수구 아트센터대로 222 (송도동),콘서트홀,1727.0,인천,연수구,4,2,3
PF281689,FC001873,FC001873-02,제448회 인천시립교향악단 정기연주회: 인천시향의 브람스,서양음악(클래식),2026.10.23,2026.10.23,1시간 40분,100.0,금요일(19:30),37.393484099999995,126.6309586,인천광역시 연수구 아트센터대로 222 (송도동),콘서트홀,1727.0,인천,연수구,4,2,3
PF281688,FC001873,FC001873-02,제447회 인천시립교향악단 정기연주회: 인천시향의 버르토크,서양음악(클래식),2026.10.02,2026.10.02,1시간 20분,80.0,금요일(19:30),37.393484099999995,126.6309586,인천광역시 연수구 아트센터대로 222 (송도동),콘서트홀,1727.0,인천,연수구,4,2,3
PF281670,FC001873,FC001873-02,"인천시립교향악단 기획연주회, 과정음악회 Ⅲ",서양음악(클래식),2026.10.22,2026.10.22,1시간 10분,70.0,목요일(19:30),37.393484099999995,126.6309586,인천광역시 연수구 아트센터대로 222 (송도동),콘서트홀,1727.0,인천,연수구,4,2,3
PF281481,FC000009,FC000009-02,토요명품,한국음악(국악),2026.01.03,2026.12.26,1시간 20분,80.0,토요일(15:00),,,,,,,,,2,
PF281239,FC000001,FC000001-03,"제268회 국립심포니오케스트라 정기연주회: 멘델스존, 교향곡 3번 스코틀랜드",서양음악(클래식),2026.12.03,2026.12.03,2시간,120.0,목요일(19:30),,,,,,,,,3,
PF281238,FC000001,FC000001-05,"국립심포니오케스트라, 실내악 시리즈 Ⅲ. 국립심포니 6 첼리스트",서양음악(클래식),2026.11.22,2026.11.22,1시간 40분,100.0,일요일(14:00),,,,,,,,,2,
PF280938,FC000001,FC000001-03,제831회 KBS교향악단 정기연주회,서양음악(클래식),2026.10.30,2026.10.30,2시간,120.0,금요일(20:00),,,,,,,,,3,
PF280845,FC003150,FC003150-01,"제180회 부천시립합창단 정기연주회: 헨델, 메시아",서양음악(클래식),2026.12.16,2026.12.16,1시간 40분,100.0,수요일(19:30),,,,,,,,,2,
PF280842,FC003150,FC003150-01,"부천시립예술단 1234 콘서트 Ⅳ, 부천시립합창단 : 오르간과 합창음악",서양음악(클래식),2026.11.19,2026.11.19,1시간 40분,100.0,목요일(12:34),,,,,,,,,2,
PF280816,FC003150,FC003150-01,"제342회 부천필하모닉오케스트라 정기연주회: 베토벤, 합창",서양음악(클래식),2026.12.23,2026.12.23,2시간,120.0,수요일(19:30),,,,,,,,,3,
PF280797,FC003150,FC003150-01,제340회 부천필하모닉오케스트라 정기연주회: Distant Worlds 먼 세계,서양음악(클래식),2026.10.30,2026.10.30,1시간 40분,100.0,금요일(19:30),,,,,,,,,2,
PF280782,FC003150,FC003150-01,"부천시립예술단 1234 콘서트 Ⅲ, 부천필하모닉오케스트라: 가을, 그리고 전설 Autumn, and Legends",서양음악(클래식),2026.10.15,2026.10.15,1시간,60.0,목요일(12:34),,,,,,,,,2,
PF280368,FC001603,FC001603-02,보물찾기 [대학로],연극,2025.11.07,2026.10.31,1시간 40분,100.0,"월요일 ~ 화요일(16:00), 목요일 ~ 금요일(16:00), 토요일(11:30,14:00,16:30), 일요일(11:30,14:00)",37.5825141,127.0030633,서울특별시 종로구 대학로12길 22 (동숭동),2관,155.0,서울,종로구,1,2,1
PF279502,FC001556,FC001556-01,아름다운 목요일 요하네스: 김재영 & 문태국 & 박재홍,서양음악(클래식),2026.11.26,2026.11.26,1시간 40분,100.0,목요일(19:30),37.564089,126.93898089999992,서울특별시 서대문구 연세로 50 (신촌동) 연세대학교 백양누리 B1 금호아트홀 연세,금호아트홀 연세,390.0,서울,서대문구,2,2,2
PF279493,FC001556,FC001556-01,"아름다운 목요일 스페이스, 노부스 콰르텟 String Quartet",서양음악(클래식),2026.10.01,2026.10.01,1시간 40분,100.0,목요일(19:30),37.564089,126.93898089999992,서울특별시 서대문구 연세로 50 (신촌동) 연세대학교 백양누리 B1 금호아트홀 연세,금호아트홀 연세,390.0,서울,서대문구,2,2,2
PF279482,FC001556,FC001556-01,"아름다운 목요일 금호아트홀 상주음악가, 바리톤 김태한: 페르소나 Ⅳ. 고독",서양음악(클래식),2026.10.15,2026.10.15,1시간 40분,100.0,목요일(19:30),37.564089,126.93898089999992,서울특별시 서대문구 연세로 50 (신촌동) 연세대학교 백양누리 B1 금호아트홀 연세,금호아트홀 연세,390.0,서울,서대문구,2,2,2
PF279473,FC001556,FC001556-01,"아름다운 목요일 금호솔로이스츠, 금호솔로이스츠: 선율의 항해 Ⅳ. 러시아, 영혼의 기록",서양음악(클래식),2026.12.17,2026.12.17,1시간 40분,100.0,목요일(19:30),37.564089,126.93898089999992,서울특별시 서대문구 연세로 50 (신촌동) 연세대학교 백양누리 B1 금호아트홀 연세,금호아트홀 연세,390.0,서울,서대문구,2,2,2
PF279455,FC001556,FC001556-01,아름다운 목요일 인터내셔널 마스터즈: 스티븐 허프 Piano,서양음악(클래식),2026.11.19,2026.11.19,1시간 40분,100.0,목요일(19:30),37.564089,126.93898089999992,서울특별시 서대문구 연세로 50 (신촌동) 연세대학교 백양누리 B1 금호아트홀 연세,금호아트홀 연세,390.0,서울,서대문구,2,2,2
PF279451,FC001556,FC001556-01,"아름다운 목요일 인터내셔널 마스터즈, 모차르트 플러스 Ⅱ: 폴 루이스 Piano",서양음악(클래식),2026.10.22,2026.10.22, ,,목요일(19:30),37.564089,126.93898089999992,서울특별시 서대문구 연세로 50 (신촌동) 연세대학교 백양누리 B1 금호아트홀 연세,금호아트홀 연세,390.0,서울,서대문구,2,,
PF279448,FC001556,FC001556-01,"아름다운 목요일 인터내셔널 마스터즈, 모차르트 플러스 Ⅰ: 폴 루이스 Piano",서양음악(클래식),2026.10.21,2026.10.21,1시간 40분,100.0,수요일(19:30),37.564089,126.93898089999992,서울특별시 서대문구 연세로 50 (신촌동) 연세대학교 백양누리 B1 금호아트홀 연세,금호아트홀 연세,390.0,서울,서대문구,2,2,2
PF279438,FC001556,FC001556-01,아름다운 목요일 위대한 작곡가: 프란츠 슈베르트 X 문지영 Piano Ⅰ,서양음악(클래식),2026.11.12,2026.11.12,1시간 40분,100.0,목요일(19:30),37.564089,126.93898089999992,서울특별시 서대문구 연세로 50 (신촌동) 연세대학교 백양누리 B1 금호아트홀 연세,금호아트홀 연세,390.0,서울,서대문구,2,2,2
PF278194,FC003462,FC003462-01,남주를 부탁해,연극,2025.11.15,2026.11.08,1시간 30분,90.0,"일요일(16:00,17:30), HOL(17:00,20:00), 토요일(17:45,19:00)",37.5831766,127.0022799,서울특별시 종로구 동숭길 145 (동숭동),스케치홀 (구.소극장 선물 1관) ,211.0,서울,종로구,1,2,1
PF277462,FC001513,FC001513-01,서울시향 한누 린투의 프로코피예프: 로미오와 줄리엣,서양음악(클래식),2026.11.19,2026.11.20,1시간 30분,90.0,목요일 ~ 금요일(19:30),37.5130605,127.10349500000008,서울특별시 송파구 올림픽로 300 (신천동) 롯데월드몰 8층 롯데문화재단,롯데콘서트홀,2036.0,서울,송파구,4,2,3
PF277460,FC000001,FC000001-03,서울시향 얍 판 츠베덴의 모차르트 주피터②,서양음악(클래식),2026.10.16,2026.10.16,1시간 40분,100.0,금요일(19:30),,,,,,,,,2,
PF277435,FC000001,FC000001-03,서울시향 얍 판 츠베덴의 모차르트: 레퀴엠 ②,서양음악(클래식),2026.10.24,2026.10.24,1시간 25분,85.0,토요일(17:00),,,,,,,,,2,
PF277411,FC000001,FC000001-03,서울시향 얍 판 츠베덴의 모차르트 주피터①,서양음악(클래식),2026.10.15,2026.10.15,1시간 40분,100.0,목요일(19:30),,,,,,,,,2,
PF277338,FC001513,FC001513-01,서울시향 얍 판 츠베덴의 모차르트: 레퀴엠 ①,서양음악(클래식),2026.10.23,2026.10.23,1시간 25분,85.0,금요일(19:30),37.5130605,127.10349500000008,서울특별시 송파구 올림픽로 300 (신천동) 롯데월드몰 8층 롯데문화재단,롯데콘서트홀,2036.0,서울,송파구,4,2,3
PF277103,FC004253,FC004253-01,토들러 콘서트 [하우스오브베르],서양음악(클래식),2025.02.15,2026.10.24,50분,50.0,"토요일(11:00), 일요일(16:00)",35.1440982,129.110081,부산광역시 수영구 광남로 14 (남천동) 301호,공연장,0.0,부산,수영구,,1,
PF276681,FC000794,FC000794-02,아빠와 딸 [대학로],연극,2025.11.09,2026.10.31,1시간 20분,80.0,"화요일(19:30), 수요일(15:00,17:00), 목요일(19:30), 일요일(17:00)",37.5819127,127.00396899999998,서울특별시 종로구 대학로12길 49 (동숭동),2관,102.0,서울,종로구,1,2,1
PF276055,FC003274,FC003274-01,헝키쇼 (HUNKY SHOW),뮤지컬,2025.04.25,2026.10.31,1시간 30분,90.0,"수요일 ~ 금요일(20:00), 토요일(15:00,19:00), 일요일(15:00), HOL(15:00,19:00)",37.5827347,127.002845,서울특별시 종로구 대학로12길 15(동숭동),스타스테이지,204.0,서울,종로구,1,2,1
PF274143,FC002936,FC002936-01,스테이지엠 크리스마스 영화 음악 & 캐롤 콘서트 [대구],서양음악(클래식),2025.12.06,2026.12.25,1시간 20분,80.0,"토요일(14:30,17:00,18:00), 일요일(14:30,17:00), 수요일(18:00,20:00)",35.8552797,128.5892715,대구광역시 남구 중앙대로49길 23(대명동),스테이지 엠 (STAGE M) ,75.0,대구,남구,1,2,1
PF259143,FC003460,FC003460-01,"세계아트쇼, 사천서커스",서커스/마술,2025.01.01,2026.09.30,1시간 10분,70.0,"월요일 ~ 금요일(11:00,14:00,16:00), 토요일 ~ 일요일(11:00,14:00,16:00), HOL(11:00,14:00,16:00)",34.9443346,128.0400005,경상남도 사천시 노을길 146 (실안동),사천세계아트서커스 (사천세계문화컨텐츠) ,480.0,경남,사천시,2,2,2
PF257643,FC004244,FC004244-01,"마하랑 떠나요, 수도SONG 세계여행 [고양]",뮤지컬,2025.02.15,2026.10.31,45분,45.0,"화요일 ~ 금요일(11:00), 토요일(12:00,14:00), HOL(12:00,14:00), 일요일(12:00,13:00,14:00,15:00)",37.5990163,126.8641725,경기도 고양시 덕양구 항공대학로 76 (화전동),투데이아트홀,50.0,경기,고양시,1,1,1
PF257417,FC003990,FC003990-01,코미디 매직쇼 [수원],서커스/마술,2025.01.14,2026.12.29,1시간,60.0,"월요일 ~ 화요일(19:30), 목요일 ~ 금요일(19:30), 일요일(18:30)",37.285251,127.0574549,경기도 수원시 영통구 광교중앙로 124 (하동),매직앤조이 (10F) ,60.0,경기,수원시,1,2,1
PF256370,FC002936,FC002936-01,스테이지 M 신년 음악회: 캔들데이 콘서트 [대구],서양음악(클래식),2025.01.17,2026.12.27,1시간 20분,80.0,"금요일(19:30), 토요일(19:30), 일요일(15:00)",35.8552797,128.5892715,대구광역시 남구 중앙대로49길 23(대명동),스테이지 엠 (STAGE M) ,75.0,대구,남구,1,2,1
PF255313,FC000763,FC000763-01,라이어 1탄 (1관),연극,2025.01.10,2026.09.30,1시간 40분,100.0,"목요일(16:30,19:30), 토요일(13:00,14:30,16:00,17:30,19:00), 일요일(11:00,14:00,15:30,17:00), 화요일(15:00,16:30,18:00,19:30), 수요일(13:30,15:00,16:30,18:00,19:30), 금요일(15:00,16:30,17:00,19:30,20:00)",,,,,,,,,2,
PF254868,FC003462,FC003462-01,급식왕: 급식이 사라졌다,연극,2024.12.14,2026.11.07,1시간,60.0,"수요일(11:00,13:00), 금요일(13:00,15:00), 토요일(11:00,13:00,15:00), HOL(11:00,13:00,15:00)",37.5831766,127.0022799,서울특별시 종로구 동숭길 145 (동숭동),스케치홀 (구.소극장 선물 1관) ,211.0,서울,종로구,1,2,1
PF253944,FC004180,FC004180-01,원테이블 매직,서커스/마술,2024.11.01,2026.10.31,1시간,60.0,"수요일(20:00), 금요일(20:00), HOL(14:00,17:00,20:00), 토요일(14:00,17:00)",,,,,,,,,2,
PF252877,FC003462,FC003462-01,드립소년단 [대학로],연극,2024.11.16,2026.10.04,1시간 30분,90.0,"토요일(14:00,15:00,15:30,16:00,17:00,17:50), 일요일(14:00,15:00,15:30), 금요일(17:00,17:30), 화요일(14:00,19:30), 월요일(16:30), 수요일(14:00,16:30,19:00), 목요일(14:00,16:30), HOL(11:00,13:00,14:00,15:00,15:30,17:00,19:00)",37.5831766,127.0022799,서울특별시 종로구 동숭길 145 (동숭동),스케치홀 (구.소극장 선물 1관) ,211.0,서울,종로구,1,2,1
PF251017,FC004129,FC004129-01,터치 파이브 (TOUCH FIVE),뮤지컬,2024.11.08,2026.09.30,1시간 10분,70.0,"화요일 ~ 금요일(20:00), 토요일(17:00,20:00), 일요일(17:00,19:00,20:00), HOL(17:00,20:00)",,,,,,,,,2,
PF249563,FC001688,FC001688-01,썸데이 [청주],뮤지컬,2024.10.05,2026.12.06,1시간 40분,100.0,"화요일(17:00), 토요일 ~ 일요일(14:00), HOL(14:00,17:00)",36.6246774,127.50130059999992,충청북도 청주시 상당구 단재로 28,소극장 쇠내골,115.0,충북,청주시,1,2,1
PF249529,FC002820,FC002820-01,701호 [대학로],연극,2024.10.09,2026.10.31,1시간 30분,90.0,"월요일(17:00), 수요일 ~ 금요일(17:00), 토요일(13:00,15:00,17:00,19:00), 일요일(14:00,15:00,16:00,17:00,18:00), HOL(12:00,14:00,15:00,16:00,17:00,18:00,20:00)",,,,,,,,,2,
PF248820,FC002936,FC002936-01,우리가 사랑한 한국 영화 OST 콘서트 [대구],서양음악(클래식),2024.11.09,2026.11.22,1시간 10분,70.0,"토요일(19:00), 일요일(17:30)",35.8552797,128.5892715,대구광역시 남구 중앙대로49길 23(대명동),스테이지 엠 (STAGE M) ,75.0,대구,남구,1,2,1
PF247938,FC000883,FC000883-03,점프 JUMP,뮤지컬,2024.10.01,2026.10.31,1시간 20분,80.0,"월요일 ~ 금요일(17:00), 토요일 ~ 일요일(14:00,17:00), HOL(14:00,17:00)",37.564429,126.99300100000004,서울특별시 중구 마른내로 47 (초동),가온홀 (B3F) ,333.0,서울,중구,2,2,2
PF247431,FC004076,FC004076-01,Special GIG [성수],대중음악,2024.08.31,2026.10.31, ,,"토요일(17:00,20:00), 화요일(18:00,21:00), 수요일(18:00,21:00)",,,,,,,,,,
PF247233,FC004076,FC004076-01,The entry to Jazz [서울 성수],대중음악,2024.08.25,2026.10.30,55분,55.0,"화요일(18:00,20:30), 일요일(17:00,17:30,19:30,20:00), HOL(17:00,17:30,19:30,20:00), 수요일 ~ 금요일(18:00,18:30,20:30,21:00), 토요일(17:30,20:00)",,,,,,,,,1,
PF247055,FC003918,FC003918-01,맥주 한잔 하실래요?,연극,2024.08.30,2026.10.03,2시간 30분,150.0,"목요일 ~ 금요일(20:00), 토요일 ~ 일요일(18:00,19:00), HOL(18:00,19:00), 화요일 ~ 수요일(20:00)",,,,,,,,,3,
PF244959,FC004018,FC004018-01,아기돼지삼형제: 늑대숲 또옹돼지 원정대 [대학로],뮤지컬,2024.07.14,2026.10.31,1시간,60.0,"토요일 ~ 일요일(11:20,12:50), HOL(11:20,13:00)",,,,,,,,,2,
PF242666,FC000576,FC000576-01,페인터즈 [서대문전용관],뮤지컬,2024.06.05,2026.10.31,1시간 15분,75.0,"월요일 ~ 금요일(17:00), 토요일 ~ 일요일(17:00), HOL(17:00)",,,,,,,,,2,
PF241439,FC000794,FC000794-02,남사친 여사친,연극,2024.06.01,2026.10.31,1시간 30분,90.0,"목요일 ~ 금요일(17:00,19:30), HOL(14:30,17:00,19:30), 월요일(17:00,19:30), 화요일(14:30,17:00,19:30), 수요일(17:00), 토요일(14:00,14:30,16:15,17:00,18:30,19:30), 일요일(13:00,13:30,14:00,14:30,15:15,16:15,17:00,17:30)",37.5819127,127.00396899999998,서울특별시 종로구 대학로12길 49 (동숭동),2관,102.0,서울,종로구,1,2,1
PF241378,FC000841,FC000841-01,쉬어매드니스 [대학로],연극,2016.04.05,2026.09.30,1시간 50분,110.0,"월요일 ~ 금요일(14:00,17:00,20:00), 토요일(13:00,16:00,19:00), 일요일(13:00,15:00,16:00,18:00,19:00), HOL(13:00,16:00,19:00)",,,,,,,,,2,
PF239850,FC000453,FC000453-03,크리미널 시즌4 [대학로],연극,2024.04.24,2026.10.31,1시간 40분,100.0,"목요일 ~ 금요일(19:30), 토요일(15:00,19:00), 일요일(14:00,19:00), HOL(14:00,15:00,15:20,19:10), 월요일(19:30), 화요일(15:20,19:10,19:30), 수요일(14:00,19:30)",37.5799517,127.00425100000008,서울특별시 종로구 동숭길 39 (동숭동),1관 (지하1층) ,120.0,서울,종로구,1,2,1
PF239645,FC001099,FC001099-01,조각: 사라진 기억,연극,2024.04.22,2026.10.31,1시간 10분,70.0,"월요일 ~ 금요일(14:30,16:00,18:10), 화요일 ~ 수요일(16:20), 토요일(13:30,13:40,14:30,15:00,16:00,16:30,17:10,17:20,17:30), 일요일(13:30,13:40,14:30,15:00,16:00,16:30,17:10,17:20,17:30), HOL(13:30,13:40,14:30,15:00,16:00,16:30,17:10,17:20,17:30)",37.5818195,127.00370980000002,서울특별시 종로구 대학로12길 50 (동숭동),댕로홀,83.0,서울,종로구,1,2,1
PF237479,FC000198,FC000198-04,페인터즈 [경향아트힐],뮤지컬,2024.03.25,2026.10.31,1시간 15분,75.0,"월요일 ~ 금요일(14:00,17:00,20:00), 토요일 ~ 일요일(14:00,17:00,20:00)",,,,,,,,,2,
PF236674,FC003868,FC003868-01,썸데이 [대학로],뮤지컬,2024.03.16,2026.09.30,1시간 40분,100.0,"월요일 ~ 화요일(19:30), 수요일(16:00,19:30), 목요일 ~ 금요일(19:30), 토요일(14:00,16:20), 일요일(14:00,16:20), HOL(14:00,16:20,18:40)",,,,,,,,,2,
PF236460,FC001617,FC001617-01,난타 [제주],뮤지컬,2024.04.01,2026.12.31,1시간 30분,90.0,"월요일(16:30,20:00), 화요일(16:30), 수요일(13:30,16:30,20:00), 목요일(16:30), 금요일(13:30,16:30,20:00), 토요일 ~ 일요일(16:30)",,,,,,,,,2,
PF236349,FC000090,FC000090-01,난타 [홍대],뮤지컬,2024.04.01,2026.12.31,1시간 30분,90.0,"월요일 ~ 금요일(17:00), 토요일(14:00,17:00), 일요일(14:00), HOL(14:00,17:00)",,,,,,,,,2,
PF234521,FC003839,FC003839-01,사춘기메들리 [대학로],연극,2024.02.01,2026.10.31,1시간 30분,90.0,"월요일(14:30,15:00), 화요일(14:30), 수요일(13:00,14:30,15:00), 목요일(15:00), 토요일(13:00,15:30,17:30,18:30), 일요일(13:00,14:00,17:00,17:30), HOL(11:00,13:00,14:00,15:30,17:30)",37.582294,127.0025606,서울특별시 종로구 대학로8가길 30 (동숭동),아라아트홀,0.0,서울,종로구,,2,
PF234123,FC001815,FC001815-01,나의PS파트너 [대학로],연극,2024.02.03,2026.10.31,1시간 30분,90.0,"월요일(16:00,17:00,18:00), 화요일(13:00,15:00,16:00,17:00,18:00,19:00,21:00), 토요일(14:00,16:00,18:00,20:00), 일요일(14:00,16:00,18:00,20:00), HOL(14:00,15:00,16:00,17:00,18:00), 수요일 ~ 금요일(16:00,17:00,18:00)",,,,,,,,,2,
PF230196,FC003640,FC003640-01,"여수월드, 여수서커스",서커스/마술,2023.03.18,2026.10.31,1시간,60.0,"월요일 ~ 화요일(11:00,14:20,16:20), 목요일 ~ 금요일(11:00,14:20,16:20), 토요일 ~ 일요일(11:00,14:20,16:20), HOL(11:00,14:20,16:20)",,,,,,,,,2,
PF229985,FC003682,FC003682-01,천로역정,뮤지컬,2023.12.09,2026.10.31,1시간 40분,100.0,"월요일 ~ 화요일(19:30), 목요일(19:00,19:30), 일요일(17:00), HOL(12:00,13:00,15:00,16:00,17:00,18:00), 토요일(13:00,15:00,16:00,18:00)",37.586808,126.9967585,서울특별시 종로구 성균관로 48-2 (명륜1가),명륜아트홀,119.0,서울,종로구,1,2,1
PF220426,FC000416,FC000416-01,죽여주는 이야기,연극,2023.07.01,2026.11.30,1시간 40분,100.0,"월요일(13:00,14:00,15:10,16:30,17:30,19:30), 화요일 ~ 금요일(13:00,14:00,15:10,16:30,17:00,17:30,19:30), 일요일(13:30,14:00,15:50,16:20,18:00,18:40), HOL(13:00,13:30,14:00,15:10,15:50,16:30,18:00,19:00,19:30), 토요일(12:00,13:00,14:10,15:10,16:30,17:30,19:00,19:40), 월요일 ~ 금요일(14:00,17:00,19:30), 토요일(12:00,14:10,16:30,19:00), 일요일(13:30,15:50,18:00)",,,,,,,,,2,
PF218049,FC002812,FC002812-01,최신혁의 IMAGINE,서커스/마술,2020.06.27,2026.10.31,1시간 10분,70.0,"월요일(15:30), 토요일 ~ 일요일(19:00)",,,,,,,,,2,
PF216967,FC003399,FC003399-01,요리하는 마술사 [부천],서커스/마술,2023.04.22,2026.11.01,1시간 10분,70.0,"토요일 ~ 일요일(11:00,13:00,15:00), HOL(11:00,13:00,15:00)",,,,,,,,,2,
